prod_id,qty,price,discount,member,txn_id,start_txn_time
c4a632,4,13,17,t,54f307,2021-02-13T01:59:43.296Z
5d267b,4,40,17,t,54f307,2021-02-13T01:59:43.296Z
b9a74d,4,17,17,t,54f307,2021-02-13T01:59:43.296Z
2feb6b,2,29,17,t,54f307,2021-02-13T01:59:43.296Z
c4a632,5,13,21,t,26cc98,2021-01-19T01:39:00.345Z
e31d39,2,10,21,t,26cc98,2021-01-19T01:39:00.345Z
72f5d4,3,19,21,t,26cc98,2021-01-19T01:39:00.345Z
2a2353,3,57,21,t,26cc98,2021-01-19T01:39:00.345Z
f084eb,3,36,21,t,26cc98,2021-01-19T01:39:00.345Z
c4a632,1,13,21,f,ef648d,2021-01-27T02:18:17.164Z
e83aa3,5,32,21,f,ef648d,2021-01-27T02:18:17.164Z
d5e9a6,1,23,21,f,ef648d,2021-01-27T02:18:17.164Z
72f5d4,1,19,21,f,ef648d,2021-01-27T02:18:17.164Z
5d267b,3,40,21,f,ef648d,2021-01-27T02:18:17.164Z
f084eb,4,36,21,f,ef648d,2021-01-27T02:18:17.164Z
b9a74d,4,17,21,f,ef648d,2021-01-27T02:18:17.164Z
c4a632,2,13,23,t,fba96f,2021-03-03T00:32:56.054Z
e31d39,5,10,23,t,fba96f,2021-03-03T00:32:56.054Z
9ec847,3,54,23,t,fba96f,2021-03-03T00:32:56.054Z
f084eb,4,36,23,t,fba96f,2021-03-03T00:32:56.054Z
2feb6b,2,29,23,t,fba96f,2021-03-03T00:32:56.054Z
c4a632,5,13,11,t,4e9268,2021-01-23T14:18:54.057Z
e31d39,4,10,11,t,4e9268,2021-01-23T14:18:54.057Z
72f5d4,5,19,11,t,4e9268,2021-01-23T14:18:54.057Z
f084eb,2,36,11,t,4e9268,2021-01-23T14:18:54.057Z
b9a74d,2,17,11,t,4e9268,2021-01-23T14:18:54.057Z
e83aa3,4,32,4,t,9717d4,2021-01-29T07:22:13.267Z
d5e9a6,2,23,4,t,9717d4,2021-01-29T07:22:13.267Z
c8d436,4,10,4,t,9717d4,2021-01-29T07:22:13.267Z
2a2353,1,57,4,t,9717d4,2021-01-29T07:22:13.267Z
f084eb,1,36,4,t,9717d4,2021-01-29T07:22:13.267Z
72f5d4,3,19,14,f,e9a1dd,2021-03-28T20:01:43.132Z
9ec847,3,54,14,f,e9a1dd,2021-03-28T20:01:43.132Z
2a2353,4,57,14,f,e9a1dd,2021-03-28T20:01:43.132Z
f084eb,2,36,14,f,e9a1dd,2021-03-28T20:01:43.132Z
c4a632,3,13,6,f,003ea6,2021-01-20T14:21:00.979Z
e31d39,3,10,6,f,003ea6,2021-01-20T14:21:00.979Z
d5e9a6,3,23,6,f,003ea6,2021-01-20T14:21:00.979Z
9ec847,3,54,6,f,003ea6,2021-01-20T14:21:00.979Z
e31d39,5,10,20,f,5d749c,2021-03-28T22:24:25.804Z
d5e9a6,4,23,20,f,5d749c,2021-03-28T22:24:25.804Z
5d267b,5,40,20,f,5d749c,2021-03-28T22:24:25.804Z
2a2353,4,57,20,f,5d749c,2021-03-28T22:24:25.804Z
f084eb,2,36,20,f,5d749c,2021-03-28T22:24:25.804Z
d5e9a6,5,23,14,f,cf6517,2021-02-21T21:45:33.350Z
72f5d4,1,19,14,f,cf6517,2021-02-21T21:45:33.350Z
5d267b,5,40,14,f,cf6517,2021-02-21T21:45:33.350Z
b9a74d,3,17,14,f,cf6517,2021-02-21T21:45:33.350Z
c4a632,5,13,19,t,48b9d7,2021-02-26T06:49:17.385Z
e83aa3,2,32,19,t,48b9d7,2021-02-26T06:49:17.385Z
e31d39,1,10,19,t,48b9d7,2021-02-26T06:49:17.385Z
d5e9a6,2,23,19,t,48b9d7,2021-02-26T06:49:17.385Z
5d267b,5,40,19,t,48b9d7,2021-02-26T06:49:17.385Z
c8d436,1,10,19,t,48b9d7,2021-02-26T06:49:17.385Z
2a2353,3,57,19,t,48b9d7,2021-02-26T06:49:17.385Z
b9a74d,1,17,19,t,48b9d7,2021-02-26T06:49:17.385Z
2feb6b,5,29,19,t,48b9d7,2021-02-26T06:49:17.385Z
72f5d4,3,19,5,t,47251d,2021-01-27T22:53:10.780Z
5d267b,5,40,5,t,47251d,2021-01-27T22:53:10.780Z
2a2353,5,57,5,t,47251d,2021-01-27T22:53:10.780Z
f084eb,2,36,5,t,47251d,2021-01-27T22:53:10.780Z
e83aa3,4,32,15,f,c75ea6,2021-03-03T04:17:19.852Z
e31d39,5,10,15,f,c75ea6,2021-03-03T04:17:19.852Z
72f5d4,2,19,15,f,c75ea6,2021-03-03T04:17:19.852Z
9ec847,4,54,15,f,c75ea6,2021-03-03T04:17:19.852Z
5d267b,1,40,15,f,c75ea6,2021-03-03T04:17:19.852Z
f084eb,5,36,15,f,c75ea6,2021-03-03T04:17:19.852Z
b9a74d,4,17,15,f,c75ea6,2021-03-03T04:17:19.852Z
2feb6b,5,29,15,f,c75ea6,2021-03-03T04:17:19.852Z
c4a632,1,13,10,t,84a0f1,2021-03-19T23:33:38.275Z
e31d39,4,10,10,t,84a0f1,2021-03-19T23:33:38.275Z
9ec847,5,54,10,t,84a0f1,2021-03-19T23:33:38.275Z
b9a74d,2,17,10,t,84a0f1,2021-03-19T23:33:38.275Z
2feb6b,1,29,10,t,84a0f1,2021-03-19T23:33:38.275Z
c4a632,4,13,9,f,786c60,2021-01-13T08:41:16.454Z
e83aa3,1,32,9,f,786c60,2021-01-13T08:41:16.454Z
e31d39,4,10,9,f,786c60,2021-01-13T08:41:16.454Z
d5e9a6,4,23,9,f,786c60,2021-01-13T08:41:16.454Z
72f5d4,1,19,9,f,786c60,2021-01-13T08:41:16.454Z
9ec847,2,54,9,f,786c60,2021-01-13T08:41:16.454Z
c8d436,5,10,9,f,786c60,2021-01-13T08:41:16.454Z
2a2353,4,57,9,f,786c60,2021-01-13T08:41:16.454Z
f084eb,1,36,9,f,786c60,2021-01-13T08:41:16.454Z
b9a74d,2,17,9,f,786c60,2021-01-13T08:41:16.454Z
c4a632,1,13,13,t,500bf9,2021-03-08T02:41:15.331Z
d5e9a6,1,23,13,t,500bf9,2021-03-08T02:41:15.331Z
9ec847,4,54,13,t,500bf9,2021-03-08T02:41:15.331Z
b9a74d,4,17,13,t,500bf9,2021-03-08T02:41:15.331Z
e83aa3,4,32,24,t,34601,2021-01-12T17:35:37.334Z
e31d39,4,10,24,t,34601,2021-01-12T17:35:37.334Z
9ec847,5,54,24,t,34601,2021-01-12T17:35:37.334Z
f084eb,3,36,24,t,34601,2021-01-12T17:35:37.334Z
b9a74d,3,17,24,t,34601,2021-01-12T17:35:37.334Z
e83aa3,4,32,1,t,a88a5e,2021-02-15T04:56:13.257Z
5d267b,4,40,1,t,a88a5e,2021-02-15T04:56:13.257Z
d5e9a6,3,23,19,f,9a9653,2021-02-08T09:12:50.083Z
c8d436,1,10,19,f,9a9653,2021-02-08T09:12:50.083Z
f084eb,2,36,19,f,9a9653,2021-02-08T09:12:50.083Z
b9a74d,2,17,19,f,9a9653,2021-02-08T09:12:50.083Z
2feb6b,2,29,19,f,9a9653,2021-02-08T09:12:50.083Z
c4a632,5,13,14,f,1edc69,2021-03-28T15:32:43.785Z
e83aa3,5,32,14,f,1edc69,2021-03-28T15:32:43.785Z
72f5d4,3,19,14,f,1edc69,2021-03-28T15:32:43.785Z
9ec847,5,54,14,f,1edc69,2021-03-28T15:32:43.785Z
c8d436,3,10,14,f,1edc69,2021-03-28T15:32:43.785Z
b9a74d,4,17,14,f,1edc69,2021-03-28T15:32:43.785Z
e83aa3,1,32,18,f,638a7d,2021-03-15T02:24:18.057Z
e31d39,2,10,18,f,638a7d,2021-03-15T02:24:18.057Z
d5e9a6,4,23,18,f,638a7d,2021-03-15T02:24:18.057Z
72f5d4,3,19,18,f,638a7d,2021-03-15T02:24:18.057Z
9ec847,3,54,18,f,638a7d,2021-03-15T02:24:18.057Z
5d267b,2,40,18,f,638a7d,2021-03-15T02:24:18.057Z
c8d436,2,10,18,f,638a7d,2021-03-15T02:24:18.057Z
2a2353,3,57,18,f,638a7d,2021-03-15T02:24:18.057Z
b9a74d,3,17,18,f,638a7d,2021-03-15T02:24:18.057Z
c4a632,5,13,1,f,4bdb49,2021-03-03T04:33:15.264Z
9ec847,2,54,1,f,4bdb49,2021-03-03T04:33:15.264Z
5d267b,2,40,1,f,4bdb49,2021-03-03T04:33:15.264Z
c8d436,1,10,1,f,4bdb49,2021-03-03T04:33:15.264Z
f084eb,5,36,1,f,4bdb49,2021-03-03T04:33:15.264Z
b9a74d,3,17,1,f,4bdb49,2021-03-03T04:33:15.264Z
2feb6b,2,29,1,f,4bdb49,2021-03-03T04:33:15.264Z
c4a632,2,13,13,t,8f4908,2021-03-24T21:30:36.259Z
e83aa3,4,32,13,t,8f4908,2021-03-24T21:30:36.259Z
d5e9a6,2,23,13,t,8f4908,2021-03-24T21:30:36.259Z
72f5d4,3,19,13,t,8f4908,2021-03-24T21:30:36.259Z
5d267b,4,40,13,t,8f4908,2021-03-24T21:30:36.259Z
f084eb,1,36,13,t,8f4908,2021-03-24T21:30:36.259Z
b9a74d,5,17,13,t,8f4908,2021-03-24T21:30:36.259Z
e31d39,2,10,20,t,3132fb,2021-02-11T01:59:35.260Z
d5e9a6,1,23,20,t,3132fb,2021-02-11T01:59:35.260Z
5d267b,4,40,20,t,3132fb,2021-02-11T01:59:35.260Z
2a2353,4,57,20,t,3132fb,2021-02-11T01:59:35.260Z
b9a74d,1,17,20,t,3132fb,2021-02-11T01:59:35.260Z
2feb6b,5,29,20,t,3132fb,2021-02-11T01:59:35.260Z
c4a632,5,13,12,t,2cf0ed,2021-01-24T00:59:46.291Z
e31d39,5,10,12,t,2cf0ed,2021-01-24T00:59:46.291Z
d5e9a6,4,23,12,t,2cf0ed,2021-01-24T00:59:46.291Z
2a2353,4,57,12,t,2cf0ed,2021-01-24T00:59:46.291Z
f084eb,2,36,12,t,2cf0ed,2021-01-24T00:59:46.291Z
2feb6b,5,29,12,t,2cf0ed,2021-01-24T00:59:46.291Z
e31d39,5,10,16,t,9.00E+37,2021-01-09T17:25:31.238Z
d5e9a6,1,23,16,t,9.00E+37,2021-01-09T17:25:31.238Z
72f5d4,1,19,16,t,9.00E+37,2021-01-09T17:25:31.238Z
f084eb,3,36,16,t,9.00E+37,2021-01-09T17:25:31.238Z
d5e9a6,5,23,7,t,d1a249,2021-02-07T21:22:19.718Z
72f5d4,4,19,7,t,d1a249,2021-02-07T21:22:19.718Z
9ec847,5,54,7,t,d1a249,2021-02-07T21:22:19.718Z
2a2353,3,57,7,t,d1a249,2021-02-07T21:22:19.718Z
2feb6b,3,29,7,t,d1a249,2021-02-07T21:22:19.718Z
c4a632,2,13,22,t,f77cc2,2021-02-08T12:29:27.916Z
e83aa3,5,32,22,t,f77cc2,2021-02-08T12:29:27.916Z
d5e9a6,3,23,22,t,f77cc2,2021-02-08T12:29:27.916Z
9ec847,3,54,22,t,f77cc2,2021-02-08T12:29:27.916Z
5d267b,3,40,22,t,f77cc2,2021-02-08T12:29:27.916Z
c8d436,5,10,22,t,f77cc2,2021-02-08T12:29:27.916Z
2a2353,5,57,22,t,f77cc2,2021-02-08T12:29:27.916Z
c4a632,2,13,9,t,1928b1,2021-03-25T08:47:13.286Z
e31d39,1,10,9,t,1928b1,2021-03-25T08:47:13.286Z
d5e9a6,1,23,9,t,1928b1,2021-03-25T08:47:13.286Z
9ec847,1,54,9,t,1928b1,2021-03-25T08:47:13.286Z
5d267b,3,40,9,t,1928b1,2021-03-25T08:47:13.286Z
2a2353,4,57,9,t,1928b1,2021-03-25T08:47:13.286Z
b9a74d,1,17,9,t,1928b1,2021-03-25T08:47:13.286Z
2feb6b,5,29,9,t,1928b1,2021-03-25T08:47:13.286Z
e83aa3,1,32,5,t,c228e3,2021-02-03T00:35:29.932Z
d5e9a6,3,23,5,t,c228e3,2021-02-03T00:35:29.932Z
72f5d4,3,19,5,t,c228e3,2021-02-03T00:35:29.932Z
2a2353,4,57,5,t,c228e3,2021-02-03T00:35:29.932Z
e31d39,2,10,23,t,870d3b,2021-01-20T14:29:24.691Z
9ec847,1,54,23,t,870d3b,2021-01-20T14:29:24.691Z
c8d436,4,10,23,t,870d3b,2021-01-20T14:29:24.691Z
2a2353,3,57,23,t,870d3b,2021-01-20T14:29:24.691Z
c4a632,3,13,22,t,46f796,2021-03-13T02:30:37.180Z
2a2353,2,57,22,t,46f796,2021-03-13T02:30:37.180Z
b9a74d,4,17,22,t,46f796,2021-03-13T02:30:37.180Z
d5e9a6,5,23,15,t,24986f,2021-01-09T03:30:35.222Z
72f5d4,3,19,15,t,24986f,2021-01-09T03:30:35.222Z
5d267b,3,40,15,t,24986f,2021-01-09T03:30:35.222Z
2a2353,4,57,15,t,24986f,2021-01-09T03:30:35.222Z
f084eb,1,36,15,t,24986f,2021-01-09T03:30:35.222Z
b9a74d,3,17,15,t,24986f,2021-01-09T03:30:35.222Z
e83aa3,4,32,2,t,90e5ad,2021-02-28T23:10:03.734Z
e31d39,4,10,2,t,90e5ad,2021-02-28T23:10:03.734Z
9ec847,3,54,2,t,90e5ad,2021-02-28T23:10:03.734Z
2a2353,2,57,2,t,90e5ad,2021-02-28T23:10:03.734Z
b9a74d,1,17,2,t,90e5ad,2021-02-28T23:10:03.734Z
c4a632,3,13,10,t,31f568,2021-01-13T17:48:42.969Z
e31d39,2,10,10,t,31f568,2021-01-13T17:48:42.969Z
72f5d4,4,19,10,t,31f568,2021-01-13T17:48:42.969Z
2feb6b,4,29,10,t,31f568,2021-01-13T17:48:42.969Z
e83aa3,1,32,15,t,fb6b00,2021-02-23T17:17:16.684Z
e31d39,4,10,15,t,fb6b00,2021-02-23T17:17:16.684Z
72f5d4,3,19,15,t,fb6b00,2021-02-23T17:17:16.684Z
9ec847,1,54,15,t,fb6b00,2021-02-23T17:17:16.684Z
5d267b,5,40,15,t,fb6b00,2021-02-23T17:17:16.684Z
2a2353,5,57,15,t,fb6b00,2021-02-23T17:17:16.684Z
f084eb,4,36,15,t,fb6b00,2021-02-23T17:17:16.684Z
2feb6b,5,29,15,t,fb6b00,2021-02-23T17:17:16.684Z
c4a632,2,13,18,t,cf21fe,2021-02-18T08:32:03.408Z
5d267b,4,40,18,t,cf21fe,2021-02-18T08:32:03.408Z
c8d436,4,10,18,t,cf21fe,2021-02-18T08:32:03.408Z
2feb6b,2,29,18,t,cf21fe,2021-02-18T08:32:03.408Z
e31d39,1,10,6,t,a4586a,2021-01-29T18:42:09.619Z
d5e9a6,3,23,6,t,a4586a,2021-01-29T18:42:09.619Z
c8d436,2,10,6,t,a4586a,2021-01-29T18:42:09.619Z
2a2353,5,57,6,t,a4586a,2021-01-29T18:42:09.619Z
f084eb,3,36,6,t,a4586a,2021-01-29T18:42:09.619Z
b9a74d,1,17,6,t,a4586a,2021-01-29T18:42:09.619Z
2feb6b,2,29,6,t,a4586a,2021-01-29T18:42:09.619Z
c4a632,4,13,16,f,dfec5f,2021-01-18T07:30:42.076Z
e83aa3,4,32,16,f,dfec5f,2021-01-18T07:30:42.076Z
e31d39,4,10,16,f,dfec5f,2021-01-18T07:30:42.076Z
72f5d4,4,19,16,f,dfec5f,2021-01-18T07:30:42.076Z
9ec847,3,54,16,f,dfec5f,2021-01-18T07:30:42.076Z
5d267b,1,40,16,f,dfec5f,2021-01-18T07:30:42.076Z
c8d436,2,10,16,f,dfec5f,2021-01-18T07:30:42.076Z
2a2353,4,57,16,f,dfec5f,2021-01-18T07:30:42.076Z
f084eb,5,36,16,f,dfec5f,2021-01-18T07:30:42.076Z
b9a74d,1,17,16,f,dfec5f,2021-01-18T07:30:42.076Z
c4a632,1,13,18,t,7c7e2d,2021-02-01T22:00:00.720Z
e83aa3,1,32,18,t,7c7e2d,2021-02-01T22:00:00.720Z
e31d39,5,10,18,t,7c7e2d,2021-02-01T22:00:00.720Z
72f5d4,5,19,18,t,7c7e2d,2021-02-01T22:00:00.720Z
9ec847,1,54,18,t,7c7e2d,2021-02-01T22:00:00.720Z
c8d436,1,10,18,t,7c7e2d,2021-02-01T22:00:00.720Z
2a2353,5,57,18,t,7c7e2d,2021-02-01T22:00:00.720Z
f084eb,2,36,18,t,7c7e2d,2021-02-01T22:00:00.720Z
b9a74d,5,17,18,t,7c7e2d,2021-02-01T22:00:00.720Z
e83aa3,3,32,0,t,b7106e,2021-01-22T11:50:11.961Z
9ec847,2,54,0,t,b7106e,2021-01-22T11:50:11.961Z
c8d436,1,10,0,t,b7106e,2021-01-22T11:50:11.961Z
2a2353,3,57,0,t,b7106e,2021-01-22T11:50:11.961Z
b9a74d,4,17,0,t,b7106e,2021-01-22T11:50:11.961Z
9ec847,3,54,6,t,9ae921,2021-03-22T03:08:08.937Z
5d267b,2,40,6,t,9ae921,2021-03-22T03:08:08.937Z
2a2353,2,57,6,t,9ae921,2021-03-22T03:08:08.937Z
f084eb,2,36,6,t,9ae921,2021-03-22T03:08:08.937Z
b9a74d,4,17,6,t,9ae921,2021-03-22T03:08:08.937Z
e83aa3,4,32,1,t,023ace,2021-02-15T01:51:16.214Z
d5e9a6,5,23,1,t,023ace,2021-02-15T01:51:16.214Z
9ec847,2,54,1,t,023ace,2021-02-15T01:51:16.214Z
c8d436,3,10,1,t,023ace,2021-02-15T01:51:16.214Z
b9a74d,2,17,1,t,023ace,2021-02-15T01:51:16.214Z
d5e9a6,4,23,22,t,d7b455,2021-01-29T13:20:29.673Z
72f5d4,4,19,22,t,d7b455,2021-01-29T13:20:29.673Z
5d267b,5,40,22,t,d7b455,2021-01-29T13:20:29.673Z
2a2353,3,57,22,t,d7b455,2021-01-29T13:20:29.673Z
f084eb,5,36,22,t,d7b455,2021-01-29T13:20:29.673Z
c4a632,2,13,4,f,f16705,2021-02-24T01:06:25.718Z
e31d39,4,10,4,f,f16705,2021-02-24T01:06:25.718Z
d5e9a6,1,23,4,f,f16705,2021-02-24T01:06:25.718Z
72f5d4,3,19,4,f,f16705,2021-02-24T01:06:25.718Z
9ec847,2,54,4,f,f16705,2021-02-24T01:06:25.718Z
b9a74d,3,17,4,f,f16705,2021-02-24T01:06:25.718Z
2feb6b,1,29,4,f,f16705,2021-02-24T01:06:25.718Z
e83aa3,5,32,18,f,8d2c78,2021-03-02T01:26:50.611Z
e31d39,1,10,18,f,8d2c78,2021-03-02T01:26:50.611Z
72f5d4,2,19,18,f,8d2c78,2021-03-02T01:26:50.611Z
f084eb,1,36,18,f,8d2c78,2021-03-02T01:26:50.611Z
d5e9a6,3,23,16,t,28d244,2021-02-20T06:45:03.715Z
9ec847,2,54,16,t,28d244,2021-02-20T06:45:03.715Z
5d267b,1,40,16,t,28d244,2021-02-20T06:45:03.715Z
c8d436,4,10,16,t,28d244,2021-02-20T06:45:03.715Z
2a2353,4,57,16,t,28d244,2021-02-20T06:45:03.715Z
f084eb,3,36,16,t,28d244,2021-02-20T06:45:03.715Z
c4a632,4,13,22,f,d499f9,2021-02-13T19:04:20.870Z
d5e9a6,4,23,22,f,d499f9,2021-02-13T19:04:20.870Z
9ec847,3,54,22,f,d499f9,2021-02-13T19:04:20.870Z
5d267b,1,40,22,f,d499f9,2021-02-13T19:04:20.870Z
c8d436,1,10,22,f,d499f9,2021-02-13T19:04:20.870Z
2a2353,4,57,22,f,d499f9,2021-02-13T19:04:20.870Z
f084eb,5,36,22,f,d499f9,2021-02-13T19:04:20.870Z
b9a74d,2,17,22,f,d499f9,2021-02-13T19:04:20.870Z
c4a632,2,13,22,t,3fcd70,2021-02-15T07:06:06.278Z
72f5d4,4,19,22,t,3fcd70,2021-02-15T07:06:06.278Z
9ec847,5,54,22,t,3fcd70,2021-02-15T07:06:06.278Z
f084eb,4,36,22,t,3fcd70,2021-02-15T07:06:06.278Z
b9a74d,1,17,22,t,3fcd70,2021-02-15T07:06:06.278Z
2feb6b,2,29,22,t,3fcd70,2021-02-15T07:06:06.278Z
e31d39,4,10,23,t,4f6a83,2021-02-07T16:17:00.672Z
d5e9a6,2,23,23,t,4f6a83,2021-02-07T16:17:00.672Z
9ec847,5,54,23,t,4f6a83,2021-02-07T16:17:00.672Z
c8d436,1,10,23,t,4f6a83,2021-02-07T16:17:00.672Z
2feb6b,5,29,23,t,4f6a83,2021-02-07T16:17:00.672Z
c4a632,1,13,19,f,572c3a,2021-01-09T23:57:29.923Z
e83aa3,3,32,19,f,572c3a,2021-01-09T23:57:29.923Z
e31d39,4,10,19,f,572c3a,2021-01-09T23:57:29.923Z
d5e9a6,5,23,19,f,572c3a,2021-01-09T23:57:29.923Z
9ec847,5,54,19,f,572c3a,2021-01-09T23:57:29.923Z
5d267b,3,40,19,f,572c3a,2021-01-09T23:57:29.923Z
c8d436,1,10,19,f,572c3a,2021-01-09T23:57:29.923Z
2a2353,3,57,19,f,572c3a,2021-01-09T23:57:29.923Z
f084eb,1,36,19,f,572c3a,2021-01-09T23:57:29.923Z
2feb6b,1,29,19,f,572c3a,2021-01-09T23:57:29.923Z
c4a632,2,13,12,f,04970c,2021-01-28T10:03:47.347Z
e31d39,2,10,12,f,04970c,2021-01-28T10:03:47.347Z
72f5d4,3,19,12,f,04970c,2021-01-28T10:03:47.347Z
9ec847,4,54,12,f,04970c,2021-01-28T10:03:47.347Z
c8d436,5,10,12,f,04970c,2021-01-28T10:03:47.347Z
c4a632,3,13,16,t,8d1375,2021-03-15T19:41:11.328Z
e83aa3,3,32,16,t,8d1375,2021-03-15T19:41:11.328Z
72f5d4,4,19,16,t,8d1375,2021-03-15T19:41:11.328Z
5d267b,2,40,16,t,8d1375,2021-03-15T19:41:11.328Z
c8d436,2,10,16,t,8d1375,2021-03-15T19:41:11.328Z
2a2353,5,57,16,t,8d1375,2021-03-15T19:41:11.328Z
f084eb,5,36,16,t,8d1375,2021-03-15T19:41:11.328Z
2feb6b,2,29,16,t,8d1375,2021-03-15T19:41:11.328Z
c4a632,4,13,0,f,95ef47,2021-01-20T18:38:24.720Z
e31d39,3,10,0,f,95ef47,2021-01-20T18:38:24.720Z
d5e9a6,5,23,0,f,95ef47,2021-01-20T18:38:24.720Z
72f5d4,1,19,0,f,95ef47,2021-01-20T18:38:24.720Z
9ec847,3,54,0,f,95ef47,2021-01-20T18:38:24.720Z
5d267b,1,40,0,f,95ef47,2021-01-20T18:38:24.720Z
c8d436,3,10,0,f,95ef47,2021-01-20T18:38:24.720Z
2a2353,4,57,0,f,95ef47,2021-01-20T18:38:24.720Z
b9a74d,1,17,0,f,95ef47,2021-01-20T18:38:24.720Z
c4a632,2,13,19,t,9a36b3,2021-01-24T23:26:15.475Z
e83aa3,3,32,19,t,9a36b3,2021-01-24T23:26:15.475Z
e31d39,1,10,19,t,9a36b3,2021-01-24T23:26:15.475Z
72f5d4,1,19,19,t,9a36b3,2021-01-24T23:26:15.475Z
9ec847,3,54,19,t,9a36b3,2021-01-24T23:26:15.475Z
5d267b,5,40,19,t,9a36b3,2021-01-24T23:26:15.475Z
c8d436,4,10,19,t,9a36b3,2021-01-24T23:26:15.475Z
f084eb,1,36,19,t,9a36b3,2021-01-24T23:26:15.475Z
b9a74d,4,17,19,t,9a36b3,2021-01-24T23:26:15.475Z
2feb6b,5,29,19,t,9a36b3,2021-01-24T23:26:15.475Z
72f5d4,2,19,6,t,7db661,2021-01-18T04:02:51.273Z
5d267b,5,40,6,t,7db661,2021-01-18T04:02:51.273Z
c8d436,4,10,6,t,7db661,2021-01-18T04:02:51.273Z
b9a74d,2,17,6,t,7db661,2021-01-18T04:02:51.273Z
c4a632,3,13,17,t,3424ed,2021-01-20T23:52:40.656Z
e83aa3,1,32,17,t,3424ed,2021-01-20T23:52:40.656Z
e31d39,4,10,17,t,3424ed,2021-01-20T23:52:40.656Z
9ec847,3,54,17,t,3424ed,2021-01-20T23:52:40.656Z
5d267b,2,40,17,t,3424ed,2021-01-20T23:52:40.656Z
b9a74d,4,17,17,t,3424ed,2021-01-20T23:52:40.656Z
e83aa3,1,32,13,t,16463d,2021-01-20T07:26:39.379Z
72f5d4,5,19,13,t,16463d,2021-01-20T07:26:39.379Z
9ec847,5,54,13,t,16463d,2021-01-20T07:26:39.379Z
5d267b,1,40,13,t,16463d,2021-01-20T07:26:39.379Z
2a2353,4,57,13,t,16463d,2021-01-20T07:26:39.379Z
b9a74d,3,17,13,t,16463d,2021-01-20T07:26:39.379Z
d5e9a6,1,23,21,t,27be37,2021-01-20T00:46:56.380Z
9ec847,5,54,21,t,27be37,2021-01-20T00:46:56.380Z
c8d436,2,10,21,t,27be37,2021-01-20T00:46:56.380Z
2a2353,2,57,21,t,27be37,2021-01-20T00:46:56.380Z
2feb6b,1,29,21,t,27be37,2021-01-20T00:46:56.380Z
c4a632,3,13,2,t,354cfd,2021-03-21T09:17:41.596Z
e31d39,5,10,2,t,354cfd,2021-03-21T09:17:41.596Z
9ec847,5,54,2,t,354cfd,2021-03-21T09:17:41.596Z
c8d436,5,10,2,t,354cfd,2021-03-21T09:17:41.596Z
2a2353,3,57,2,t,354cfd,2021-03-21T09:17:41.596Z
b9a74d,1,17,2,t,354cfd,2021-03-21T09:17:41.596Z
e83aa3,2,32,21,f,3c2972,2021-02-16T09:44:37.795Z
e31d39,5,10,21,f,3c2972,2021-02-16T09:44:37.795Z
d5e9a6,3,23,21,f,3c2972,2021-02-16T09:44:37.795Z
72f5d4,3,19,21,f,3c2972,2021-02-16T09:44:37.795Z
5d267b,2,40,21,f,3c2972,2021-02-16T09:44:37.795Z
c8d436,2,10,21,f,3c2972,2021-02-16T09:44:37.795Z
2a2353,1,57,21,f,3c2972,2021-02-16T09:44:37.795Z
2feb6b,3,29,21,f,3c2972,2021-02-16T09:44:37.795Z
e31d39,4,10,4,t,916293,2021-03-23T15:32:02.400Z
d5e9a6,3,23,4,t,916293,2021-03-23T15:32:02.400Z
b9a74d,4,17,4,t,916293,2021-03-23T15:32:02.400Z
2feb6b,4,29,4,t,916293,2021-03-23T15:32:02.400Z
e83aa3,2,32,18,t,144b5e,2021-01-28T21:18:24.278Z
e31d39,2,10,18,t,144b5e,2021-01-28T21:18:24.278Z
72f5d4,1,19,18,t,144b5e,2021-01-28T21:18:24.278Z
5d267b,5,40,18,t,144b5e,2021-01-28T21:18:24.278Z
f084eb,1,36,18,t,144b5e,2021-01-28T21:18:24.278Z
c4a632,4,13,0,f,f4dfc4,2021-01-24T00:02:17.808Z
72f5d4,4,19,0,f,f4dfc4,2021-01-24T00:02:17.808Z
5d267b,3,40,0,f,f4dfc4,2021-01-24T00:02:17.808Z
2a2353,3,57,0,f,f4dfc4,2021-01-24T00:02:17.808Z
c4a632,5,13,12,t,f84e54,2021-02-23T17:24:05.961Z
e83aa3,4,32,12,t,f84e54,2021-02-23T17:24:05.961Z
d5e9a6,3,23,12,t,f84e54,2021-02-23T17:24:05.961Z
9ec847,3,54,12,t,f84e54,2021-02-23T17:24:05.961Z
5d267b,5,40,12,t,f84e54,2021-02-23T17:24:05.961Z
f084eb,4,36,12,t,f84e54,2021-02-23T17:24:05.961Z
2feb6b,2,29,12,t,f84e54,2021-02-23T17:24:05.961Z
c4a632,2,13,8,t,76dbcb,2021-03-02T14:48:39.600Z
e83aa3,1,32,8,t,76dbcb,2021-03-02T14:48:39.600Z
e31d39,1,10,8,t,76dbcb,2021-03-02T14:48:39.600Z
72f5d4,3,19,8,t,76dbcb,2021-03-02T14:48:39.600Z
c8d436,1,10,8,t,76dbcb,2021-03-02T14:48:39.600Z
2a2353,4,57,8,t,76dbcb,2021-03-02T14:48:39.600Z
f084eb,5,36,8,t,76dbcb,2021-03-02T14:48:39.600Z
c4a632,5,13,8,f,2.18E+11,2021-01-05T05:49:36.537Z
e83aa3,1,32,8,f,2.18E+11,2021-01-05T05:49:36.537Z
72f5d4,5,19,8,f,2.18E+11,2021-01-05T05:49:36.537Z
5d267b,3,40,8,f,2.18E+11,2021-01-05T05:49:36.537Z
c8d436,5,10,8,f,2.18E+11,2021-01-05T05:49:36.537Z
f084eb,2,36,8,f,2.18E+11,2021-01-05T05:49:36.537Z
b9a74d,5,17,8,f,2.18E+11,2021-01-05T05:49:36.537Z
c4a632,2,13,14,f,fe3190,2021-02-16T00:44:46.608Z
d5e9a6,4,23,14,f,fe3190,2021-02-16T00:44:46.608Z
72f5d4,4,19,14,f,fe3190,2021-02-16T00:44:46.608Z
e83aa3,3,32,3,f,69cc4a,2021-02-12T22:37:54.422Z
9ec847,5,54,3,f,69cc4a,2021-02-12T22:37:54.422Z
2a2353,4,57,3,f,69cc4a,2021-02-12T22:37:54.422Z
b9a74d,2,17,3,f,69cc4a,2021-02-12T22:37:54.422Z
e31d39,2,10,3,f,b4fca1,2021-01-05T13:31:53.788Z
72f5d4,2,19,3,f,b4fca1,2021-01-05T13:31:53.788Z
9ec847,3,54,3,f,b4fca1,2021-01-05T13:31:53.788Z
5d267b,5,40,3,f,b4fca1,2021-01-05T13:31:53.788Z
2feb6b,2,29,3,f,b4fca1,2021-01-05T13:31:53.788Z
c4a632,1,13,19,t,10c67b,2021-01-23T22:53:45.859Z
e83aa3,3,32,19,t,10c67b,2021-01-23T22:53:45.859Z
e31d39,3,10,19,t,10c67b,2021-01-23T22:53:45.859Z
9ec847,3,54,19,t,10c67b,2021-01-23T22:53:45.859Z
5d267b,3,40,19,t,10c67b,2021-01-23T22:53:45.859Z
c8d436,5,10,19,t,10c67b,2021-01-23T22:53:45.859Z
2a2353,3,57,19,t,10c67b,2021-01-23T22:53:45.859Z
f084eb,5,36,19,t,10c67b,2021-01-23T22:53:45.859Z
2feb6b,3,29,19,t,10c67b,2021-01-23T22:53:45.859Z
c4a632,5,13,11,f,3f69da,2021-02-19T10:52:59.030Z
e83aa3,2,32,11,f,3f69da,2021-02-19T10:52:59.030Z
e31d39,3,10,11,f,3f69da,2021-02-19T10:52:59.030Z
9ec847,2,54,11,f,3f69da,2021-02-19T10:52:59.030Z
5d267b,2,40,11,f,3f69da,2021-02-19T10:52:59.030Z
c8d436,1,10,11,f,3f69da,2021-02-19T10:52:59.030Z
f084eb,3,36,11,f,3f69da,2021-02-19T10:52:59.030Z
2feb6b,3,29,11,f,3f69da,2021-02-19T10:52:59.030Z
e83aa3,5,32,14,f,3e9cd2,2021-03-29T03:24:10.051Z
d5e9a6,4,23,14,f,3e9cd2,2021-03-29T03:24:10.051Z
9ec847,4,54,14,f,3e9cd2,2021-03-29T03:24:10.051Z
5d267b,3,40,14,f,3e9cd2,2021-03-29T03:24:10.051Z
2a2353,2,57,14,f,3e9cd2,2021-03-29T03:24:10.051Z
b9a74d,1,17,14,f,3e9cd2,2021-03-29T03:24:10.051Z
e83aa3,5,32,16,f,2c7ec0,2021-01-23T13:31:34.521Z
d5e9a6,2,23,16,f,2c7ec0,2021-01-23T13:31:34.521Z
9ec847,3,54,16,f,2c7ec0,2021-01-23T13:31:34.521Z
5d267b,1,40,16,f,2c7ec0,2021-01-23T13:31:34.521Z
c8d436,5,10,16,f,2c7ec0,2021-01-23T13:31:34.521Z
f084eb,4,36,16,f,2c7ec0,2021-01-23T13:31:34.521Z
2feb6b,3,29,16,f,2c7ec0,2021-01-23T13:31:34.521Z
c4a632,1,13,12,t,38368f,2021-03-18T13:55:57.619Z
e83aa3,5,32,12,t,38368f,2021-03-18T13:55:57.619Z
d5e9a6,5,23,12,t,38368f,2021-03-18T13:55:57.619Z
9ec847,1,54,12,t,38368f,2021-03-18T13:55:57.619Z
2feb6b,2,29,12,t,38368f,2021-03-18T13:55:57.619Z
e83aa3,1,32,2,t,4c5f21,2021-02-25T14:01:20.323Z
e31d39,4,10,2,t,4c5f21,2021-02-25T14:01:20.323Z
d5e9a6,1,23,2,t,4c5f21,2021-02-25T14:01:20.323Z
72f5d4,5,19,2,t,4c5f21,2021-02-25T14:01:20.323Z
c8d436,3,10,2,t,4c5f21,2021-02-25T14:01:20.323Z
f084eb,5,36,2,t,4c5f21,2021-02-25T14:01:20.323Z
b9a74d,1,17,2,t,4c5f21,2021-02-25T14:01:20.323Z
c4a632,3,13,22,f,5be0a7,2021-01-24T09:25:22.022Z
e83aa3,1,32,22,f,5be0a7,2021-01-24T09:25:22.022Z
e31d39,4,10,22,f,5be0a7,2021-01-24T09:25:22.022Z
5d267b,5,40,22,f,5be0a7,2021-01-24T09:25:22.022Z
2a2353,1,57,22,f,5be0a7,2021-01-24T09:25:22.022Z
c4a632,4,13,8,f,916f45,2021-02-14T12:00:47.952Z
e83aa3,5,32,8,f,916f45,2021-02-14T12:00:47.952Z
9ec847,2,54,8,f,916f45,2021-02-14T12:00:47.952Z
5d267b,2,40,8,f,916f45,2021-02-14T12:00:47.952Z
c8d436,3,10,8,f,916f45,2021-02-14T12:00:47.952Z
2a2353,4,57,8,f,916f45,2021-02-14T12:00:47.952Z
f084eb,3,36,8,f,916f45,2021-02-14T12:00:47.952Z
c4a632,3,13,6,t,3223de,2021-02-13T14:50:10.924Z
e31d39,2,10,6,t,3223de,2021-02-13T14:50:10.924Z
9ec847,5,54,6,t,3223de,2021-02-13T14:50:10.924Z
2feb6b,2,29,6,t,3223de,2021-02-13T14:50:10.924Z
e31d39,5,10,14,t,78bc4f,2021-01-05T12:19:47.568Z
9ec847,4,54,14,t,78bc4f,2021-01-05T12:19:47.568Z
2a2353,5,57,14,t,78bc4f,2021-01-05T12:19:47.568Z
2feb6b,1,29,14,t,78bc4f,2021-01-05T12:19:47.568Z
e31d39,3,10,8,t,e64ff1,2021-01-26T12:52:09.580Z
9ec847,4,54,8,t,e64ff1,2021-01-26T12:52:09.580Z
c8d436,1,10,8,t,e64ff1,2021-01-26T12:52:09.580Z
2a2353,1,57,8,t,e64ff1,2021-01-26T12:52:09.580Z
f084eb,2,36,8,t,e64ff1,2021-01-26T12:52:09.580Z
e83aa3,5,32,24,t,8c876b,2021-01-20T14:15:50.112Z
72f5d4,5,19,24,t,8c876b,2021-01-20T14:15:50.112Z
9ec847,1,54,24,t,8c876b,2021-01-20T14:15:50.112Z
5d267b,3,40,24,t,8c876b,2021-01-20T14:15:50.112Z
f084eb,5,36,24,t,8c876b,2021-01-20T14:15:50.112Z
b9a74d,4,17,24,t,8c876b,2021-01-20T14:15:50.112Z
d5e9a6,2,23,20,f,277f69,2021-02-01T03:47:11.414Z
9ec847,1,54,20,f,277f69,2021-02-01T03:47:11.414Z
c4a632,4,13,20,t,6dd481,2021-02-05T04:04:18.624Z
e31d39,2,10,20,t,6dd481,2021-02-05T04:04:18.624Z
d5e9a6,1,23,20,t,6dd481,2021-02-05T04:04:18.624Z
72f5d4,2,19,20,t,6dd481,2021-02-05T04:04:18.624Z
9ec847,5,54,20,t,6dd481,2021-02-05T04:04:18.624Z
2a2353,5,57,20,t,6dd481,2021-02-05T04:04:18.624Z
e83aa3,3,32,14,f,6d1b21,2021-03-27T09:32:53.808Z
d5e9a6,1,23,14,f,6d1b21,2021-03-27T09:32:53.808Z
72f5d4,1,19,14,f,6d1b21,2021-03-27T09:32:53.808Z
5d267b,1,40,14,f,6d1b21,2021-03-27T09:32:53.808Z
2a2353,4,57,14,f,6d1b21,2021-03-27T09:32:53.808Z
b9a74d,2,17,14,f,6d1b21,2021-03-27T09:32:53.808Z
e83aa3,4,32,6,t,2fa580,2021-03-08T06:15:54.547Z
e31d39,2,10,6,t,2fa580,2021-03-08T06:15:54.547Z
72f5d4,5,19,6,t,2fa580,2021-03-08T06:15:54.547Z
c8d436,3,10,6,t,2fa580,2021-03-08T06:15:54.547Z
2a2353,3,57,6,t,2fa580,2021-03-08T06:15:54.547Z
f084eb,5,36,6,t,2fa580,2021-03-08T06:15:54.547Z
2feb6b,4,29,6,t,2fa580,2021-03-08T06:15:54.547Z
e83aa3,1,32,19,t,5428c6,2021-02-27T03:56:51.590Z
e31d39,1,10,19,t,5428c6,2021-02-27T03:56:51.590Z
9ec847,5,54,19,t,5428c6,2021-02-27T03:56:51.590Z
c8d436,1,10,19,t,5428c6,2021-02-27T03:56:51.590Z
e83aa3,5,32,0,t,cdbf79,2021-01-07T02:58:42.067Z
e31d39,3,10,0,t,cdbf79,2021-01-07T02:58:42.067Z
d5e9a6,3,23,0,t,cdbf79,2021-01-07T02:58:42.067Z
9ec847,3,54,0,t,cdbf79,2021-01-07T02:58:42.067Z
f084eb,2,36,0,t,cdbf79,2021-01-07T02:58:42.067Z
2feb6b,4,29,0,t,cdbf79,2021-01-07T02:58:42.067Z
c4a632,5,13,21,f,afc26f,2021-01-05T09:41:02.832Z
d5e9a6,5,23,21,f,afc26f,2021-01-05T09:41:02.832Z
72f5d4,2,19,21,f,afc26f,2021-01-05T09:41:02.832Z
c8d436,5,10,21,f,afc26f,2021-01-05T09:41:02.832Z
f084eb,3,36,21,f,afc26f,2021-01-05T09:41:02.832Z
b9a74d,2,17,21,f,afc26f,2021-01-05T09:41:02.832Z
2feb6b,2,29,21,f,afc26f,2021-01-05T09:41:02.832Z
c4a632,2,13,9,f,520b04,2021-01-10T03:01:21.043Z
d5e9a6,2,23,9,f,520b04,2021-01-10T03:01:21.043Z
72f5d4,4,19,9,f,520b04,2021-01-10T03:01:21.043Z
5d267b,5,40,9,f,520b04,2021-01-10T03:01:21.043Z
c8d436,5,10,9,f,520b04,2021-01-10T03:01:21.043Z
2a2353,2,57,9,f,520b04,2021-01-10T03:01:21.043Z
f084eb,5,36,9,f,520b04,2021-01-10T03:01:21.043Z
b9a74d,2,17,9,f,520b04,2021-01-10T03:01:21.043Z
2feb6b,1,29,9,f,520b04,2021-01-10T03:01:21.043Z
c4a632,5,13,6,t,caa91d,2021-03-12T02:43:02.121Z
e83aa3,4,32,6,t,caa91d,2021-03-12T02:43:02.121Z
e31d39,5,10,6,t,caa91d,2021-03-12T02:43:02.121Z
5d267b,3,40,6,t,caa91d,2021-03-12T02:43:02.121Z
b9a74d,2,17,6,t,caa91d,2021-03-12T02:43:02.121Z
e31d39,2,10,2,f,69abfb,2021-01-20T17:41:23.539Z
5d267b,5,40,2,f,69abfb,2021-01-20T17:41:23.539Z
2a2353,3,57,2,f,69abfb,2021-01-20T17:41:23.539Z
c4a632,5,13,8,t,c900b7,2021-03-02T11:45:41.270Z
e83aa3,4,32,8,t,c900b7,2021-03-02T11:45:41.270Z
e31d39,5,10,8,t,c900b7,2021-03-02T11:45:41.270Z
72f5d4,1,19,8,t,c900b7,2021-03-02T11:45:41.270Z
9ec847,5,54,8,t,c900b7,2021-03-02T11:45:41.270Z
5d267b,4,40,8,t,c900b7,2021-03-02T11:45:41.270Z
c8d436,2,10,8,t,c900b7,2021-03-02T11:45:41.270Z
2a2353,3,57,8,t,c900b7,2021-03-02T11:45:41.270Z
f084eb,2,36,8,t,c900b7,2021-03-02T11:45:41.270Z
d5e9a6,5,23,19,f,317f77,2021-02-26T16:17:39.984Z
5d267b,2,40,19,f,317f77,2021-02-26T16:17:39.984Z
c8d436,3,10,19,f,317f77,2021-02-26T16:17:39.984Z
f084eb,5,36,19,f,317f77,2021-02-26T16:17:39.984Z
2feb6b,5,29,19,f,317f77,2021-02-26T16:17:39.984Z
c4a632,4,13,19,f,25786b,2021-01-20T11:17:23.251Z
d5e9a6,3,23,19,f,25786b,2021-01-20T11:17:23.251Z
72f5d4,5,19,19,f,25786b,2021-01-20T11:17:23.251Z
5d267b,4,40,19,f,25786b,2021-01-20T11:17:23.251Z
c8d436,3,10,19,f,25786b,2021-01-20T11:17:23.251Z
2feb6b,1,29,19,f,25786b,2021-01-20T11:17:23.251Z
e83aa3,2,32,21,f,8ff02c,2021-01-24T15:26:09.283Z
e31d39,3,10,21,f,8ff02c,2021-01-24T15:26:09.283Z
d5e9a6,2,23,21,f,8ff02c,2021-01-24T15:26:09.283Z
72f5d4,5,19,21,f,8ff02c,2021-01-24T15:26:09.283Z
9ec847,5,54,21,f,8ff02c,2021-01-24T15:26:09.283Z
2a2353,3,57,21,f,8ff02c,2021-01-24T15:26:09.283Z
f084eb,5,36,21,f,8ff02c,2021-01-24T15:26:09.283Z
2feb6b,4,29,21,f,8ff02c,2021-01-24T15:26:09.283Z
e31d39,5,10,8,f,36b925,2021-03-15T09:36:54.950Z
72f5d4,3,19,8,f,36b925,2021-03-15T09:36:54.950Z
9ec847,1,54,8,f,36b925,2021-03-15T09:36:54.950Z
b9a74d,2,17,8,f,36b925,2021-03-15T09:36:54.950Z
2feb6b,1,29,8,f,36b925,2021-03-15T09:36:54.950Z
e83aa3,4,32,7,t,c6a106,2021-03-21T01:40:28.905Z
e31d39,2,10,7,t,c6a106,2021-03-21T01:40:28.905Z
5d267b,5,40,7,t,c6a106,2021-03-21T01:40:28.905Z
2a2353,2,57,7,t,c6a106,2021-03-21T01:40:28.905Z
c4a632,5,13,14,t,03246c,2021-01-12T13:56:35.894Z
9ec847,3,54,14,t,03246c,2021-01-12T13:56:35.894Z
b9a74d,1,17,14,t,03246c,2021-01-12T13:56:35.894Z
2feb6b,2,29,14,t,03246c,2021-01-12T13:56:35.894Z
e31d39,3,10,19,t,30c3a5,2021-01-19T07:30:01.382Z
72f5d4,5,19,19,t,30c3a5,2021-01-19T07:30:01.382Z
2a2353,5,57,19,t,30c3a5,2021-01-19T07:30:01.382Z
b9a74d,3,17,19,t,30c3a5,2021-01-19T07:30:01.382Z
2feb6b,2,29,19,t,30c3a5,2021-01-19T07:30:01.382Z
c4a632,3,13,14,f,d044e6,2021-01-02T14:44:42.518Z
e83aa3,1,32,14,f,d044e6,2021-01-02T14:44:42.518Z
72f5d4,1,19,14,f,d044e6,2021-01-02T14:44:42.518Z
5d267b,1,40,14,f,d044e6,2021-01-02T14:44:42.518Z
c8d436,2,10,14,f,d044e6,2021-01-02T14:44:42.518Z
f084eb,2,36,14,f,d044e6,2021-01-02T14:44:42.518Z
e83aa3,2,32,16,t,43312b,2021-03-10T12:40:26.198Z
e31d39,5,10,16,t,43312b,2021-03-10T12:40:26.198Z
d5e9a6,2,23,16,t,43312b,2021-03-10T12:40:26.198Z
b9a74d,5,17,16,t,43312b,2021-03-10T12:40:26.198Z
e31d39,1,10,24,t,0ff5bb,2021-03-23T03:04:12.633Z
c8d436,1,10,24,t,0ff5bb,2021-03-23T03:04:12.633Z
2a2353,4,57,24,t,0ff5bb,2021-03-23T03:04:12.633Z
f084eb,1,36,24,t,0ff5bb,2021-03-23T03:04:12.633Z
b9a74d,1,17,24,t,0ff5bb,2021-03-23T03:04:12.633Z
e83aa3,4,32,0,t,205200,2021-01-22T11:10:44.688Z
d5e9a6,1,23,0,t,205200,2021-01-22T11:10:44.688Z
72f5d4,4,19,0,t,205200,2021-01-22T11:10:44.688Z
c8d436,1,10,0,t,205200,2021-01-22T11:10:44.688Z
f084eb,4,36,0,t,205200,2021-01-22T11:10:44.688Z
b9a74d,1,17,0,t,205200,2021-01-22T11:10:44.688Z
2feb6b,1,29,0,t,205200,2021-01-22T11:10:44.688Z
c4a632,2,13,9,f,42c729,2021-03-03T19:25:24.729Z
e83aa3,2,32,9,f,42c729,2021-03-03T19:25:24.729Z
f084eb,4,36,9,f,42c729,2021-03-03T19:25:24.729Z
b9a74d,2,17,9,f,42c729,2021-03-03T19:25:24.729Z
e83aa3,5,32,1,f,1364ee,2021-02-10T01:09:15.580Z
e31d39,5,10,1,f,1364ee,2021-02-10T01:09:15.580Z
72f5d4,1,19,1,f,1364ee,2021-02-10T01:09:15.580Z
c8d436,3,10,1,f,1364ee,2021-02-10T01:09:15.580Z
f084eb,5,36,1,f,1364ee,2021-02-10T01:09:15.580Z
b9a74d,1,17,1,f,1364ee,2021-02-10T01:09:15.580Z
c4a632,3,13,5,t,fc7210,2021-01-21T05:03:49.536Z
e83aa3,2,32,5,t,fc7210,2021-01-21T05:03:49.536Z
72f5d4,2,19,5,t,fc7210,2021-01-21T05:03:49.536Z
9ec847,1,54,5,t,fc7210,2021-01-21T05:03:49.536Z
2feb6b,1,29,5,t,fc7210,2021-01-21T05:03:49.536Z
c4a632,2,13,18,t,2.62E+06,2021-03-03T17:56:27.715Z
e83aa3,2,32,18,t,2.62E+06,2021-03-03T17:56:27.715Z
d5e9a6,4,23,18,t,2.62E+06,2021-03-03T17:56:27.715Z
5d267b,5,40,18,t,2.62E+06,2021-03-03T17:56:27.715Z
c8d436,5,10,18,t,2.62E+06,2021-03-03T17:56:27.715Z
2a2353,3,57,18,t,2.62E+06,2021-03-03T17:56:27.715Z
b9a74d,3,17,18,t,2.62E+06,2021-03-03T17:56:27.715Z
2feb6b,5,29,18,t,2.62E+06,2021-03-03T17:56:27.715Z
c4a632,2,13,6,t,7acf08,2021-02-06T21:32:05.424Z
e31d39,5,10,6,t,7acf08,2021-02-06T21:32:05.424Z
9ec847,5,54,6,t,7acf08,2021-02-06T21:32:05.424Z
5d267b,1,40,6,t,7acf08,2021-02-06T21:32:05.424Z
2a2353,3,57,6,t,7acf08,2021-02-06T21:32:05.424Z
b9a74d,3,17,6,t,7acf08,2021-02-06T21:32:05.424Z
2feb6b,5,29,6,t,7acf08,2021-02-06T21:32:05.424Z
e83aa3,3,32,21,f,7287fe,2021-02-19T00:55:01.776Z
d5e9a6,3,23,21,f,7287fe,2021-02-19T00:55:01.776Z
5d267b,5,40,21,f,7287fe,2021-02-19T00:55:01.776Z
b9a74d,3,17,21,f,7287fe,2021-02-19T00:55:01.776Z
c4a632,4,13,14,t,23ccf1,2021-03-19T09:22:06.153Z
e31d39,1,10,14,t,23ccf1,2021-03-19T09:22:06.153Z
d5e9a6,4,23,14,t,23ccf1,2021-03-19T09:22:06.153Z
72f5d4,3,19,14,t,23ccf1,2021-03-19T09:22:06.153Z
9ec847,2,54,14,t,23ccf1,2021-03-19T09:22:06.153Z
5d267b,3,40,14,t,23ccf1,2021-03-19T09:22:06.153Z
b9a74d,1,17,14,t,23ccf1,2021-03-19T09:22:06.153Z
c4a632,3,13,11,t,571b43,2021-03-06T05:38:22.358Z
e83aa3,5,32,11,t,571b43,2021-03-06T05:38:22.358Z
d5e9a6,5,23,11,t,571b43,2021-03-06T05:38:22.358Z
72f5d4,5,19,11,t,571b43,2021-03-06T05:38:22.358Z
9ec847,2,54,11,t,571b43,2021-03-06T05:38:22.358Z
5d267b,3,40,11,t,571b43,2021-03-06T05:38:22.358Z
c8d436,5,10,11,t,571b43,2021-03-06T05:38:22.358Z
b9a74d,4,17,11,t,571b43,2021-03-06T05:38:22.358Z
2feb6b,2,29,11,t,571b43,2021-03-06T05:38:22.358Z
e31d39,5,10,8,f,5ecbee,2021-02-04T11:48:16.185Z
d5e9a6,1,23,8,f,5ecbee,2021-02-04T11:48:16.185Z
9ec847,1,54,8,f,5ecbee,2021-02-04T11:48:16.185Z
c8d436,3,10,8,f,5ecbee,2021-02-04T11:48:16.185Z
2a2353,5,57,8,f,5ecbee,2021-02-04T11:48:16.185Z
b9a74d,3,17,8,f,5ecbee,2021-02-04T11:48:16.185Z
2feb6b,4,29,8,f,5ecbee,2021-02-04T11:48:16.185Z
c4a632,1,13,12,t,a18596,2021-02-24T01:11:26.044Z
e31d39,4,10,12,t,a18596,2021-02-24T01:11:26.044Z
d5e9a6,2,23,12,t,a18596,2021-02-24T01:11:26.044Z
72f5d4,2,19,12,t,a18596,2021-02-24T01:11:26.044Z
9ec847,3,54,12,t,a18596,2021-02-24T01:11:26.044Z
5d267b,5,40,12,t,a18596,2021-02-24T01:11:26.044Z
2a2353,4,57,12,t,a18596,2021-02-24T01:11:26.044Z
b9a74d,4,17,12,t,a18596,2021-02-24T01:11:26.044Z
d5e9a6,1,23,24,t,b1e403,2021-01-14T00:05:10.003Z
9ec847,1,54,24,t,b1e403,2021-01-14T00:05:10.003Z
5d267b,4,40,24,t,b1e403,2021-01-14T00:05:10.003Z
c8d436,5,10,24,t,b1e403,2021-01-14T00:05:10.003Z
b9a74d,1,17,24,t,b1e403,2021-01-14T00:05:10.003Z
72f5d4,4,19,23,t,c0c252,2021-02-28T08:54:54.576Z
9ec847,2,54,23,t,c0c252,2021-02-28T08:54:54.576Z
c8d436,1,10,23,t,c0c252,2021-02-28T08:54:54.576Z
2a2353,1,57,23,t,c0c252,2021-02-28T08:54:54.576Z
b9a74d,4,17,23,t,c0c252,2021-02-28T08:54:54.576Z
2feb6b,4,29,23,t,c0c252,2021-02-28T08:54:54.576Z
e83aa3,1,32,1,t,43400e,2021-02-22T03:18:28.512Z
d5e9a6,5,23,1,t,43400e,2021-02-22T03:18:28.512Z
72f5d4,2,19,1,t,43400e,2021-02-22T03:18:28.512Z
5d267b,5,40,1,t,43400e,2021-02-22T03:18:28.512Z
c4a632,5,13,19,f,8cdc73,2021-02-01T15:28:24.326Z
e83aa3,3,32,19,f,8cdc73,2021-02-01T15:28:24.326Z
d5e9a6,4,23,19,f,8cdc73,2021-02-01T15:28:24.326Z
72f5d4,3,19,19,f,8cdc73,2021-02-01T15:28:24.326Z
9ec847,5,54,19,f,8cdc73,2021-02-01T15:28:24.326Z
c4a632,4,13,17,t,515d4a,2021-01-11T13:08:51.129Z
2feb6b,2,29,17,t,515d4a,2021-01-11T13:08:51.129Z
9ec847,2,54,9,f,17071c,2021-01-15T04:49:04.886Z
c8d436,3,10,9,f,17071c,2021-01-15T04:49:04.886Z
2feb6b,3,29,9,f,17071c,2021-01-15T04:49:04.886Z
c4a632,3,13,5,t,6286d5,2021-03-09T20:22:23.750Z
e83aa3,5,32,5,t,6286d5,2021-03-09T20:22:23.750Z
72f5d4,4,19,5,t,6286d5,2021-03-09T20:22:23.750Z
9ec847,1,54,5,t,6286d5,2021-03-09T20:22:23.750Z
5d267b,1,40,5,t,6286d5,2021-03-09T20:22:23.750Z
2a2353,2,57,5,t,6286d5,2021-03-09T20:22:23.750Z
f084eb,2,36,5,t,6286d5,2021-03-09T20:22:23.750Z
c4a632,5,13,20,f,d54ac3,2021-01-22T20:01:46.416Z
e83aa3,2,32,20,f,d54ac3,2021-01-22T20:01:46.416Z
d5e9a6,3,23,20,f,d54ac3,2021-01-22T20:01:46.416Z
9ec847,3,54,20,f,d54ac3,2021-01-22T20:01:46.416Z
c8d436,3,10,20,f,d54ac3,2021-01-22T20:01:46.416Z
2a2353,2,57,20,f,d54ac3,2021-01-22T20:01:46.416Z
f084eb,4,36,20,f,d54ac3,2021-01-22T20:01:46.416Z
b9a74d,4,17,20,f,d54ac3,2021-01-22T20:01:46.416Z
c4a632,5,13,16,t,ef0ccd,2021-03-14T13:18:05.299Z
e83aa3,5,32,16,t,ef0ccd,2021-03-14T13:18:05.299Z
d5e9a6,4,23,16,t,ef0ccd,2021-03-14T13:18:05.299Z
9ec847,4,54,16,t,ef0ccd,2021-03-14T13:18:05.299Z
c8d436,4,10,16,t,ef0ccd,2021-03-14T13:18:05.299Z
b9a74d,3,17,16,t,ef0ccd,2021-03-14T13:18:05.299Z
2feb6b,5,29,16,t,ef0ccd,2021-03-14T13:18:05.299Z
c4a632,3,13,7,t,f6bc20,2021-02-09T01:37:56.496Z
e83aa3,1,32,7,t,f6bc20,2021-02-09T01:37:56.496Z
d5e9a6,1,23,7,t,f6bc20,2021-02-09T01:37:56.496Z
72f5d4,3,19,7,t,f6bc20,2021-02-09T01:37:56.496Z
c8d436,1,10,7,t,f6bc20,2021-02-09T01:37:56.496Z
f084eb,1,36,7,t,f6bc20,2021-02-09T01:37:56.496Z
b9a74d,5,17,7,t,f6bc20,2021-02-09T01:37:56.496Z
c4a632,1,13,0,f,248e0e,2021-01-26T07:40:45.062Z
e83aa3,1,32,0,f,248e0e,2021-01-26T07:40:45.062Z
d5e9a6,1,23,0,f,248e0e,2021-01-26T07:40:45.062Z
9ec847,5,54,0,f,248e0e,2021-01-26T07:40:45.062Z
f084eb,2,36,0,f,248e0e,2021-01-26T07:40:45.062Z
2feb6b,4,29,0,f,248e0e,2021-01-26T07:40:45.062Z
e83aa3,2,32,18,t,727cbe,2021-01-27T09:50:54.326Z
e31d39,2,10,18,t,727cbe,2021-01-27T09:50:54.326Z
72f5d4,3,19,18,t,727cbe,2021-01-27T09:50:54.326Z
9ec847,1,54,18,t,727cbe,2021-01-27T09:50:54.326Z
5d267b,1,40,18,t,727cbe,2021-01-27T09:50:54.326Z
c8d436,1,10,18,t,727cbe,2021-01-27T09:50:54.326Z
f084eb,4,36,18,t,727cbe,2021-01-27T09:50:54.326Z
b9a74d,4,17,18,t,727cbe,2021-01-27T09:50:54.326Z
2feb6b,5,29,18,t,727cbe,2021-01-27T09:50:54.326Z
c4a632,4,13,20,f,5b2f64,2021-02-02T22:18:28.540Z
e83aa3,5,32,20,f,5b2f64,2021-02-02T22:18:28.540Z
e31d39,2,10,20,f,5b2f64,2021-02-02T22:18:28.540Z
9ec847,1,54,20,f,5b2f64,2021-02-02T22:18:28.540Z
5d267b,3,40,20,f,5b2f64,2021-02-02T22:18:28.540Z
c8d436,4,10,20,f,5b2f64,2021-02-02T22:18:28.540Z
b9a74d,5,17,20,f,5b2f64,2021-02-02T22:18:28.540Z
e83aa3,3,32,7,f,10ed6c,2021-03-05T00:19:39.360Z
e31d39,3,10,7,f,10ed6c,2021-03-05T00:19:39.360Z
72f5d4,2,19,7,f,10ed6c,2021-03-05T00:19:39.360Z
5d267b,4,40,7,f,10ed6c,2021-03-05T00:19:39.360Z
c8d436,4,10,7,f,10ed6c,2021-03-05T00:19:39.360Z
2a2353,4,57,7,f,10ed6c,2021-03-05T00:19:39.360Z
f084eb,1,36,7,f,10ed6c,2021-03-05T00:19:39.360Z
b9a74d,5,17,7,f,10ed6c,2021-03-05T00:19:39.360Z
e31d39,1,10,3,f,5c634f,2021-01-01T13:41:13.142Z
5d267b,5,40,3,f,5c634f,2021-01-01T13:41:13.142Z
c8d436,1,10,3,f,5c634f,2021-01-01T13:41:13.142Z
b9a74d,2,17,3,f,5c634f,2021-01-01T13:41:13.142Z
c4a632,5,13,5,f,4966c4,2021-03-24T11:41:13.257Z
e31d39,5,10,5,f,4966c4,2021-03-24T11:41:13.257Z
d5e9a6,1,23,5,f,4966c4,2021-03-24T11:41:13.257Z
5d267b,5,40,5,f,4966c4,2021-03-24T11:41:13.257Z
c8d436,1,10,5,f,4966c4,2021-03-24T11:41:13.257Z
2feb6b,5,29,5,f,4966c4,2021-03-24T11:41:13.257Z
c4a632,4,13,12,t,f47470,2021-01-30T09:43:35.068Z
9ec847,3,54,12,t,f47470,2021-01-30T09:43:35.068Z
c8d436,1,10,12,t,f47470,2021-01-30T09:43:35.068Z
b9a74d,4,17,12,t,f47470,2021-01-30T09:43:35.068Z
2feb6b,5,29,12,t,f47470,2021-01-30T09:43:35.068Z
c4a632,1,13,12,f,53fbfc,2021-02-03T08:01:55.833Z
e31d39,2,10,12,f,53fbfc,2021-02-03T08:01:55.833Z
72f5d4,1,19,12,f,53fbfc,2021-02-03T08:01:55.833Z
e31d39,4,10,4,t,33348c,2021-01-17T04:15:05.846Z
d5e9a6,2,23,4,t,33348c,2021-01-17T04:15:05.846Z
9ec847,5,54,4,t,33348c,2021-01-17T04:15:05.846Z
2a2353,3,57,4,t,33348c,2021-01-17T04:15:05.846Z
b9a74d,1,17,4,t,33348c,2021-01-17T04:15:05.846Z
e31d39,1,10,4,t,e6c1b4,2021-01-04T10:46:31.008Z
d5e9a6,1,23,4,t,e6c1b4,2021-01-04T10:46:31.008Z
72f5d4,1,19,4,t,e6c1b4,2021-01-04T10:46:31.008Z
c8d436,5,10,4,t,e6c1b4,2021-01-04T10:46:31.008Z
f084eb,2,36,4,t,e6c1b4,2021-01-04T10:46:31.008Z
c4a632,4,13,0,t,c83cab,2021-01-29T14:42:48.902Z
e83aa3,5,32,0,t,c83cab,2021-01-29T14:42:48.902Z
e31d39,1,10,0,t,c83cab,2021-01-29T14:42:48.902Z
9ec847,2,54,0,t,c83cab,2021-01-29T14:42:48.902Z
c8d436,3,10,0,t,c83cab,2021-01-29T14:42:48.902Z
2a2353,2,57,0,t,c83cab,2021-01-29T14:42:48.902Z
f084eb,5,36,0,t,c83cab,2021-01-29T14:42:48.902Z
2feb6b,3,29,0,t,c83cab,2021-01-29T14:42:48.902Z
e31d39,4,10,14,t,5541dd,2021-03-17T00:13:37.776Z
5d267b,1,40,14,t,5541dd,2021-03-17T00:13:37.776Z
2a2353,2,57,14,t,5541dd,2021-03-17T00:13:37.776Z
f084eb,4,36,14,t,5541dd,2021-03-17T00:13:37.776Z
2feb6b,1,29,14,t,5541dd,2021-03-17T00:13:37.776Z
e83aa3,5,32,23,t,2c2657,2021-02-02T08:02:12.940Z
e31d39,2,10,23,t,2c2657,2021-02-02T08:02:12.940Z
d5e9a6,4,23,23,t,2c2657,2021-02-02T08:02:12.940Z
9ec847,4,54,23,t,2c2657,2021-02-02T08:02:12.940Z
5d267b,5,40,23,t,2c2657,2021-02-02T08:02:12.940Z
c8d436,5,10,23,t,2c2657,2021-02-02T08:02:12.940Z
2a2353,2,57,23,t,2c2657,2021-02-02T08:02:12.940Z
b9a74d,2,17,23,t,2c2657,2021-02-02T08:02:12.940Z
e83aa3,5,32,14,t,bcfa02,2021-01-16T01:08:47.500Z
d5e9a6,3,23,14,t,bcfa02,2021-01-16T01:08:47.500Z
9ec847,1,54,14,t,bcfa02,2021-01-16T01:08:47.500Z
c8d436,2,10,14,t,bcfa02,2021-01-16T01:08:47.500Z
f084eb,2,36,14,t,bcfa02,2021-01-16T01:08:47.500Z
2feb6b,3,29,14,t,bcfa02,2021-01-16T01:08:47.500Z
e31d39,5,10,22,f,633b38,2021-01-14T11:21:03.398Z
5d267b,5,40,22,f,633b38,2021-01-14T11:21:03.398Z
c8d436,3,10,22,f,633b38,2021-01-14T11:21:03.398Z
2a2353,2,57,22,f,633b38,2021-01-14T11:21:03.398Z
f084eb,1,36,22,f,633b38,2021-01-14T11:21:03.398Z
2feb6b,4,29,22,f,633b38,2021-01-14T11:21:03.398Z
e83aa3,5,32,1,t,b121bd,2021-03-30T13:23:06.144Z
e31d39,5,10,1,t,b121bd,2021-03-30T13:23:06.144Z
d5e9a6,2,23,1,t,b121bd,2021-03-30T13:23:06.144Z
c4a632,4,13,15,t,57f7cc,2021-03-27T19:57:31.017Z
e83aa3,1,32,15,t,57f7cc,2021-03-27T19:57:31.017Z
72f5d4,4,19,15,t,57f7cc,2021-03-27T19:57:31.017Z
5d267b,5,40,15,t,57f7cc,2021-03-27T19:57:31.017Z
c8d436,5,10,15,t,57f7cc,2021-03-27T19:57:31.017Z
2a2353,4,57,15,t,57f7cc,2021-03-27T19:57:31.017Z
f084eb,3,36,15,t,57f7cc,2021-03-27T19:57:31.017Z
b9a74d,3,17,15,t,57f7cc,2021-03-27T19:57:31.017Z
2feb6b,1,29,15,t,57f7cc,2021-03-27T19:57:31.017Z
c4a632,1,13,15,t,e85d8b,2021-02-15T19:48:16.156Z
e83aa3,3,32,15,t,e85d8b,2021-02-15T19:48:16.156Z
72f5d4,2,19,15,t,e85d8b,2021-02-15T19:48:16.156Z
9ec847,3,54,15,t,e85d8b,2021-02-15T19:48:16.156Z
5d267b,3,40,15,t,e85d8b,2021-02-15T19:48:16.156Z
c8d436,4,10,15,t,e85d8b,2021-02-15T19:48:16.156Z
2a2353,2,57,15,t,e85d8b,2021-02-15T19:48:16.156Z
f084eb,3,36,15,t,e85d8b,2021-02-15T19:48:16.156Z
e83aa3,2,32,9,f,cbb08d,2021-03-01T06:30:34.531Z
d5e9a6,5,23,9,f,cbb08d,2021-03-01T06:30:34.531Z
9ec847,2,54,9,f,cbb08d,2021-03-01T06:30:34.531Z
5d267b,4,40,9,f,cbb08d,2021-03-01T06:30:34.531Z
c8d436,5,10,9,f,cbb08d,2021-03-01T06:30:34.531Z
2a2353,1,57,9,f,cbb08d,2021-03-01T06:30:34.531Z
f084eb,3,36,9,f,cbb08d,2021-03-01T06:30:34.531Z
2feb6b,2,29,9,f,cbb08d,2021-03-01T06:30:34.531Z
c4a632,2,13,21,t,0f4633,2021-01-18T05:18:55.958Z
e83aa3,1,32,21,t,0f4633,2021-01-18T05:18:55.958Z
e31d39,2,10,21,t,0f4633,2021-01-18T05:18:55.958Z
9ec847,2,54,21,t,0f4633,2021-01-18T05:18:55.958Z
c8d436,4,10,21,t,0f4633,2021-01-18T05:18:55.958Z
f084eb,3,36,21,t,0f4633,2021-01-18T05:18:55.958Z
b9a74d,4,17,21,t,0f4633,2021-01-18T05:18:55.958Z
2feb6b,2,29,21,t,0f4633,2021-01-18T05:18:55.958Z
d5e9a6,1,23,10,t,33f6ea,2021-01-16T12:40:22.915Z
5d267b,4,40,10,t,33f6ea,2021-01-16T12:40:22.915Z
c8d436,1,10,10,t,33f6ea,2021-01-16T12:40:22.915Z
2a2353,2,57,10,t,33f6ea,2021-01-16T12:40:22.915Z
b9a74d,1,17,10,t,33f6ea,2021-01-16T12:40:22.915Z
2feb6b,2,29,10,t,33f6ea,2021-01-16T12:40:22.915Z
c4a632,2,13,18,t,c98793,2021-03-06T17:13:09.580Z
9ec847,3,54,18,t,c98793,2021-03-06T17:13:09.580Z
5d267b,4,40,18,t,c98793,2021-03-06T17:13:09.580Z
c8d436,1,10,18,t,c98793,2021-03-06T17:13:09.580Z
2a2353,1,57,18,t,c98793,2021-03-06T17:13:09.580Z
f084eb,5,36,18,t,c98793,2021-03-06T17:13:09.580Z
b9a74d,1,17,18,t,c98793,2021-03-06T17:13:09.580Z
c4a632,1,13,13,t,a2b7fd,2021-01-14T20:11:04.819Z
e83aa3,3,32,13,t,a2b7fd,2021-01-14T20:11:04.819Z
e31d39,3,10,13,t,a2b7fd,2021-01-14T20:11:04.819Z
d5e9a6,3,23,13,t,a2b7fd,2021-01-14T20:11:04.819Z
72f5d4,3,19,13,t,a2b7fd,2021-01-14T20:11:04.819Z
5d267b,3,40,13,t,a2b7fd,2021-01-14T20:11:04.819Z
2a2353,4,57,13,t,a2b7fd,2021-01-14T20:11:04.819Z
f084eb,2,36,13,t,a2b7fd,2021-01-14T20:11:04.819Z
b9a74d,1,17,13,t,a2b7fd,2021-01-14T20:11:04.819Z
2feb6b,5,29,13,t,a2b7fd,2021-01-14T20:11:04.819Z
e83aa3,1,32,2,f,a483c9,2021-01-12T12:54:12.614Z
e31d39,4,10,2,f,a483c9,2021-01-12T12:54:12.614Z
5d267b,5,40,2,f,a483c9,2021-01-12T12:54:12.614Z
f084eb,1,36,2,f,a483c9,2021-01-12T12:54:12.614Z
b9a74d,1,17,2,f,a483c9,2021-01-12T12:54:12.614Z
c4a632,2,13,18,t,83de18,2021-02-18T06:53:47.472Z
e31d39,2,10,18,t,83de18,2021-02-18T06:53:47.472Z
d5e9a6,2,23,18,t,83de18,2021-02-18T06:53:47.472Z
72f5d4,5,19,18,t,83de18,2021-02-18T06:53:47.472Z
5d267b,4,40,18,t,83de18,2021-02-18T06:53:47.472Z
c8d436,1,10,18,t,83de18,2021-02-18T06:53:47.472Z
b9a74d,4,17,18,t,83de18,2021-02-18T06:53:47.472Z
2feb6b,4,29,18,t,83de18,2021-02-18T06:53:47.472Z
c4a632,3,13,15,f,579ac0,2021-03-05T06:05:58.905Z
e83aa3,5,32,15,f,579ac0,2021-03-05T06:05:58.905Z
e31d39,3,10,15,f,579ac0,2021-03-05T06:05:58.905Z
9ec847,3,54,15,f,579ac0,2021-03-05T06:05:58.905Z
5d267b,2,40,15,f,579ac0,2021-03-05T06:05:58.905Z
2a2353,5,57,15,f,579ac0,2021-03-05T06:05:58.905Z
b9a74d,3,17,15,f,579ac0,2021-03-05T06:05:58.905Z
c4a632,1,13,2,f,d12be3,2021-03-01T18:12:46.886Z
72f5d4,4,19,2,f,d12be3,2021-03-01T18:12:46.886Z
9ec847,4,54,2,f,d12be3,2021-03-01T18:12:46.886Z
2a2353,5,57,2,f,d12be3,2021-03-01T18:12:46.886Z
b9a74d,4,17,2,f,d12be3,2021-03-01T18:12:46.886Z
2feb6b,1,29,2,f,d12be3,2021-03-01T18:12:46.886Z
e83aa3,4,32,7,t,1323ce,2021-02-07T19:06:12.240Z
e31d39,3,10,7,t,1323ce,2021-02-07T19:06:12.240Z
9ec847,2,54,7,t,1323ce,2021-02-07T19:06:12.240Z
2feb6b,3,29,7,t,1323ce,2021-02-07T19:06:12.240Z
c4a632,3,13,12,t,2f37f5,2021-03-02T20:27:37.382Z
e83aa3,4,32,12,t,2f37f5,2021-03-02T20:27:37.382Z
e31d39,2,10,12,t,2f37f5,2021-03-02T20:27:37.382Z
d5e9a6,1,23,12,t,2f37f5,2021-03-02T20:27:37.382Z
72f5d4,3,19,12,t,2f37f5,2021-03-02T20:27:37.382Z
c8d436,1,10,12,t,2f37f5,2021-03-02T20:27:37.382Z
2a2353,2,57,12,t,2f37f5,2021-03-02T20:27:37.382Z
b9a74d,2,17,12,t,2f37f5,2021-03-02T20:27:37.382Z
e83aa3,1,32,17,t,18288d,2021-01-07T21:47:19.968Z
72f5d4,2,19,17,t,18288d,2021-01-07T21:47:19.968Z
9ec847,2,54,17,t,18288d,2021-01-07T21:47:19.968Z
5d267b,4,40,17,t,18288d,2021-01-07T21:47:19.968Z
2a2353,3,57,17,t,18288d,2021-01-07T21:47:19.968Z
f084eb,4,36,17,t,18288d,2021-01-07T21:47:19.968Z
b9a74d,5,17,17,t,18288d,2021-01-07T21:47:19.968Z
9ec847,2,54,10,t,353a3b,2021-02-03T22:34:14.102Z
2a2353,4,57,10,t,353a3b,2021-02-03T22:34:14.102Z
b9a74d,4,17,10,t,353a3b,2021-02-03T22:34:14.102Z
c4a632,2,13,15,t,b07708,2021-03-05T13:54:05.212Z
e31d39,5,10,15,t,b07708,2021-03-05T13:54:05.212Z
d5e9a6,1,23,15,t,b07708,2021-03-05T13:54:05.212Z
72f5d4,2,19,15,t,b07708,2021-03-05T13:54:05.212Z
c8d436,5,10,15,t,b07708,2021-03-05T13:54:05.212Z
2a2353,2,57,15,t,b07708,2021-03-05T13:54:05.212Z
f084eb,2,36,15,t,b07708,2021-03-05T13:54:05.212Z
b9a74d,3,17,15,t,b07708,2021-03-05T13:54:05.212Z
2feb6b,4,29,15,t,b07708,2021-03-05T13:54:05.212Z
e31d39,4,10,16,t,56e935,2021-03-19T12:21:01.526Z
d5e9a6,2,23,16,t,56e935,2021-03-19T12:21:01.526Z
72f5d4,1,19,16,t,56e935,2021-03-19T12:21:01.526Z
2a2353,1,57,16,t,56e935,2021-03-19T12:21:01.526Z
f084eb,3,36,16,t,56e935,2021-03-19T12:21:01.526Z
b9a74d,4,17,16,t,56e935,2021-03-19T12:21:01.526Z
2feb6b,4,29,16,t,56e935,2021-03-19T12:21:01.526Z
c4a632,5,13,13,t,708901,2021-02-06T20:17:44.592Z
e83aa3,5,32,13,t,708901,2021-02-06T20:17:44.592Z
e31d39,1,10,13,t,708901,2021-02-06T20:17:44.592Z
5d267b,2,40,13,t,708901,2021-02-06T20:17:44.592Z
c8d436,2,10,13,t,708901,2021-02-06T20:17:44.592Z
2a2353,4,57,13,t,708901,2021-02-06T20:17:44.592Z
b9a74d,5,17,13,t,708901,2021-02-06T20:17:44.592Z
e31d39,5,10,23,f,6cbb09,2021-02-28T01:39:23.241Z
72f5d4,1,19,23,f,6cbb09,2021-02-28T01:39:23.241Z
5d267b,2,40,23,f,6cbb09,2021-02-28T01:39:23.241Z
2a2353,4,57,23,f,6cbb09,2021-02-28T01:39:23.241Z
b9a74d,3,17,23,f,6cbb09,2021-02-28T01:39:23.241Z
2feb6b,2,29,23,f,6cbb09,2021-02-28T01:39:23.241Z
c4a632,5,13,15,f,b0b1a3,2021-02-24T00:03:51.033Z
e83aa3,3,32,15,f,b0b1a3,2021-02-24T00:03:51.033Z
e31d39,3,10,15,f,b0b1a3,2021-02-24T00:03:51.033Z
d5e9a6,2,23,15,f,b0b1a3,2021-02-24T00:03:51.033Z
5d267b,5,40,15,f,b0b1a3,2021-02-24T00:03:51.033Z
f084eb,2,36,15,f,b0b1a3,2021-02-24T00:03:51.033Z
b9a74d,1,17,15,f,b0b1a3,2021-02-24T00:03:51.033Z
c4a632,3,13,15,t,b0de8f,2021-01-07T20:32:22.416Z
d5e9a6,1,23,15,t,b0de8f,2021-01-07T20:32:22.416Z
c8d436,2,10,15,t,b0de8f,2021-01-07T20:32:22.416Z
2a2353,2,57,15,t,b0de8f,2021-01-07T20:32:22.416Z
f084eb,5,36,15,t,b0de8f,2021-01-07T20:32:22.416Z
2feb6b,4,29,15,t,b0de8f,2021-01-07T20:32:22.416Z
e31d39,1,10,8,f,d234c6,2021-03-27T07:43:40.886Z
72f5d4,2,19,8,f,d234c6,2021-03-27T07:43:40.886Z
9ec847,4,54,8,f,d234c6,2021-03-27T07:43:40.886Z
5d267b,2,40,8,f,d234c6,2021-03-27T07:43:40.886Z
c8d436,4,10,8,f,d234c6,2021-03-27T07:43:40.886Z
2a2353,1,57,8,f,d234c6,2021-03-27T07:43:40.886Z
e83aa3,1,32,15,f,90384d,2021-03-13T12:35:09.196Z
d5e9a6,3,23,15,f,90384d,2021-03-13T12:35:09.196Z
72f5d4,1,19,15,f,90384d,2021-03-13T12:35:09.196Z
5d267b,5,40,15,f,90384d,2021-03-13T12:35:09.196Z
2a2353,1,57,15,f,90384d,2021-03-13T12:35:09.196Z
e83aa3,4,32,14,t,f470fd,2021-01-24T18:16:36.019Z
e31d39,3,10,14,t,f470fd,2021-01-24T18:16:36.019Z
d5e9a6,2,23,14,t,f470fd,2021-01-24T18:16:36.019Z
9ec847,4,54,14,t,f470fd,2021-01-24T18:16:36.019Z
5d267b,5,40,14,t,f470fd,2021-01-24T18:16:36.019Z
f084eb,5,36,14,t,f470fd,2021-01-24T18:16:36.019Z
b9a74d,4,17,14,t,f470fd,2021-01-24T18:16:36.019Z
2feb6b,3,29,14,t,f470fd,2021-01-24T18:16:36.019Z
c4a632,2,13,22,t,b51330,2021-03-14T13:30:35.337Z
e83aa3,4,32,22,t,b51330,2021-03-14T13:30:35.337Z
72f5d4,1,19,22,t,b51330,2021-03-14T13:30:35.337Z
c8d436,1,10,22,t,b51330,2021-03-14T13:30:35.337Z
2a2353,4,57,22,t,b51330,2021-03-14T13:30:35.337Z
f084eb,5,36,22,t,b51330,2021-03-14T13:30:35.337Z
2feb6b,3,29,22,t,b51330,2021-03-14T13:30:35.337Z
e83aa3,1,32,4,f,5159be,2021-03-12T23:57:12.124Z
d5e9a6,5,23,4,f,5159be,2021-03-12T23:57:12.124Z
9ec847,5,54,4,f,5159be,2021-03-12T23:57:12.124Z
5d267b,3,40,4,f,5159be,2021-03-12T23:57:12.124Z
2a2353,3,57,4,f,5159be,2021-03-12T23:57:12.124Z
b9a74d,1,17,4,f,5159be,2021-03-12T23:57:12.124Z
2feb6b,3,29,4,f,5159be,2021-03-12T23:57:12.124Z
e31d39,1,10,2,t,b047f7,2021-02-21T17:41:04.185Z
d5e9a6,5,23,2,t,b047f7,2021-02-21T17:41:04.185Z
72f5d4,2,19,2,t,b047f7,2021-02-21T17:41:04.185Z
9ec847,4,54,2,t,b047f7,2021-02-21T17:41:04.185Z
c8d436,5,10,2,t,b047f7,2021-02-21T17:41:04.185Z
2a2353,2,57,2,t,b047f7,2021-02-21T17:41:04.185Z
f084eb,3,36,2,t,b047f7,2021-02-21T17:41:04.185Z
b9a74d,3,17,2,t,b047f7,2021-02-21T17:41:04.185Z
2feb6b,1,29,2,t,b047f7,2021-02-21T17:41:04.185Z
d5e9a6,1,23,10,t,2e63ae,2021-01-25T01:09:12.816Z
9ec847,2,54,10,t,2e63ae,2021-01-25T01:09:12.816Z
c8d436,4,10,10,t,2e63ae,2021-01-25T01:09:12.816Z
2a2353,1,57,10,t,2e63ae,2021-01-25T01:09:12.816Z
f084eb,5,36,10,t,2e63ae,2021-01-25T01:09:12.816Z
b9a74d,3,17,10,t,2e63ae,2021-01-25T01:09:12.816Z
c4a632,4,13,16,f,d47d92,2021-02-01T16:32:12.192Z
d5e9a6,3,23,16,f,d47d92,2021-02-01T16:32:12.192Z
9ec847,3,54,16,f,d47d92,2021-02-01T16:32:12.192Z
5d267b,4,40,16,f,d47d92,2021-02-01T16:32:12.192Z
c8d436,3,10,16,f,d47d92,2021-02-01T16:32:12.192Z
2a2353,5,57,16,f,d47d92,2021-02-01T16:32:12.192Z
b9a74d,4,17,16,f,d47d92,2021-02-01T16:32:12.192Z
2feb6b,3,29,16,f,d47d92,2021-02-01T16:32:12.192Z
e83aa3,3,32,2,t,bb1448,2021-02-24T19:58:24.844Z
e31d39,1,10,2,t,bb1448,2021-02-24T19:58:24.844Z
2a2353,2,57,2,t,bb1448,2021-02-24T19:58:24.844Z
b9a74d,4,17,2,t,bb1448,2021-02-24T19:58:24.844Z
2feb6b,5,29,2,t,bb1448,2021-02-24T19:58:24.844Z
c4a632,4,13,3,f,0c6f51,2021-03-12T23:27:05.414Z
e83aa3,5,32,3,f,0c6f51,2021-03-12T23:27:05.414Z
d5e9a6,1,23,3,f,0c6f51,2021-03-12T23:27:05.414Z
5d267b,1,40,3,f,0c6f51,2021-03-12T23:27:05.414Z
c8d436,4,10,3,f,0c6f51,2021-03-12T23:27:05.414Z
2a2353,2,57,3,f,0c6f51,2021-03-12T23:27:05.414Z
f084eb,5,36,3,f,0c6f51,2021-03-12T23:27:05.414Z
b9a74d,1,17,3,f,0c6f51,2021-03-12T23:27:05.414Z
c4a632,2,13,1,t,9b5ae1,2021-03-09T10:57:54.172Z
e83aa3,5,32,1,t,9b5ae1,2021-03-09T10:57:54.172Z
d5e9a6,2,23,1,t,9b5ae1,2021-03-09T10:57:54.172Z
9ec847,2,54,1,t,9b5ae1,2021-03-09T10:57:54.172Z
2a2353,1,57,1,t,9b5ae1,2021-03-09T10:57:54.172Z
f084eb,3,36,1,t,9b5ae1,2021-03-09T10:57:54.172Z
c4a632,5,13,21,t,685dfc,2021-03-11T01:14:06.057Z
e83aa3,3,32,21,t,685dfc,2021-03-11T01:14:06.057Z
9ec847,5,54,21,t,685dfc,2021-03-11T01:14:06.057Z
5d267b,4,40,21,t,685dfc,2021-03-11T01:14:06.057Z
c8d436,5,10,21,t,685dfc,2021-03-11T01:14:06.057Z
2a2353,4,57,21,t,685dfc,2021-03-11T01:14:06.057Z
2feb6b,1,29,21,t,685dfc,2021-03-11T01:14:06.057Z
e31d39,4,10,5,t,f9d4da,2021-02-28T17:59:52.224Z
9ec847,3,54,5,t,f9d4da,2021-02-28T17:59:52.224Z
5d267b,2,40,5,t,f9d4da,2021-02-28T17:59:52.224Z
c4a632,2,13,23,f,51edfb,2021-03-20T11:13:27.811Z
e31d39,1,10,23,f,51edfb,2021-03-20T11:13:27.811Z
d5e9a6,4,23,23,f,51edfb,2021-03-20T11:13:27.811Z
9ec847,4,54,23,f,51edfb,2021-03-20T11:13:27.811Z
c8d436,3,10,23,f,51edfb,2021-03-20T11:13:27.811Z
2a2353,4,57,23,f,51edfb,2021-03-20T11:13:27.811Z
b9a74d,1,17,23,f,51edfb,2021-03-20T11:13:27.811Z
d5e9a6,2,23,11,f,8e04a2,2021-01-13T07:01:32.736Z
9ec847,1,54,11,f,8e04a2,2021-01-13T07:01:32.736Z
5d267b,4,40,11,f,8e04a2,2021-01-13T07:01:32.736Z
2a2353,1,57,11,f,8e04a2,2021-01-13T07:01:32.736Z
b9a74d,2,17,11,f,8e04a2,2021-01-13T07:01:32.736Z
2feb6b,3,29,11,f,8e04a2,2021-01-13T07:01:32.736Z
d5e9a6,4,23,8,f,2b3a54,2021-03-27T05:17:49.257Z
72f5d4,2,19,8,f,2b3a54,2021-03-27T05:17:49.257Z
9ec847,2,54,8,f,2b3a54,2021-03-27T05:17:49.257Z
5d267b,4,40,8,f,2b3a54,2021-03-27T05:17:49.257Z
e31d39,3,10,19,f,881c46,2021-02-17T19:44:22.358Z
d5e9a6,4,23,19,f,881c46,2021-02-17T19:44:22.358Z
c8d436,1,10,19,f,881c46,2021-02-17T19:44:22.358Z
b9a74d,5,17,19,f,881c46,2021-02-17T19:44:22.358Z
c4a632,2,13,6,t,e93be1,2021-03-27T06:22:24.211Z
e83aa3,1,32,6,t,e93be1,2021-03-27T06:22:24.211Z
e31d39,4,10,6,t,e93be1,2021-03-27T06:22:24.211Z
9ec847,3,54,6,t,e93be1,2021-03-27T06:22:24.211Z
5d267b,2,40,6,t,e93be1,2021-03-27T06:22:24.211Z
b9a74d,4,17,6,t,e93be1,2021-03-27T06:22:24.211Z
2feb6b,4,29,6,t,e93be1,2021-03-27T06:22:24.211Z
c4a632,2,13,3,t,84d86c,2021-03-27T19:00:14.371Z
e83aa3,5,32,3,t,84d86c,2021-03-27T19:00:14.371Z
d5e9a6,1,23,3,t,84d86c,2021-03-27T19:00:14.371Z
72f5d4,4,19,3,t,84d86c,2021-03-27T19:00:14.371Z
5d267b,5,40,3,t,84d86c,2021-03-27T19:00:14.371Z
c8d436,5,10,3,t,84d86c,2021-03-27T19:00:14.371Z
2feb6b,3,29,3,t,84d86c,2021-03-27T19:00:14.371Z
c4a632,3,13,11,t,ee9fbb,2021-01-12T17:32:36.585Z
e31d39,2,10,11,t,ee9fbb,2021-01-12T17:32:36.585Z
d5e9a6,5,23,11,t,ee9fbb,2021-01-12T17:32:36.585Z
9ec847,5,54,11,t,ee9fbb,2021-01-12T17:32:36.585Z
f084eb,3,36,11,t,ee9fbb,2021-01-12T17:32:36.585Z
b9a74d,3,17,11,t,ee9fbb,2021-01-12T17:32:36.585Z
c4a632,4,13,15,t,aa7e3c,2021-02-21T22:19:43.622Z
d5e9a6,2,23,15,t,aa7e3c,2021-02-21T22:19:43.622Z
5d267b,4,40,15,t,aa7e3c,2021-02-21T22:19:43.622Z
c8d436,5,10,15,t,aa7e3c,2021-02-21T22:19:43.622Z
2a2353,1,57,15,t,aa7e3c,2021-02-21T22:19:43.622Z
b9a74d,1,17,15,t,aa7e3c,2021-02-21T22:19:43.622Z
c4a632,1,13,3,f,4bb50e,2021-02-01T13:11:48.163Z
e31d39,5,10,3,f,4bb50e,2021-02-01T13:11:48.163Z
72f5d4,3,19,3,f,4bb50e,2021-02-01T13:11:48.163Z
5d267b,2,40,3,f,4bb50e,2021-02-01T13:11:48.163Z
f084eb,4,36,3,f,4bb50e,2021-02-01T13:11:48.163Z
2feb6b,2,29,3,f,4bb50e,2021-02-01T13:11:48.163Z
d5e9a6,1,23,13,t,8e55b4,2021-02-03T13:27:34.761Z
72f5d4,5,19,13,t,8e55b4,2021-02-03T13:27:34.761Z
c8d436,4,10,13,t,8e55b4,2021-02-03T13:27:34.761Z
f084eb,3,36,13,t,8e55b4,2021-02-03T13:27:34.761Z
2feb6b,2,29,13,t,8e55b4,2021-02-03T13:27:34.761Z
c4a632,3,13,10,f,df1746,2021-01-29T10:43:50.822Z
9ec847,2,54,10,f,df1746,2021-01-29T10:43:50.822Z
5d267b,2,40,10,f,df1746,2021-01-29T10:43:50.822Z
c8d436,4,10,10,f,df1746,2021-01-29T10:43:50.822Z
f084eb,3,36,10,f,df1746,2021-01-29T10:43:50.822Z
e31d39,4,10,23,t,e45658,2021-01-26T05:42:34.300Z
72f5d4,4,19,23,t,e45658,2021-01-26T05:42:34.300Z
9ec847,3,54,23,t,e45658,2021-01-26T05:42:34.300Z
2a2353,3,57,23,t,e45658,2021-01-26T05:42:34.300Z
b9a74d,1,17,23,t,e45658,2021-01-26T05:42:34.300Z
2feb6b,1,29,23,t,e45658,2021-01-26T05:42:34.300Z
c4a632,5,13,7,t,183254,2021-01-30T19:30:17.971Z
e83aa3,4,32,7,t,183254,2021-01-30T19:30:17.971Z
e31d39,3,10,7,t,183254,2021-01-30T19:30:17.971Z
d5e9a6,2,23,7,t,183254,2021-01-30T19:30:17.971Z
72f5d4,2,19,7,t,183254,2021-01-30T19:30:17.971Z
5d267b,4,40,7,t,183254,2021-01-30T19:30:17.971Z
c8d436,2,10,7,t,183254,2021-01-30T19:30:17.971Z
f084eb,4,36,7,t,183254,2021-01-30T19:30:17.971Z
2feb6b,1,29,7,t,183254,2021-01-30T19:30:17.971Z
72f5d4,1,19,17,f,2078f1,2021-01-12T14:34:09.292Z
9ec847,3,54,17,f,2078f1,2021-01-12T14:34:09.292Z
5d267b,2,40,17,f,2078f1,2021-01-12T14:34:09.292Z
c8d436,3,10,17,f,2078f1,2021-01-12T14:34:09.292Z
2a2353,4,57,17,f,2078f1,2021-01-12T14:34:09.292Z
f084eb,2,36,17,f,2078f1,2021-01-12T14:34:09.292Z
c4a632,4,13,12,t,c04aa4,2021-03-02T10:15:17.856Z
d5e9a6,2,23,12,t,c04aa4,2021-03-02T10:15:17.856Z
5d267b,4,40,12,t,c04aa4,2021-03-02T10:15:17.856Z
c8d436,3,10,12,t,c04aa4,2021-03-02T10:15:17.856Z
f084eb,3,36,12,t,c04aa4,2021-03-02T10:15:17.856Z
2feb6b,4,29,12,t,c04aa4,2021-03-02T10:15:17.856Z
c4a632,3,13,2,f,5fd928,2021-02-05T07:26:33.504Z
e83aa3,4,32,2,f,5fd928,2021-02-05T07:26:33.504Z
e31d39,4,10,2,f,5fd928,2021-02-05T07:26:33.504Z
d5e9a6,1,23,2,f,5fd928,2021-02-05T07:26:33.504Z
c8d436,2,10,2,f,5fd928,2021-02-05T07:26:33.504Z
f084eb,3,36,2,f,5fd928,2021-02-05T07:26:33.504Z
c4a632,1,13,10,f,0dc9b0,2021-03-07T20:54:26.755Z
d5e9a6,1,23,10,f,0dc9b0,2021-03-07T20:54:26.755Z
9ec847,2,54,10,f,0dc9b0,2021-03-07T20:54:26.755Z
c8d436,5,10,10,f,0dc9b0,2021-03-07T20:54:26.755Z
2feb6b,2,29,10,f,0dc9b0,2021-03-07T20:54:26.755Z
e83aa3,3,32,19,f,b247ef,2021-03-12T07:20:35.462Z
9ec847,2,54,19,f,b247ef,2021-03-12T07:20:35.462Z
5d267b,2,40,19,f,b247ef,2021-03-12T07:20:35.462Z
2a2353,5,57,19,f,b247ef,2021-03-12T07:20:35.462Z
f084eb,4,36,19,f,b247ef,2021-03-12T07:20:35.462Z
b9a74d,5,17,19,f,b247ef,2021-03-12T07:20:35.462Z
2feb6b,3,29,19,f,b247ef,2021-03-12T07:20:35.462Z
c8d436,2,10,0,f,3fb06f,2021-03-02T01:09:57.398Z
2a2353,1,57,0,f,3fb06f,2021-03-02T01:09:57.398Z
b9a74d,1,17,0,f,3fb06f,2021-03-02T01:09:57.398Z
2feb6b,2,29,0,f,3fb06f,2021-03-02T01:09:57.398Z
c4a632,5,13,24,t,ff0bc8,2021-01-24T19:54:47.376Z
e83aa3,1,32,24,t,ff0bc8,2021-01-24T19:54:47.376Z
72f5d4,2,19,24,t,ff0bc8,2021-01-24T19:54:47.376Z
9ec847,2,54,24,t,ff0bc8,2021-01-24T19:54:47.376Z
c8d436,4,10,24,t,ff0bc8,2021-01-24T19:54:47.376Z
2a2353,1,57,24,t,ff0bc8,2021-01-24T19:54:47.376Z
f084eb,1,36,24,t,ff0bc8,2021-01-24T19:54:47.376Z
b9a74d,1,17,24,t,ff0bc8,2021-01-24T19:54:47.376Z
2feb6b,2,29,24,t,ff0bc8,2021-01-24T19:54:47.376Z
c4a632,4,13,0,t,09ed6b,2021-02-06T08:21:47.376Z
e83aa3,3,32,0,t,09ed6b,2021-02-06T08:21:47.376Z
d5e9a6,4,23,0,t,09ed6b,2021-02-06T08:21:47.376Z
72f5d4,1,19,0,t,09ed6b,2021-02-06T08:21:47.376Z
5d267b,4,40,0,t,09ed6b,2021-02-06T08:21:47.376Z
c8d436,3,10,0,t,09ed6b,2021-02-06T08:21:47.376Z
2feb6b,5,29,0,t,09ed6b,2021-02-06T08:21:47.376Z
c4a632,2,13,10,f,38ece5,2021-01-25T14:46:56.870Z
e83aa3,5,32,10,f,38ece5,2021-01-25T14:46:56.870Z
e31d39,5,10,10,f,38ece5,2021-01-25T14:46:56.870Z
c4a632,4,13,21,f,d99593,2021-03-04T10:27:35.452Z
e31d39,5,10,21,f,d99593,2021-03-04T10:27:35.452Z
d5e9a6,5,23,21,f,d99593,2021-03-04T10:27:35.452Z
9ec847,3,54,21,f,d99593,2021-03-04T10:27:35.452Z
5d267b,5,40,21,f,d99593,2021-03-04T10:27:35.452Z
c4a632,2,13,21,t,cb0124,2021-02-09T10:18:24.739Z
d5e9a6,1,23,21,t,cb0124,2021-02-09T10:18:24.739Z
b9a74d,4,17,21,t,cb0124,2021-02-09T10:18:24.739Z
e83aa3,3,32,21,f,413205,2021-03-04T13:39:38.534Z
d5e9a6,3,23,21,f,413205,2021-03-04T13:39:38.534Z
72f5d4,3,19,21,f,413205,2021-03-04T13:39:38.534Z
9ec847,2,54,21,f,413205,2021-03-04T13:39:38.534Z
2a2353,4,57,21,f,413205,2021-03-04T13:39:38.534Z
b9a74d,3,17,21,f,413205,2021-03-04T13:39:38.534Z
2feb6b,2,29,21,f,413205,2021-03-04T13:39:38.534Z
c4a632,1,13,24,t,829dfc,2021-01-07T14:41:29.068Z
e83aa3,2,32,24,t,829dfc,2021-01-07T14:41:29.068Z
9ec847,2,54,24,t,829dfc,2021-01-07T14:41:29.068Z
5d267b,4,40,24,t,829dfc,2021-01-07T14:41:29.068Z
c8d436,4,10,24,t,829dfc,2021-01-07T14:41:29.068Z
b9a74d,5,17,24,t,829dfc,2021-01-07T14:41:29.068Z
e31d39,2,10,9,f,b51089,2021-02-26T05:11:02.659Z
72f5d4,1,19,9,f,b51089,2021-02-26T05:11:02.659Z
2feb6b,4,29,9,f,b51089,2021-02-26T05:11:02.659Z
e83aa3,2,32,6,t,a4c93f,2021-01-17T22:58:33.398Z
d5e9a6,3,23,6,t,a4c93f,2021-01-17T22:58:33.398Z
9ec847,2,54,6,t,a4c93f,2021-01-17T22:58:33.398Z
5d267b,3,40,6,t,a4c93f,2021-01-17T22:58:33.398Z
f084eb,4,36,6,t,a4c93f,2021-01-17T22:58:33.398Z
b9a74d,3,17,6,t,a4c93f,2021-01-17T22:58:33.398Z
2feb6b,5,29,6,t,a4c93f,2021-01-17T22:58:33.398Z
72f5d4,1,19,1,f,47c7d5,2021-03-05T06:43:35.673Z
9ec847,2,54,1,f,47c7d5,2021-03-05T06:43:35.673Z
2a2353,2,57,1,f,47c7d5,2021-03-05T06:43:35.673Z
f084eb,5,36,1,f,47c7d5,2021-03-05T06:43:35.673Z
2feb6b,2,29,1,f,47c7d5,2021-03-05T06:43:35.673Z
5d267b,2,40,11,f,78f2ad,2021-03-30T18:48:14.400Z
2a2353,4,57,11,f,78f2ad,2021-03-30T18:48:14.400Z
f084eb,5,36,11,f,78f2ad,2021-03-30T18:48:14.400Z
72f5d4,1,19,21,t,b59079,2021-02-02T05:09:23.904Z
c8d436,5,10,21,t,b59079,2021-02-02T05:09:23.904Z
2a2353,1,57,21,t,b59079,2021-02-02T05:09:23.904Z
b9a74d,5,17,21,t,b59079,2021-02-02T05:09:23.904Z
2feb6b,1,29,21,t,b59079,2021-02-02T05:09:23.904Z
c4a632,3,13,8,f,e726bd,2021-01-16T21:02:37.593Z
e83aa3,4,32,8,f,e726bd,2021-01-16T21:02:37.593Z
e31d39,5,10,8,f,e726bd,2021-01-16T21:02:37.593Z
d5e9a6,5,23,8,f,e726bd,2021-01-16T21:02:37.593Z
72f5d4,3,19,8,f,e726bd,2021-01-16T21:02:37.593Z
5d267b,2,40,8,f,e726bd,2021-01-16T21:02:37.593Z
f084eb,5,36,8,f,e726bd,2021-01-16T21:02:37.593Z
e83aa3,2,32,22,f,dc4c20,2021-01-07T08:54:43.862Z
e31d39,2,10,22,f,dc4c20,2021-01-07T08:54:43.862Z
c8d436,3,10,22,f,dc4c20,2021-01-07T08:54:43.862Z
b9a74d,2,17,22,f,dc4c20,2021-01-07T08:54:43.862Z
c4a632,1,13,4,f,7f15ef,2021-03-15T01:00:44.092Z
e31d39,3,10,4,f,7f15ef,2021-03-15T01:00:44.092Z
d5e9a6,4,23,4,f,7f15ef,2021-03-15T01:00:44.092Z
72f5d4,1,19,4,f,7f15ef,2021-03-15T01:00:44.092Z
c8d436,3,10,4,f,7f15ef,2021-03-15T01:00:44.092Z
f084eb,1,36,4,f,7f15ef,2021-03-15T01:00:44.092Z
b9a74d,1,17,4,f,7f15ef,2021-03-15T01:00:44.092Z
c4a632,1,13,1,f,4e95f2,2021-01-03T23:35:02.688Z
e83aa3,2,32,1,f,4e95f2,2021-01-03T23:35:02.688Z
e31d39,2,10,1,f,4e95f2,2021-01-03T23:35:02.688Z
72f5d4,3,19,1,f,4e95f2,2021-01-03T23:35:02.688Z
9ec847,1,54,1,f,4e95f2,2021-01-03T23:35:02.688Z
5d267b,4,40,1,f,4e95f2,2021-01-03T23:35:02.688Z
f084eb,4,36,1,f,4e95f2,2021-01-03T23:35:02.688Z
b9a74d,5,17,1,f,4e95f2,2021-01-03T23:35:02.688Z
2feb6b,5,29,1,f,4e95f2,2021-01-03T23:35:02.688Z
c4a632,2,13,16,f,a7eabf,2021-01-09T12:48:12.844Z
e83aa3,3,32,16,f,a7eabf,2021-01-09T12:48:12.844Z
e31d39,3,10,16,f,a7eabf,2021-01-09T12:48:12.844Z
d5e9a6,1,23,16,f,a7eabf,2021-01-09T12:48:12.844Z
9ec847,4,54,16,f,a7eabf,2021-01-09T12:48:12.844Z
2a2353,5,57,16,f,a7eabf,2021-01-09T12:48:12.844Z
2feb6b,5,29,16,f,a7eabf,2021-01-09T12:48:12.844Z
c4a632,5,13,21,t,a52da9,2021-03-29T06:42:49.795Z
e31d39,4,10,21,t,a52da9,2021-03-29T06:42:49.795Z
d5e9a6,4,23,21,t,a52da9,2021-03-29T06:42:49.795Z
72f5d4,4,19,21,t,a52da9,2021-03-29T06:42:49.795Z
9ec847,4,54,21,t,a52da9,2021-03-29T06:42:49.795Z
c8d436,4,10,21,t,a52da9,2021-03-29T06:42:49.795Z
2a2353,5,57,21,t,a52da9,2021-03-29T06:42:49.795Z
b9a74d,5,17,21,t,a52da9,2021-03-29T06:42:49.795Z
2feb6b,2,29,21,t,a52da9,2021-03-29T06:42:49.795Z
c4a632,2,13,15,t,f519e0,2021-01-20T12:45:26.179Z
e83aa3,4,32,15,t,f519e0,2021-01-20T12:45:26.179Z
e31d39,5,10,15,t,f519e0,2021-01-20T12:45:26.179Z
d5e9a6,3,23,15,t,f519e0,2021-01-20T12:45:26.179Z
9ec847,1,54,15,t,f519e0,2021-01-20T12:45:26.179Z
c8d436,3,10,15,t,f519e0,2021-01-20T12:45:26.179Z
2a2353,2,57,15,t,f519e0,2021-01-20T12:45:26.179Z
c4a632,3,13,14,f,596b51,2021-01-16T18:41:17.779Z
e83aa3,4,32,14,f,596b51,2021-01-16T18:41:17.779Z
9ec847,3,54,14,f,596b51,2021-01-16T18:41:17.779Z
2a2353,1,57,14,f,596b51,2021-01-16T18:41:17.779Z
2feb6b,5,29,14,f,596b51,2021-01-16T18:41:17.779Z
d5e9a6,3,23,9,t,c42ce5,2021-02-28T19:21:08.294Z
72f5d4,1,19,9,t,c42ce5,2021-02-28T19:21:08.294Z
9ec847,5,54,9,t,c42ce5,2021-02-28T19:21:08.294Z
5d267b,5,40,9,t,c42ce5,2021-02-28T19:21:08.294Z
2a2353,2,57,9,t,c42ce5,2021-02-28T19:21:08.294Z
f084eb,4,36,9,t,c42ce5,2021-02-28T19:21:08.294Z
2feb6b,1,29,9,t,c42ce5,2021-02-28T19:21:08.294Z
c4a632,4,13,7,t,a9e8a7,2021-02-22T08:09:09.302Z
e31d39,2,10,7,t,a9e8a7,2021-02-22T08:09:09.302Z
72f5d4,2,19,7,t,a9e8a7,2021-02-22T08:09:09.302Z
9ec847,2,54,7,t,a9e8a7,2021-02-22T08:09:09.302Z
5d267b,4,40,7,t,a9e8a7,2021-02-22T08:09:09.302Z
c8d436,2,10,7,t,a9e8a7,2021-02-22T08:09:09.302Z
2a2353,1,57,7,t,a9e8a7,2021-02-22T08:09:09.302Z
b9a74d,5,17,7,t,a9e8a7,2021-02-22T08:09:09.302Z
2feb6b,2,29,7,t,a9e8a7,2021-02-22T08:09:09.302Z
e83aa3,3,32,9,t,759a51,2021-01-11T09:17:36.240Z
e31d39,4,10,9,t,759a51,2021-01-11T09:17:36.240Z
72f5d4,4,19,9,t,759a51,2021-01-11T09:17:36.240Z
9ec847,5,54,9,t,759a51,2021-01-11T09:17:36.240Z
2a2353,2,57,9,t,759a51,2021-01-11T09:17:36.240Z
b9a74d,2,17,9,t,759a51,2021-01-11T09:17:36.240Z
c4a632,4,13,13,f,2d4233,2021-02-05T00:03:51.984Z
e83aa3,2,32,13,f,2d4233,2021-02-05T00:03:51.984Z
e31d39,2,10,13,f,2d4233,2021-02-05T00:03:51.984Z
d5e9a6,1,23,13,f,2d4233,2021-02-05T00:03:51.984Z
72f5d4,4,19,13,f,2d4233,2021-02-05T00:03:51.984Z
5d267b,4,40,13,f,2d4233,2021-02-05T00:03:51.984Z
b9a74d,3,17,13,f,2d4233,2021-02-05T00:03:51.984Z
2feb6b,2,29,13,f,2d4233,2021-02-05T00:03:51.984Z
c4a632,2,13,4,t,878ce6,2021-01-20T11:13:18.393Z
e83aa3,4,32,4,t,878ce6,2021-01-20T11:13:18.393Z
d5e9a6,1,23,4,t,878ce6,2021-01-20T11:13:18.393Z
9ec847,4,54,4,t,878ce6,2021-01-20T11:13:18.393Z
5d267b,2,40,4,t,878ce6,2021-01-20T11:13:18.393Z
c8d436,4,10,4,t,878ce6,2021-01-20T11:13:18.393Z
2a2353,5,57,4,t,878ce6,2021-01-20T11:13:18.393Z
f084eb,3,36,4,t,878ce6,2021-01-20T11:13:18.393Z
b9a74d,3,17,4,t,878ce6,2021-01-20T11:13:18.393Z
2feb6b,3,29,4,t,878ce6,2021-01-20T11:13:18.393Z
c4a632,3,13,13,f,e7f087,2021-01-08T14:29:26.678Z
e31d39,5,10,13,f,e7f087,2021-01-08T14:29:26.678Z
f084eb,2,36,13,f,e7f087,2021-01-08T14:29:26.678Z
b9a74d,5,17,13,f,e7f087,2021-01-08T14:29:26.678Z
e83aa3,1,32,24,f,f43fca,2021-02-17T00:29:07.612Z
e31d39,3,10,24,f,f43fca,2021-02-17T00:29:07.612Z
d5e9a6,3,23,24,f,f43fca,2021-02-17T00:29:07.612Z
72f5d4,2,19,24,f,f43fca,2021-02-17T00:29:07.612Z
5d267b,5,40,24,f,f43fca,2021-02-17T00:29:07.612Z
f084eb,1,36,24,f,f43fca,2021-02-17T00:29:07.612Z
b9a74d,1,17,24,f,f43fca,2021-02-17T00:29:07.612Z
2feb6b,4,29,24,f,f43fca,2021-02-17T00:29:07.612Z
c4a632,1,13,9,t,3f98c8,2021-02-28T21:44:54.729Z
e83aa3,3,32,9,t,3f98c8,2021-02-28T21:44:54.729Z
e31d39,1,10,9,t,3f98c8,2021-02-28T21:44:54.729Z
d5e9a6,2,23,9,t,3f98c8,2021-02-28T21:44:54.729Z
72f5d4,3,19,9,t,3f98c8,2021-02-28T21:44:54.729Z
5d267b,5,40,9,t,3f98c8,2021-02-28T21:44:54.729Z
c8d436,1,10,9,t,3f98c8,2021-02-28T21:44:54.729Z
2a2353,4,57,9,t,3f98c8,2021-02-28T21:44:54.729Z
f084eb,5,36,9,t,3f98c8,2021-02-28T21:44:54.729Z
2feb6b,3,29,9,t,3f98c8,2021-02-28T21:44:54.729Z
e83aa3,3,32,10,f,4b051f,2021-03-27T08:30:40.636Z
d5e9a6,5,23,10,f,4b051f,2021-03-27T08:30:40.636Z
5d267b,4,40,10,f,4b051f,2021-03-27T08:30:40.636Z
c8d436,4,10,10,f,4b051f,2021-03-27T08:30:40.636Z
2feb6b,5,29,10,f,4b051f,2021-03-27T08:30:40.636Z
e83aa3,2,32,19,f,60dce0,2021-03-08T01:02:38.659Z
e31d39,3,10,19,f,60dce0,2021-03-08T01:02:38.659Z
d5e9a6,4,23,19,f,60dce0,2021-03-08T01:02:38.659Z
72f5d4,5,19,19,f,60dce0,2021-03-08T01:02:38.659Z
f084eb,4,36,19,f,60dce0,2021-03-08T01:02:38.659Z
b9a74d,5,17,19,f,60dce0,2021-03-08T01:02:38.659Z
2feb6b,1,29,19,f,60dce0,2021-03-08T01:02:38.659Z
c4a632,3,13,8,t,8b2843,2021-01-25T21:19:06.441Z
d5e9a6,4,23,8,t,8b2843,2021-01-25T21:19:06.441Z
9ec847,1,54,8,t,8b2843,2021-01-25T21:19:06.441Z
2a2353,3,57,8,t,8b2843,2021-01-25T21:19:06.441Z
b9a74d,3,17,8,t,8b2843,2021-01-25T21:19:06.441Z
2feb6b,2,29,8,t,8b2843,2021-01-25T21:19:06.441Z
e83aa3,1,32,24,f,60f638,2021-03-18T17:28:01.920Z
e31d39,1,10,24,f,60f638,2021-03-18T17:28:01.920Z
d5e9a6,1,23,24,f,60f638,2021-03-18T17:28:01.920Z
72f5d4,3,19,24,f,60f638,2021-03-18T17:28:01.920Z
5d267b,3,40,24,f,60f638,2021-03-18T17:28:01.920Z
f084eb,1,36,24,f,60f638,2021-03-18T17:28:01.920Z
c4a632,2,13,20,f,e2071a,2021-03-19T17:03:22.665Z
d5e9a6,5,23,20,f,e2071a,2021-03-19T17:03:22.665Z
f084eb,2,36,20,f,e2071a,2021-03-19T17:03:22.665Z
c4a632,2,13,1,t,714217,2021-01-26T11:20:22.272Z
e31d39,4,10,1,t,714217,2021-01-26T11:20:22.272Z
5d267b,2,40,1,t,714217,2021-01-26T11:20:22.272Z
c8d436,5,10,1,t,714217,2021-01-26T11:20:22.272Z
f084eb,2,36,1,t,714217,2021-01-26T11:20:22.272Z
b9a74d,2,17,1,t,714217,2021-01-26T11:20:22.272Z
2feb6b,1,29,1,t,714217,2021-01-26T11:20:22.272Z
c4a632,3,13,11,t,d41909,2021-01-08T18:26:58.099Z
e83aa3,1,32,11,t,d41909,2021-01-08T18:26:58.099Z
e31d39,2,10,11,t,d41909,2021-01-08T18:26:58.099Z
72f5d4,3,19,11,t,d41909,2021-01-08T18:26:58.099Z
5d267b,5,40,11,t,d41909,2021-01-08T18:26:58.099Z
2a2353,4,57,11,t,d41909,2021-01-08T18:26:58.099Z
e31d39,1,10,6,t,c77a2e,2021-01-18T01:26:18.038Z
9ec847,2,54,6,t,c77a2e,2021-01-18T01:26:18.038Z
b9a74d,4,17,6,t,c77a2e,2021-01-18T01:26:18.038Z
2feb6b,4,29,6,t,c77a2e,2021-01-18T01:26:18.038Z
c4a632,1,13,3,f,f66407,2021-01-23T17:48:07.977Z
72f5d4,2,19,3,f,f66407,2021-01-23T17:48:07.977Z
9ec847,1,54,3,f,f66407,2021-01-23T17:48:07.977Z
2a2353,4,57,3,f,f66407,2021-01-23T17:48:07.977Z
f084eb,2,36,3,f,f66407,2021-01-23T17:48:07.977Z
b9a74d,3,17,3,f,f66407,2021-01-23T17:48:07.977Z
c4a632,2,13,5,t,2cefe1,2021-01-21T18:30:16.646Z
e31d39,4,10,5,t,2cefe1,2021-01-21T18:30:16.646Z
72f5d4,3,19,5,t,2cefe1,2021-01-21T18:30:16.646Z
c8d436,4,10,5,t,2cefe1,2021-01-21T18:30:16.646Z
f084eb,4,36,5,t,2cefe1,2021-01-21T18:30:16.646Z
b9a74d,3,17,5,t,2cefe1,2021-01-21T18:30:16.646Z
2feb6b,3,29,5,t,2cefe1,2021-01-21T18:30:16.646Z
e83aa3,3,32,18,t,d32147,2021-01-05T15:10:21.993Z
e31d39,5,10,18,t,d32147,2021-01-05T15:10:21.993Z
d5e9a6,3,23,18,t,d32147,2021-01-05T15:10:21.993Z
5d267b,5,40,18,t,d32147,2021-01-05T15:10:21.993Z
c8d436,1,10,18,t,d32147,2021-01-05T15:10:21.993Z
2a2353,1,57,18,t,d32147,2021-01-05T15:10:21.993Z
f084eb,2,36,18,t,d32147,2021-01-05T15:10:21.993Z
5d267b,5,40,7,t,77d5f8,2021-02-06T12:46:55.689Z
c8d436,1,10,7,t,77d5f8,2021-02-06T12:46:55.689Z
f084eb,1,36,7,t,77d5f8,2021-02-06T12:46:55.689Z
b9a74d,4,17,7,t,77d5f8,2021-02-06T12:46:55.689Z
c4a632,5,13,12,t,f562cf,2021-01-06T01:34:02.784Z
e83aa3,2,32,12,t,f562cf,2021-01-06T01:34:02.784Z
e31d39,3,10,12,t,f562cf,2021-01-06T01:34:02.784Z
72f5d4,5,19,12,t,f562cf,2021-01-06T01:34:02.784Z
5d267b,3,40,12,t,f562cf,2021-01-06T01:34:02.784Z
2a2353,4,57,12,t,f562cf,2021-01-06T01:34:02.784Z
b9a74d,1,17,12,t,f562cf,2021-01-06T01:34:02.784Z
2feb6b,5,29,12,t,f562cf,2021-01-06T01:34:02.784Z
c4a632,5,13,6,t,e46718,2021-02-18T05:56:56.745Z
d5e9a6,4,23,6,t,e46718,2021-02-18T05:56:56.745Z
c8d436,1,10,6,t,e46718,2021-02-18T05:56:56.745Z
f084eb,5,36,6,t,e46718,2021-02-18T05:56:56.745Z
2feb6b,1,29,6,t,e46718,2021-02-18T05:56:56.745Z
c4a632,2,13,9,t,a58758,2021-02-03T05:49:55.545Z
c8d436,3,10,9,t,a58758,2021-02-03T05:49:55.545Z
2a2353,1,57,9,t,a58758,2021-02-03T05:49:55.545Z
f084eb,3,36,9,t,a58758,2021-02-03T05:49:55.545Z
c4a632,3,13,15,t,834438,2021-01-01T11:57:44.352Z
e31d39,3,10,15,t,834438,2021-01-01T11:57:44.352Z
9ec847,2,54,15,t,834438,2021-01-01T11:57:44.352Z
f084eb,2,36,15,t,834438,2021-01-01T11:57:44.352Z
b9a74d,5,17,15,t,834438,2021-01-01T11:57:44.352Z
2feb6b,3,29,15,t,834438,2021-01-01T11:57:44.352Z
e83aa3,4,32,13,f,2afe99,2021-01-06T14:39:32.601Z
e31d39,1,10,13,f,2afe99,2021-01-06T14:39:32.601Z
9ec847,2,54,13,f,2afe99,2021-01-06T14:39:32.601Z
b9a74d,1,17,13,f,2afe99,2021-01-06T14:39:32.601Z
2feb6b,4,29,13,f,2afe99,2021-01-06T14:39:32.601Z
e83aa3,4,32,17,t,62813c,2021-01-26T02:06:24.796Z
e31d39,3,10,17,t,62813c,2021-01-26T02:06:24.796Z
d5e9a6,3,23,17,t,62813c,2021-01-26T02:06:24.796Z
72f5d4,2,19,17,t,62813c,2021-01-26T02:06:24.796Z
9ec847,5,54,17,t,62813c,2021-01-26T02:06:24.796Z
5d267b,3,40,17,t,62813c,2021-01-26T02:06:24.796Z
c8d436,2,10,17,t,62813c,2021-01-26T02:06:24.796Z
b9a74d,4,17,17,t,62813c,2021-01-26T02:06:24.796Z
c4a632,3,13,16,t,5cf210,2021-03-13T21:12:32.112Z
72f5d4,2,19,16,t,5cf210,2021-03-13T21:12:32.112Z
9ec847,1,54,16,t,5cf210,2021-03-13T21:12:32.112Z
5d267b,1,40,16,t,5cf210,2021-03-13T21:12:32.112Z
c8d436,5,10,16,t,5cf210,2021-03-13T21:12:32.112Z
2feb6b,5,29,16,t,5cf210,2021-03-13T21:12:32.112Z
c4a632,5,13,17,t,134705,2021-01-26T20:23:15.331Z
d5e9a6,5,23,17,t,134705,2021-01-26T20:23:15.331Z
5d267b,4,40,17,t,134705,2021-01-26T20:23:15.331Z
c8d436,3,10,17,t,134705,2021-01-26T20:23:15.331Z
b9a74d,2,17,17,t,134705,2021-01-26T20:23:15.331Z
2feb6b,5,29,17,t,134705,2021-01-26T20:23:15.331Z
c4a632,5,13,4,t,09c243,2021-01-05T05:28:01.056Z
d5e9a6,4,23,4,t,09c243,2021-01-05T05:28:01.056Z
72f5d4,1,19,4,t,09c243,2021-01-05T05:28:01.056Z
2a2353,3,57,4,t,09c243,2021-01-05T05:28:01.056Z
b9a74d,1,17,4,t,09c243,2021-01-05T05:28:01.056Z
2feb6b,5,29,4,t,09c243,2021-01-05T05:28:01.056Z
c4a632,5,13,12,f,1c801b,2021-03-21T16:59:47.875Z
e83aa3,5,32,12,f,1c801b,2021-03-21T16:59:47.875Z
e31d39,3,10,12,f,1c801b,2021-03-21T16:59:47.875Z
d5e9a6,2,23,12,f,1c801b,2021-03-21T16:59:47.875Z
5d267b,1,40,12,f,1c801b,2021-03-21T16:59:47.875Z
c8d436,2,10,12,f,1c801b,2021-03-21T16:59:47.875Z
2a2353,5,57,12,f,1c801b,2021-03-21T16:59:47.875Z
b9a74d,5,17,12,f,1c801b,2021-03-21T16:59:47.875Z
2feb6b,2,29,12,f,1c801b,2021-03-21T16:59:47.875Z
9ec847,4,54,11,f,18388d,2021-01-11T08:25:17.068Z
c8d436,5,10,11,f,18388d,2021-01-11T08:25:17.068Z
2a2353,2,57,11,f,18388d,2021-01-11T08:25:17.068Z
c4a632,5,13,23,f,df6dad,2021-02-15T14:30:54.806Z
5d267b,2,40,23,f,df6dad,2021-02-15T14:30:54.806Z
c8d436,1,10,23,f,df6dad,2021-02-15T14:30:54.806Z
2a2353,3,57,23,f,df6dad,2021-02-15T14:30:54.806Z
b9a74d,2,17,23,f,df6dad,2021-02-15T14:30:54.806Z
2feb6b,1,29,23,f,df6dad,2021-02-15T14:30:54.806Z
e83aa3,4,32,0,f,a5ce33,2021-01-03T02:53:14.611Z
e31d39,3,10,0,f,a5ce33,2021-01-03T02:53:14.611Z
72f5d4,2,19,0,f,a5ce33,2021-01-03T02:53:14.611Z
b9a74d,1,17,0,f,a5ce33,2021-01-03T02:53:14.611Z
d5e9a6,2,23,8,t,1c48c2,2021-02-24T06:53:08.937Z
5d267b,1,40,8,t,1c48c2,2021-02-24T06:53:08.937Z
c8d436,3,10,8,t,1c48c2,2021-02-24T06:53:08.937Z
b9a74d,5,17,8,t,1c48c2,2021-02-24T06:53:08.937Z
c4a632,2,13,2,t,79696b,2021-02-25T13:57:31.276Z
72f5d4,3,19,2,t,79696b,2021-02-25T13:57:31.276Z
9ec847,2,54,2,t,79696b,2021-02-25T13:57:31.276Z
c8d436,4,10,2,t,79696b,2021-02-25T13:57:31.276Z
2feb6b,5,29,2,t,79696b,2021-02-25T13:57:31.276Z
c4a632,2,13,21,t,ac565e,2021-01-07T05:01:10.646Z
e83aa3,1,32,21,t,ac565e,2021-01-07T05:01:10.646Z
5d267b,3,40,21,t,ac565e,2021-01-07T05:01:10.646Z
c8d436,3,10,21,t,ac565e,2021-01-07T05:01:10.646Z
f084eb,5,36,21,t,ac565e,2021-01-07T05:01:10.646Z
b9a74d,1,17,21,t,ac565e,2021-01-07T05:01:10.646Z
2feb6b,1,29,21,t,ac565e,2021-01-07T05:01:10.646Z
c4a632,2,13,8,t,4c5c87,2021-01-01T12:52:54.508Z
e31d39,4,10,8,t,4c5c87,2021-01-01T12:52:54.508Z
d5e9a6,5,23,8,t,4c5c87,2021-01-01T12:52:54.508Z
9ec847,2,54,8,t,4c5c87,2021-01-01T12:52:54.508Z
5d267b,4,40,8,t,4c5c87,2021-01-01T12:52:54.508Z
c8d436,3,10,8,t,4c5c87,2021-01-01T12:52:54.508Z
2a2353,1,57,8,t,4c5c87,2021-01-01T12:52:54.508Z
e83aa3,3,32,13,t,bc9ced,2021-01-04T17:24:11.664Z
e31d39,5,10,13,t,bc9ced,2021-01-04T17:24:11.664Z
9ec847,4,54,13,t,bc9ced,2021-01-04T17:24:11.664Z
5d267b,4,40,13,t,bc9ced,2021-01-04T17:24:11.664Z
c8d436,5,10,13,t,bc9ced,2021-01-04T17:24:11.664Z
2a2353,1,57,13,t,bc9ced,2021-01-04T17:24:11.664Z
b9a74d,3,17,13,t,bc9ced,2021-01-04T17:24:11.664Z
d5e9a6,4,23,18,t,7345ff,2021-02-13T09:52:23.404Z
9ec847,5,54,18,t,7345ff,2021-02-13T09:52:23.404Z
5d267b,2,40,18,t,7345ff,2021-02-13T09:52:23.404Z
c8d436,4,10,18,t,7345ff,2021-02-13T09:52:23.404Z
2a2353,5,57,18,t,7345ff,2021-02-13T09:52:23.404Z
2feb6b,3,29,18,t,7345ff,2021-02-13T09:52:23.404Z
c4a632,1,13,11,f,fcdbe4,2021-02-07T07:53:45.081Z
e83aa3,4,32,11,f,fcdbe4,2021-02-07T07:53:45.081Z
e31d39,5,10,11,f,fcdbe4,2021-02-07T07:53:45.081Z
72f5d4,4,19,11,f,fcdbe4,2021-02-07T07:53:45.081Z
c8d436,4,10,11,f,fcdbe4,2021-02-07T07:53:45.081Z
2a2353,3,57,11,f,fcdbe4,2021-02-07T07:53:45.081Z
f084eb,2,36,11,f,fcdbe4,2021-02-07T07:53:45.081Z
d5e9a6,2,23,14,f,3c250e,2021-03-27T08:25:54.566Z
72f5d4,4,19,14,f,3c250e,2021-03-27T08:25:54.566Z
9ec847,5,54,14,f,3c250e,2021-03-27T08:25:54.566Z
c8d436,3,10,14,f,3c250e,2021-03-27T08:25:54.566Z
2a2353,1,57,14,f,3c250e,2021-03-27T08:25:54.566Z
f084eb,4,36,14,f,3c250e,2021-03-27T08:25:54.566Z
b9a74d,1,17,14,f,3c250e,2021-03-27T08:25:54.566Z
2feb6b,4,29,14,f,3c250e,2021-03-27T08:25:54.566Z
c4a632,4,13,8,t,c22758,2021-03-14T07:01:10.617Z
e83aa3,2,32,8,t,c22758,2021-03-14T07:01:10.617Z
e31d39,3,10,8,t,c22758,2021-03-14T07:01:10.617Z
72f5d4,4,19,8,t,c22758,2021-03-14T07:01:10.617Z
9ec847,3,54,8,t,c22758,2021-03-14T07:01:10.617Z
5d267b,3,40,8,t,c22758,2021-03-14T07:01:10.617Z
c8d436,4,10,8,t,c22758,2021-03-14T07:01:10.617Z
f084eb,3,36,8,t,c22758,2021-03-14T07:01:10.617Z
b9a74d,3,17,8,t,c22758,2021-03-14T07:01:10.617Z
d5e9a6,5,23,14,f,fa2fa7,2021-03-02T07:17:52.512Z
72f5d4,5,19,14,f,fa2fa7,2021-03-02T07:17:52.512Z
9ec847,4,54,14,f,fa2fa7,2021-03-02T07:17:52.512Z
5d267b,1,40,14,f,fa2fa7,2021-03-02T07:17:52.512Z
c8d436,2,10,14,f,fa2fa7,2021-03-02T07:17:52.512Z
2a2353,4,57,14,f,fa2fa7,2021-03-02T07:17:52.512Z
f084eb,2,36,14,f,fa2fa7,2021-03-02T07:17:52.512Z
b9a74d,5,17,14,f,fa2fa7,2021-03-02T07:17:52.512Z
c4a632,4,13,11,f,4447c7,2021-02-22T17:24:57.283Z
d5e9a6,2,23,11,f,4447c7,2021-02-22T17:24:57.283Z
72f5d4,1,19,11,f,4447c7,2021-02-22T17:24:57.283Z
9ec847,3,54,11,f,4447c7,2021-02-22T17:24:57.283Z
f084eb,2,36,11,f,4447c7,2021-02-22T17:24:57.283Z
b9a74d,4,17,11,f,4447c7,2021-02-22T17:24:57.283Z
2feb6b,1,29,11,f,4447c7,2021-02-22T17:24:57.283Z
c4a632,2,13,20,t,e2543a,2021-02-19T20:38:59.769Z
e83aa3,1,32,20,t,e2543a,2021-02-19T20:38:59.769Z
d5e9a6,4,23,20,t,e2543a,2021-02-19T20:38:59.769Z
9ec847,3,54,20,t,e2543a,2021-02-19T20:38:59.769Z
5d267b,3,40,20,t,e2543a,2021-02-19T20:38:59.769Z
c8d436,3,10,20,t,e2543a,2021-02-19T20:38:59.769Z
b9a74d,1,17,20,t,e2543a,2021-02-19T20:38:59.769Z
9ec847,4,54,24,f,996529,2021-03-25T07:05:25.497Z
5d267b,1,40,24,f,996529,2021-03-25T07:05:25.497Z
b9a74d,1,17,24,f,996529,2021-03-25T07:05:25.497Z
c4a632,5,13,18,t,02500b,2021-02-16T03:40:46.070Z
e83aa3,5,32,18,t,02500b,2021-02-16T03:40:46.070Z
e31d39,2,10,18,t,02500b,2021-02-16T03:40:46.070Z
72f5d4,1,19,18,t,02500b,2021-02-16T03:40:46.070Z
c8d436,1,10,18,t,02500b,2021-02-16T03:40:46.070Z
f084eb,2,36,18,t,02500b,2021-02-16T03:40:46.070Z
c4a632,1,13,19,t,95c579,2021-01-03T20:39:46.166Z
9ec847,5,54,19,t,95c579,2021-01-03T20:39:46.166Z
5d267b,1,40,19,t,95c579,2021-01-03T20:39:46.166Z
c8d436,1,10,19,t,95c579,2021-01-03T20:39:46.166Z
2a2353,1,57,19,t,95c579,2021-01-03T20:39:46.166Z
b9a74d,5,17,19,t,95c579,2021-01-03T20:39:46.166Z
2feb6b,4,29,19,t,95c579,2021-01-03T20:39:46.166Z
c4a632,3,13,0,f,5f80a2,2021-03-01T19:38:58.272Z
e31d39,3,10,0,f,5f80a2,2021-03-01T19:38:58.272Z
d5e9a6,3,23,0,f,5f80a2,2021-03-01T19:38:58.272Z
5d267b,3,40,0,f,5f80a2,2021-03-01T19:38:58.272Z
2feb6b,5,29,0,f,5f80a2,2021-03-01T19:38:58.272Z
c4a632,5,13,3,t,e4db8b,2021-02-01T19:30:25.488Z
e31d39,2,10,3,t,e4db8b,2021-02-01T19:30:25.488Z
72f5d4,1,19,3,t,e4db8b,2021-02-01T19:30:25.488Z
9ec847,4,54,3,t,e4db8b,2021-02-01T19:30:25.488Z
5d267b,3,40,3,t,e4db8b,2021-02-01T19:30:25.488Z
c8d436,1,10,3,t,e4db8b,2021-02-01T19:30:25.488Z
2a2353,3,57,3,t,e4db8b,2021-02-01T19:30:25.488Z
b9a74d,2,17,3,t,e4db8b,2021-02-01T19:30:25.488Z
2feb6b,2,29,3,t,e4db8b,2021-02-01T19:30:25.488Z
c4a632,5,13,13,t,7af653,2021-01-06T20:23:56.889Z
e83aa3,5,32,13,t,7af653,2021-01-06T20:23:56.889Z
c8d436,3,10,13,t,7af653,2021-01-06T20:23:56.889Z
e31d39,1,10,13,f,599e7c,2021-02-18T12:32:08.275Z
9ec847,5,54,13,f,599e7c,2021-02-18T12:32:08.275Z
5d267b,3,40,13,f,599e7c,2021-02-18T12:32:08.275Z
c8d436,3,10,13,f,599e7c,2021-02-18T12:32:08.275Z
f084eb,1,36,13,f,599e7c,2021-02-18T12:32:08.275Z
b9a74d,5,17,13,f,599e7c,2021-02-18T12:32:08.275Z
c4a632,2,13,8,t,df7c67,2021-03-11T14:39:47.548Z
e83aa3,4,32,8,t,df7c67,2021-03-11T14:39:47.548Z
72f5d4,3,19,8,t,df7c67,2021-03-11T14:39:47.548Z
5d267b,5,40,8,t,df7c67,2021-03-11T14:39:47.548Z
b9a74d,1,17,8,t,df7c67,2021-03-11T14:39:47.548Z
2feb6b,4,29,8,t,df7c67,2021-03-11T14:39:47.548Z
e83aa3,5,32,6,f,c64e2c,2021-01-02T15:53:42.892Z
e31d39,2,10,6,f,c64e2c,2021-01-02T15:53:42.892Z
d5e9a6,4,23,6,f,c64e2c,2021-01-02T15:53:42.892Z
72f5d4,5,19,6,f,c64e2c,2021-01-02T15:53:42.892Z
9ec847,5,54,6,f,c64e2c,2021-01-02T15:53:42.892Z
5d267b,2,40,6,f,c64e2c,2021-01-02T15:53:42.892Z
c8d436,3,10,6,f,c64e2c,2021-01-02T15:53:42.892Z
2a2353,4,57,6,f,c64e2c,2021-01-02T15:53:42.892Z
b9a74d,2,17,6,f,c64e2c,2021-01-02T15:53:42.892Z
e83aa3,3,32,17,f,84c992,2021-02-11T17:25:54.912Z
5d267b,5,40,17,f,84c992,2021-02-11T17:25:54.912Z
2a2353,4,57,17,f,84c992,2021-02-11T17:25:54.912Z
f084eb,5,36,17,f,84c992,2021-02-11T17:25:54.912Z
e83aa3,4,32,15,f,be5062,2021-03-22T06:10:43.334Z
e31d39,1,10,15,f,be5062,2021-03-22T06:10:43.334Z
5d267b,1,40,15,f,be5062,2021-03-22T06:10:43.334Z
b9a74d,3,17,15,f,be5062,2021-03-22T06:10:43.334Z
e31d39,4,10,2,f,28d9b1,2021-03-18T06:46:46.358Z
d5e9a6,1,23,2,f,28d9b1,2021-03-18T06:46:46.358Z
c8d436,1,10,2,f,28d9b1,2021-03-18T06:46:46.358Z
b9a74d,3,17,2,f,28d9b1,2021-03-18T06:46:46.358Z
2feb6b,5,29,2,f,28d9b1,2021-03-18T06:46:46.358Z
e31d39,4,10,15,f,b6ad96,2021-03-18T10:00:28.454Z
72f5d4,4,19,15,f,b6ad96,2021-03-18T10:00:28.454Z
5d267b,3,40,15,f,b6ad96,2021-03-18T10:00:28.454Z
c8d436,5,10,15,f,b6ad96,2021-03-18T10:00:28.454Z
f084eb,5,36,15,f,b6ad96,2021-03-18T10:00:28.454Z
b9a74d,2,17,15,f,b6ad96,2021-03-18T10:00:28.454Z
c4a632,5,13,3,f,423be3,2021-03-15T05:45:11.808Z
e83aa3,3,32,3,f,423be3,2021-03-15T05:45:11.808Z
9ec847,4,54,3,f,423be3,2021-03-15T05:45:11.808Z
f084eb,3,36,3,f,423be3,2021-03-15T05:45:11.808Z
2feb6b,2,29,3,f,423be3,2021-03-15T05:45:11.808Z
e83aa3,4,32,6,t,95ade5,2021-03-28T13:54:33.033Z
d5e9a6,4,23,6,t,95ade5,2021-03-28T13:54:33.033Z
9ec847,5,54,6,t,95ade5,2021-03-28T13:54:33.033Z
c8d436,3,10,6,t,95ade5,2021-03-28T13:54:33.033Z
2a2353,4,57,6,t,95ade5,2021-03-28T13:54:33.033Z
2feb6b,1,29,6,t,95ade5,2021-03-28T13:54:33.033Z
c4a632,5,13,18,f,c64353,2021-03-01T05:35:04.416Z
e83aa3,4,32,18,f,c64353,2021-03-01T05:35:04.416Z
5d267b,1,40,18,f,c64353,2021-03-01T05:35:04.416Z
c8d436,3,10,18,f,c64353,2021-03-01T05:35:04.416Z
2a2353,1,57,18,f,c64353,2021-03-01T05:35:04.416Z
f084eb,3,36,18,f,c64353,2021-03-01T05:35:04.416Z
e83aa3,5,32,22,f,6fffe1,2021-03-29T02:35:26.620Z
e31d39,4,10,22,f,6fffe1,2021-03-29T02:35:26.620Z
d5e9a6,5,23,22,f,6fffe1,2021-03-29T02:35:26.620Z
72f5d4,3,19,22,f,6fffe1,2021-03-29T02:35:26.620Z
f084eb,4,36,22,f,6fffe1,2021-03-29T02:35:26.620Z
b9a74d,1,17,22,f,6fffe1,2021-03-29T02:35:26.620Z
e83aa3,5,32,12,f,fbc589,2021-02-22T11:26:16.425Z
d5e9a6,4,23,12,f,fbc589,2021-02-22T11:26:16.425Z
5d267b,2,40,12,f,fbc589,2021-02-22T11:26:16.425Z
2feb6b,1,29,12,f,fbc589,2021-02-22T11:26:16.425Z
c4a632,3,13,2,f,b349e9,2021-02-04T14:48:05.126Z
e31d39,3,10,2,f,b349e9,2021-02-04T14:48:05.126Z
d5e9a6,1,23,2,f,b349e9,2021-02-04T14:48:05.126Z
b9a74d,2,17,2,f,b349e9,2021-02-04T14:48:05.126Z
2feb6b,5,29,2,f,b349e9,2021-02-04T14:48:05.126Z
e83aa3,5,32,9,t,f4c5ff,2021-03-15T13:11:49.718Z
9ec847,5,54,9,t,f4c5ff,2021-03-15T13:11:49.718Z
2feb6b,5,29,9,t,f4c5ff,2021-03-15T13:11:49.718Z
c4a632,2,13,11,t,9076a9,2021-02-06T04:01:48.806Z
e83aa3,2,32,11,t,9076a9,2021-02-06T04:01:48.806Z
e31d39,3,10,11,t,9076a9,2021-02-06T04:01:48.806Z
d5e9a6,1,23,11,t,9076a9,2021-02-06T04:01:48.806Z
72f5d4,2,19,11,t,9076a9,2021-02-06T04:01:48.806Z
9ec847,3,54,11,t,9076a9,2021-02-06T04:01:48.806Z
5d267b,5,40,11,t,9076a9,2021-02-06T04:01:48.806Z
c4a632,1,13,4,f,4d95d7,2021-01-04T09:54:38.620Z
9ec847,5,54,4,f,4d95d7,2021-01-04T09:54:38.620Z
5d267b,4,40,4,f,4d95d7,2021-01-04T09:54:38.620Z
c8d436,2,10,4,f,4d95d7,2021-01-04T09:54:38.620Z
2a2353,1,57,4,f,4d95d7,2021-01-04T09:54:38.620Z
f084eb,5,36,4,f,4d95d7,2021-01-04T09:54:38.620Z
2feb6b,4,29,4,f,4d95d7,2021-01-04T09:54:38.620Z
c4a632,4,13,24,f,21f315,2021-03-05T06:51:19.036Z
d5e9a6,3,23,24,f,21f315,2021-03-05T06:51:19.036Z
9ec847,4,54,24,f,21f315,2021-03-05T06:51:19.036Z
5d267b,2,40,24,f,21f315,2021-03-05T06:51:19.036Z
c8d436,5,10,24,f,21f315,2021-03-05T06:51:19.036Z
b9a74d,3,17,24,f,21f315,2021-03-05T06:51:19.036Z
2feb6b,4,29,24,f,21f315,2021-03-05T06:51:19.036Z
c4a632,3,13,21,t,7c29ba,2021-02-16T19:27:50.400Z
d5e9a6,3,23,21,t,7c29ba,2021-02-16T19:27:50.400Z
72f5d4,2,19,21,t,7c29ba,2021-02-16T19:27:50.400Z
9ec847,4,54,21,t,7c29ba,2021-02-16T19:27:50.400Z
b9a74d,5,17,21,t,7c29ba,2021-02-16T19:27:50.400Z
2feb6b,5,29,21,t,7c29ba,2021-02-16T19:27:50.400Z
c4a632,2,13,5,f,c3c95e,2021-03-11T03:22:12.374Z
d5e9a6,2,23,5,f,c3c95e,2021-03-11T03:22:12.374Z
72f5d4,1,19,5,f,c3c95e,2021-03-11T03:22:12.374Z
9ec847,1,54,5,f,c3c95e,2021-03-11T03:22:12.374Z
5d267b,5,40,5,f,c3c95e,2021-03-11T03:22:12.374Z
2feb6b,5,29,5,f,c3c95e,2021-03-11T03:22:12.374Z
72f5d4,1,19,15,t,a78d7c,2021-03-30T17:41:23.884Z
2a2353,1,57,15,t,a78d7c,2021-03-30T17:41:23.884Z
f084eb,1,36,15,t,a78d7c,2021-03-30T17:41:23.884Z
b9a74d,2,17,15,t,a78d7c,2021-03-30T17:41:23.884Z
c4a632,1,13,19,t,d8632f,2021-03-21T06:30:37.209Z
e83aa3,2,32,19,t,d8632f,2021-03-21T06:30:37.209Z
e31d39,4,10,19,t,d8632f,2021-03-21T06:30:37.209Z
d5e9a6,4,23,19,t,d8632f,2021-03-21T06:30:37.209Z
72f5d4,3,19,19,t,d8632f,2021-03-21T06:30:37.209Z
5d267b,1,40,19,t,d8632f,2021-03-21T06:30:37.209Z
c8d436,5,10,19,t,d8632f,2021-03-21T06:30:37.209Z
f084eb,3,36,19,t,d8632f,2021-03-21T06:30:37.209Z
d5e9a6,1,23,24,t,a7031c,2021-01-14T14:25:06.528Z
9ec847,4,54,24,t,a7031c,2021-01-14T14:25:06.528Z
5d267b,3,40,24,t,a7031c,2021-01-14T14:25:06.528Z
c8d436,3,10,24,t,a7031c,2021-01-14T14:25:06.528Z
b9a74d,4,17,24,t,a7031c,2021-01-14T14:25:06.528Z
2feb6b,4,29,24,t,a7031c,2021-01-14T14:25:06.528Z
d5e9a6,4,23,22,f,9defd3,2021-03-21T03:10:09.120Z
72f5d4,4,19,22,f,9defd3,2021-03-21T03:10:09.120Z
9ec847,5,54,22,f,9defd3,2021-03-21T03:10:09.120Z
c8d436,3,10,22,f,9defd3,2021-03-21T03:10:09.120Z
f084eb,5,36,22,f,9defd3,2021-03-21T03:10:09.120Z
2feb6b,1,29,22,f,9defd3,2021-03-21T03:10:09.120Z
e83aa3,1,32,23,f,8e8077,2021-01-21T20:31:01.027Z
72f5d4,5,19,23,f,8e8077,2021-01-21T20:31:01.027Z
9ec847,5,54,23,f,8e8077,2021-01-21T20:31:01.027Z
2a2353,1,57,23,f,8e8077,2021-01-21T20:31:01.027Z
f084eb,3,36,23,f,8e8077,2021-01-21T20:31:01.027Z
b9a74d,4,17,23,f,8e8077,2021-01-21T20:31:01.027Z
2feb6b,1,29,23,f,8e8077,2021-01-21T20:31:01.027Z
72f5d4,4,19,8,t,c7c7d6,2021-02-15T10:31:35.817Z
2a2353,2,57,8,t,c7c7d6,2021-02-15T10:31:35.817Z
f084eb,2,36,8,t,c7c7d6,2021-02-15T10:31:35.817Z
d5e9a6,4,23,14,f,84eaba,2021-01-14T08:05:05.481Z
c8d436,1,10,14,f,84eaba,2021-01-14T08:05:05.481Z
f084eb,1,36,14,f,84eaba,2021-01-14T08:05:05.481Z
b9a74d,1,17,14,f,84eaba,2021-01-14T08:05:05.481Z
c4a632,4,13,8,t,dbd977,2021-03-02T14:50:56.112Z
e83aa3,4,32,8,t,dbd977,2021-03-02T14:50:56.112Z
72f5d4,1,19,8,t,dbd977,2021-03-02T14:50:56.112Z
9ec847,1,54,8,t,dbd977,2021-03-02T14:50:56.112Z
5d267b,5,40,8,t,dbd977,2021-03-02T14:50:56.112Z
c8d436,5,10,8,t,dbd977,2021-03-02T14:50:56.112Z
2feb6b,1,29,8,t,dbd977,2021-03-02T14:50:56.112Z
c4a632,5,13,19,t,5fe0bb,2021-01-13T10:07:38.467Z
e83aa3,2,32,19,t,5fe0bb,2021-01-13T10:07:38.467Z
e31d39,2,10,19,t,5fe0bb,2021-01-13T10:07:38.467Z
d5e9a6,5,23,19,t,5fe0bb,2021-01-13T10:07:38.467Z
9ec847,3,54,19,t,5fe0bb,2021-01-13T10:07:38.467Z
5d267b,1,40,19,t,5fe0bb,2021-01-13T10:07:38.467Z
c8d436,1,10,19,t,5fe0bb,2021-01-13T10:07:38.467Z
2a2353,2,57,19,t,5fe0bb,2021-01-13T10:07:38.467Z
2feb6b,4,29,19,t,5fe0bb,2021-01-13T10:07:38.467Z
e31d39,4,10,8,f,9cf34e,2021-01-05T17:51:41.731Z
d5e9a6,4,23,8,f,9cf34e,2021-01-05T17:51:41.731Z
72f5d4,4,19,8,f,9cf34e,2021-01-05T17:51:41.731Z
c8d436,5,10,8,f,9cf34e,2021-01-05T17:51:41.731Z
2a2353,2,57,8,f,9cf34e,2021-01-05T17:51:41.731Z
b9a74d,2,17,8,f,9cf34e,2021-01-05T17:51:41.731Z
e83aa3,2,32,13,f,8fca03,2021-02-25T04:41:23.769Z
e31d39,5,10,13,f,8fca03,2021-02-25T04:41:23.769Z
d5e9a6,3,23,13,f,8fca03,2021-02-25T04:41:23.769Z
72f5d4,4,19,13,f,8fca03,2021-02-25T04:41:23.769Z
5d267b,3,40,13,f,8fca03,2021-02-25T04:41:23.769Z
f084eb,5,36,13,f,8fca03,2021-02-25T04:41:23.769Z
e31d39,4,10,12,t,e9790d,2021-01-11T00:01:57.676Z
72f5d4,2,19,12,t,e9790d,2021-01-11T00:01:57.676Z
9ec847,4,54,12,t,e9790d,2021-01-11T00:01:57.676Z
f084eb,4,36,12,t,e9790d,2021-01-11T00:01:57.676Z
b9a74d,3,17,12,t,e9790d,2021-01-11T00:01:57.676Z
2feb6b,3,29,12,t,e9790d,2021-01-11T00:01:57.676Z
e83aa3,3,32,14,t,ab746f,2021-03-04T14:51:05.875Z
e31d39,4,10,14,t,ab746f,2021-03-04T14:51:05.875Z
d5e9a6,3,23,14,t,ab746f,2021-03-04T14:51:05.875Z
c8d436,4,10,14,t,ab746f,2021-03-04T14:51:05.875Z
2a2353,2,57,14,t,ab746f,2021-03-04T14:51:05.875Z
c4a632,5,13,15,t,2ca636,2021-02-24T01:54:22.579Z
e83aa3,2,32,15,t,2ca636,2021-02-24T01:54:22.579Z
e31d39,4,10,15,t,2ca636,2021-02-24T01:54:22.579Z
d5e9a6,3,23,15,t,2ca636,2021-02-24T01:54:22.579Z
9ec847,5,54,15,t,2ca636,2021-02-24T01:54:22.579Z
5d267b,4,40,15,t,2ca636,2021-02-24T01:54:22.579Z
2a2353,3,57,15,t,2ca636,2021-02-24T01:54:22.579Z
f084eb,2,36,15,t,2ca636,2021-02-24T01:54:22.579Z
b9a74d,3,17,15,t,2ca636,2021-02-24T01:54:22.579Z
2feb6b,1,29,15,t,2ca636,2021-02-24T01:54:22.579Z
c4a632,1,13,14,f,00ebd5,2021-01-19T00:44:06.777Z
e83aa3,1,32,14,f,00ebd5,2021-01-19T00:44:06.777Z
e31d39,5,10,14,f,00ebd5,2021-01-19T00:44:06.777Z
d5e9a6,5,23,14,f,00ebd5,2021-01-19T00:44:06.777Z
9ec847,4,54,14,f,00ebd5,2021-01-19T00:44:06.777Z
f084eb,1,36,14,f,00ebd5,2021-01-19T00:44:06.777Z
2feb6b,2,29,14,f,00ebd5,2021-01-19T00:44:06.777Z
c4a632,1,13,4,t,269448,2021-03-03T09:50:11.212Z
d5e9a6,1,23,4,t,269448,2021-03-03T09:50:11.212Z
2a2353,4,57,4,t,269448,2021-03-03T09:50:11.212Z
f084eb,4,36,4,t,269448,2021-03-03T09:50:11.212Z
e31d39,5,10,7,f,5d9add,2021-01-18T14:56:58.473Z
72f5d4,4,19,7,f,5d9add,2021-01-18T14:56:58.473Z
9ec847,5,54,7,f,5d9add,2021-01-18T14:56:58.473Z
5d267b,5,40,7,f,5d9add,2021-01-18T14:56:58.473Z
c8d436,4,10,7,f,5d9add,2021-01-18T14:56:58.473Z
f084eb,4,36,7,f,5d9add,2021-01-18T14:56:58.473Z
c4a632,5,13,8,f,f38471,2021-01-18T22:42:30.643Z
e83aa3,5,32,8,f,f38471,2021-01-18T22:42:30.643Z
e31d39,5,10,8,f,f38471,2021-01-18T22:42:30.643Z
d5e9a6,4,23,8,f,f38471,2021-01-18T22:42:30.643Z
72f5d4,4,19,8,f,f38471,2021-01-18T22:42:30.643Z
9ec847,4,54,8,f,f38471,2021-01-18T22:42:30.643Z
5d267b,4,40,8,f,f38471,2021-01-18T22:42:30.643Z
c8d436,5,10,8,f,f38471,2021-01-18T22:42:30.643Z
2a2353,3,57,8,f,f38471,2021-01-18T22:42:30.643Z
b9a74d,4,17,8,f,f38471,2021-01-18T22:42:30.643Z
2feb6b,4,29,8,f,f38471,2021-01-18T22:42:30.643Z
d5e9a6,3,23,18,t,6b37f4,2021-03-14T03:55:18.451Z
2a2353,2,57,18,t,6b37f4,2021-03-14T03:55:18.451Z
e31d39,1,10,8,f,0a66b6,2021-03-24T00:13:08.313Z
d5e9a6,2,23,8,f,0a66b6,2021-03-24T00:13:08.313Z
9ec847,2,54,8,f,0a66b6,2021-03-24T00:13:08.313Z
f084eb,2,36,8,f,0a66b6,2021-03-24T00:13:08.313Z
b9a74d,4,17,8,f,0a66b6,2021-03-24T00:13:08.313Z
e31d39,2,10,9,t,4fdde1,2021-02-26T15:47:47.788Z
d5e9a6,2,23,9,t,4fdde1,2021-02-26T15:47:47.788Z
72f5d4,1,19,9,t,4fdde1,2021-02-26T15:47:47.788Z
5d267b,1,40,9,t,4fdde1,2021-02-26T15:47:47.788Z
2feb6b,1,29,9,t,4fdde1,2021-02-26T15:47:47.788Z
72f5d4,4,19,11,f,7b5130,2021-03-28T15:58:47.280Z
5d267b,4,40,11,f,7b5130,2021-03-28T15:58:47.280Z
c8d436,3,10,11,f,7b5130,2021-03-28T15:58:47.280Z
2a2353,4,57,11,f,7b5130,2021-03-28T15:58:47.280Z
b9a74d,1,17,11,f,7b5130,2021-03-28T15:58:47.280Z
2feb6b,1,29,11,f,7b5130,2021-03-28T15:58:47.280Z
c4a632,2,13,12,t,47ca7b,2021-03-26T10:17:21.494Z
d5e9a6,4,23,12,t,47ca7b,2021-03-26T10:17:21.494Z
72f5d4,5,19,12,t,47ca7b,2021-03-26T10:17:21.494Z
9ec847,3,54,12,t,47ca7b,2021-03-26T10:17:21.494Z
5d267b,5,40,12,t,47ca7b,2021-03-26T10:17:21.494Z
2feb6b,2,29,12,t,47ca7b,2021-03-26T10:17:21.494Z
e83aa3,2,32,6,t,f22bbb,2021-03-02T00:39:21.657Z
e31d39,4,10,6,t,f22bbb,2021-03-02T00:39:21.657Z
d5e9a6,4,23,6,t,f22bbb,2021-03-02T00:39:21.657Z
9ec847,2,54,6,t,f22bbb,2021-03-02T00:39:21.657Z
5d267b,2,40,6,t,f22bbb,2021-03-02T00:39:21.657Z
c8d436,3,10,6,t,f22bbb,2021-03-02T00:39:21.657Z
b9a74d,5,17,6,t,f22bbb,2021-03-02T00:39:21.657Z
e83aa3,2,32,19,t,c88ea4,2021-02-17T17:11:29.702Z
e31d39,5,10,19,t,c88ea4,2021-02-17T17:11:29.702Z
d5e9a6,3,23,19,t,c88ea4,2021-02-17T17:11:29.702Z
72f5d4,5,19,19,t,c88ea4,2021-02-17T17:11:29.702Z
5d267b,5,40,19,t,c88ea4,2021-02-17T17:11:29.702Z
2a2353,2,57,19,t,c88ea4,2021-02-17T17:11:29.702Z
b9a74d,3,17,19,t,c88ea4,2021-02-17T17:11:29.702Z
2feb6b,2,29,19,t,c88ea4,2021-02-17T17:11:29.702Z
c4a632,3,13,16,t,e9ca87,2021-01-05T14:46:33.715Z
e83aa3,4,32,16,t,e9ca87,2021-01-05T14:46:33.715Z
e31d39,4,10,16,t,e9ca87,2021-01-05T14:46:33.715Z
d5e9a6,3,23,16,t,e9ca87,2021-01-05T14:46:33.715Z
f084eb,3,36,16,t,e9ca87,2021-01-05T14:46:33.715Z
d5e9a6,2,23,0,f,46ff9b,2021-03-19T10:26:35.923Z
c8d436,5,10,0,f,46ff9b,2021-03-19T10:26:35.923Z
2a2353,2,57,0,f,46ff9b,2021-03-19T10:26:35.923Z
2feb6b,2,29,0,f,46ff9b,2021-03-19T10:26:35.923Z
c4a632,3,13,7,t,cfde35,2021-01-11T01:28:34.032Z
e83aa3,5,32,7,t,cfde35,2021-01-11T01:28:34.032Z
9ec847,2,54,7,t,cfde35,2021-01-11T01:28:34.032Z
c8d436,4,10,7,t,cfde35,2021-01-11T01:28:34.032Z
2a2353,2,57,7,t,cfde35,2021-01-11T01:28:34.032Z
c4a632,2,13,11,f,0ad763,2021-02-06T22:00:07.027Z
d5e9a6,3,23,11,f,0ad763,2021-02-06T22:00:07.027Z
72f5d4,2,19,11,f,0ad763,2021-02-06T22:00:07.027Z
9ec847,1,54,11,f,0ad763,2021-02-06T22:00:07.027Z
5d267b,5,40,11,f,0ad763,2021-02-06T22:00:07.027Z
c8d436,3,10,11,f,0ad763,2021-02-06T22:00:07.027Z
2feb6b,4,29,11,f,0ad763,2021-02-06T22:00:07.027Z
c4a632,4,13,1,t,ff6294,2021-03-18T15:07:24.614Z
e83aa3,5,32,1,t,ff6294,2021-03-18T15:07:24.614Z
e31d39,1,10,1,t,ff6294,2021-03-18T15:07:24.614Z
9ec847,1,54,1,t,ff6294,2021-03-18T15:07:24.614Z
5d267b,1,40,1,t,ff6294,2021-03-18T15:07:24.614Z
f084eb,1,36,1,t,ff6294,2021-03-18T15:07:24.614Z
2feb6b,1,29,1,t,ff6294,2021-03-18T15:07:24.614Z
e83aa3,3,32,12,t,b5a536,2021-03-23T12:26:53.260Z
e31d39,2,10,12,t,b5a536,2021-03-23T12:26:53.260Z
72f5d4,1,19,12,t,b5a536,2021-03-23T12:26:53.260Z
9ec847,1,54,12,t,b5a536,2021-03-23T12:26:53.260Z
2a2353,3,57,12,t,b5a536,2021-03-23T12:26:53.260Z
f084eb,4,36,12,t,b5a536,2021-03-23T12:26:53.260Z
2feb6b,1,29,12,t,b5a536,2021-03-23T12:26:53.260Z
c4a632,4,13,11,t,99d98c,2021-01-30T06:44:49.286Z
e83aa3,3,32,11,t,99d98c,2021-01-30T06:44:49.286Z
d5e9a6,2,23,11,t,99d98c,2021-01-30T06:44:49.286Z
5d267b,2,40,11,t,99d98c,2021-01-30T06:44:49.286Z
f084eb,3,36,11,t,99d98c,2021-01-30T06:44:49.286Z
b9a74d,1,17,11,t,99d98c,2021-01-30T06:44:49.286Z
2feb6b,2,29,11,t,99d98c,2021-01-30T06:44:49.286Z
e31d39,2,10,12,f,d2427c,2021-03-02T12:30:19.670Z
9ec847,3,54,12,f,d2427c,2021-03-02T12:30:19.670Z
5d267b,4,40,12,f,d2427c,2021-03-02T12:30:19.670Z
2a2353,2,57,12,f,d2427c,2021-03-02T12:30:19.670Z
b9a74d,3,17,12,f,d2427c,2021-03-02T12:30:19.670Z
2feb6b,3,29,12,f,d2427c,2021-03-02T12:30:19.670Z
d5e9a6,4,23,22,t,f7701f,2021-01-08T10:02:18.096Z
2a2353,1,57,22,t,f7701f,2021-01-08T10:02:18.096Z
f084eb,1,36,22,t,f7701f,2021-01-08T10:02:18.096Z
b9a74d,1,17,22,t,f7701f,2021-01-08T10:02:18.096Z
2feb6b,5,29,22,t,f7701f,2021-01-08T10:02:18.096Z
c4a632,4,13,15,t,6c7da2,2021-02-26T17:03:07.200Z
e83aa3,3,32,15,t,6c7da2,2021-02-26T17:03:07.200Z
e31d39,2,10,15,t,6c7da2,2021-02-26T17:03:07.200Z
d5e9a6,3,23,15,t,6c7da2,2021-02-26T17:03:07.200Z
72f5d4,3,19,15,t,6c7da2,2021-02-26T17:03:07.200Z
9ec847,1,54,15,t,6c7da2,2021-02-26T17:03:07.200Z
2a2353,5,57,15,t,6c7da2,2021-02-26T17:03:07.200Z
b9a74d,1,17,15,t,6c7da2,2021-02-26T17:03:07.200Z
2feb6b,3,29,15,t,6c7da2,2021-02-26T17:03:07.200Z
d5e9a6,5,23,11,f,1106f2,2021-01-22T23:11:25.382Z
9ec847,5,54,11,f,1106f2,2021-01-22T23:11:25.382Z
5d267b,3,40,11,f,1106f2,2021-01-22T23:11:25.382Z
c8d436,4,10,11,f,1106f2,2021-01-22T23:11:25.382Z
b9a74d,4,17,11,f,1106f2,2021-01-22T23:11:25.382Z
c4a632,1,13,0,f,ff7974,2021-02-25T18:05:06.115Z
e83aa3,2,32,0,f,ff7974,2021-02-25T18:05:06.115Z
d5e9a6,5,23,0,f,ff7974,2021-02-25T18:05:06.115Z
c8d436,5,10,0,f,ff7974,2021-02-25T18:05:06.115Z
f084eb,5,36,0,f,ff7974,2021-02-25T18:05:06.115Z
e83aa3,3,32,13,t,24f0ac,2021-01-25T05:53:38.457Z
d5e9a6,1,23,13,t,24f0ac,2021-01-25T05:53:38.457Z
72f5d4,4,19,13,t,24f0ac,2021-01-25T05:53:38.457Z
5d267b,3,40,13,t,24f0ac,2021-01-25T05:53:38.457Z
2feb6b,1,29,13,t,24f0ac,2021-01-25T05:53:38.457Z
e83aa3,5,32,18,t,6100c7,2021-03-23T08:35:08.476Z
e31d39,1,10,18,t,6100c7,2021-03-23T08:35:08.476Z
5d267b,1,40,18,t,6100c7,2021-03-23T08:35:08.476Z
b9a74d,5,17,18,t,6100c7,2021-03-23T08:35:08.476Z
2feb6b,5,29,18,t,6100c7,2021-03-23T08:35:08.476Z
c4a632,4,13,7,f,586fa8,2021-03-01T12:05:46.723Z
72f5d4,3,19,7,f,586fa8,2021-03-01T12:05:46.723Z
5d267b,1,40,7,f,586fa8,2021-03-01T12:05:46.723Z
2feb6b,4,29,7,f,586fa8,2021-03-01T12:05:46.723Z
e83aa3,2,32,13,t,521245,2021-01-25T17:56:10.694Z
e31d39,1,10,13,t,521245,2021-01-25T17:56:10.694Z
5d267b,3,40,13,t,521245,2021-01-25T17:56:10.694Z
c8d436,5,10,13,t,521245,2021-01-25T17:56:10.694Z
2a2353,4,57,13,t,521245,2021-01-25T17:56:10.694Z
f084eb,5,36,13,t,521245,2021-01-25T17:56:10.694Z
c4a632,4,13,17,t,d6a310,2021-02-10T17:18:41.356Z
9ec847,2,54,17,t,d6a310,2021-02-10T17:18:41.356Z
5d267b,5,40,17,t,d6a310,2021-02-10T17:18:41.356Z
2a2353,3,57,17,t,d6a310,2021-02-10T17:18:41.356Z
f084eb,2,36,17,t,d6a310,2021-02-10T17:18:41.356Z
2feb6b,2,29,17,t,d6a310,2021-02-10T17:18:41.356Z
e31d39,2,10,18,t,12c8c3,2021-03-17T22:42:23.299Z
72f5d4,2,19,18,t,12c8c3,2021-03-17T22:42:23.299Z
5d267b,5,40,18,t,12c8c3,2021-03-17T22:42:23.299Z
c8d436,2,10,18,t,12c8c3,2021-03-17T22:42:23.299Z
b9a74d,3,17,18,t,12c8c3,2021-03-17T22:42:23.299Z
2feb6b,5,29,18,t,12c8c3,2021-03-17T22:42:23.299Z
e31d39,3,10,18,f,df3ea9,2021-03-19T15:33:26.294Z
72f5d4,5,19,18,f,df3ea9,2021-03-19T15:33:26.294Z
c8d436,5,10,18,f,df3ea9,2021-03-19T15:33:26.294Z
2a2353,4,57,18,f,df3ea9,2021-03-19T15:33:26.294Z
b9a74d,3,17,18,f,df3ea9,2021-03-19T15:33:26.294Z
e31d39,4,10,13,t,5344a0,2021-01-23T00:24:05.472Z
d5e9a6,3,23,13,t,5344a0,2021-01-23T00:24:05.472Z
5d267b,2,40,13,t,5344a0,2021-01-23T00:24:05.472Z
f084eb,4,36,13,t,5344a0,2021-01-23T00:24:05.472Z
2feb6b,5,29,13,t,5344a0,2021-01-23T00:24:05.472Z
c4a632,5,13,3,t,f52210,2021-03-28T03:45:05.616Z
e83aa3,3,32,3,t,f52210,2021-03-28T03:45:05.616Z
d5e9a6,5,23,3,t,f52210,2021-03-28T03:45:05.616Z
72f5d4,2,19,3,t,f52210,2021-03-28T03:45:05.616Z
9ec847,5,54,3,t,f52210,2021-03-28T03:45:05.616Z
5d267b,1,40,3,t,f52210,2021-03-28T03:45:05.616Z
c8d436,3,10,3,t,f52210,2021-03-28T03:45:05.616Z
b9a74d,1,17,3,t,f52210,2021-03-28T03:45:05.616Z
2feb6b,3,29,3,t,f52210,2021-03-28T03:45:05.616Z
c4a632,1,13,8,t,14a36e,2021-02-11T14:33:56.246Z
e83aa3,5,32,8,t,14a36e,2021-02-11T14:33:56.246Z
d5e9a6,1,23,8,t,14a36e,2021-02-11T14:33:56.246Z
5d267b,5,40,8,t,14a36e,2021-02-11T14:33:56.246Z
b9a74d,5,17,8,t,14a36e,2021-02-11T14:33:56.246Z
d5e9a6,5,23,3,f,44266d,2021-01-11T21:21:57.945Z
9ec847,2,54,3,f,44266d,2021-01-11T21:21:57.945Z
5d267b,5,40,3,f,44266d,2021-01-11T21:21:57.945Z
2a2353,1,57,3,f,44266d,2021-01-11T21:21:57.945Z
f084eb,3,36,3,f,44266d,2021-01-11T21:21:57.945Z
2feb6b,2,29,3,f,44266d,2021-01-11T21:21:57.945Z
e31d39,5,10,11,t,6b2d29,2021-03-02T09:44:11.616Z
72f5d4,2,19,11,t,6b2d29,2021-03-02T09:44:11.616Z
9ec847,5,54,11,t,6b2d29,2021-03-02T09:44:11.616Z
2a2353,3,57,11,t,6b2d29,2021-03-02T09:44:11.616Z
b9a74d,2,17,11,t,6b2d29,2021-03-02T09:44:11.616Z
d5e9a6,1,23,6,f,a2dbc4,2021-01-16T20:16:26.140Z
72f5d4,1,19,6,f,a2dbc4,2021-01-16T20:16:26.140Z
5d267b,3,40,6,f,a2dbc4,2021-01-16T20:16:26.140Z
c8d436,5,10,6,f,a2dbc4,2021-01-16T20:16:26.140Z
f084eb,2,36,6,f,a2dbc4,2021-01-16T20:16:26.140Z
b9a74d,1,17,6,f,a2dbc4,2021-01-16T20:16:26.140Z
c4a632,2,13,0,t,73567c,2021-01-11T14:31:10.876Z
e31d39,5,10,0,t,73567c,2021-01-11T14:31:10.876Z
72f5d4,1,19,0,t,73567c,2021-01-11T14:31:10.876Z
9ec847,5,54,0,t,73567c,2021-01-11T14:31:10.876Z
5d267b,3,40,0,t,73567c,2021-01-11T14:31:10.876Z
f084eb,3,36,0,t,73567c,2021-01-11T14:31:10.876Z
b9a74d,3,17,0,t,73567c,2021-01-11T14:31:10.876Z
e31d39,3,10,3,t,2cef8c,2021-02-07T01:09:05.644Z
d5e9a6,2,23,3,t,2cef8c,2021-02-07T01:09:05.644Z
c8d436,1,10,3,t,2cef8c,2021-02-07T01:09:05.644Z
2a2353,5,57,3,t,2cef8c,2021-02-07T01:09:05.644Z
f084eb,1,36,3,t,2cef8c,2021-02-07T01:09:05.644Z
c4a632,5,13,18,f,6bc215,2021-02-11T11:42:51.321Z
e83aa3,5,32,18,f,6bc215,2021-02-11T11:42:51.321Z
e31d39,4,10,18,f,6bc215,2021-02-11T11:42:51.321Z
d5e9a6,3,23,18,f,6bc215,2021-02-11T11:42:51.321Z
72f5d4,4,19,18,f,6bc215,2021-02-11T11:42:51.321Z
9ec847,2,54,18,f,6bc215,2021-02-11T11:42:51.321Z
5d267b,2,40,18,f,6bc215,2021-02-11T11:42:51.321Z
c8d436,1,10,18,f,6bc215,2021-02-11T11:42:51.321Z
2a2353,4,57,18,f,6bc215,2021-02-11T11:42:51.321Z
f084eb,2,36,18,f,6bc215,2021-02-11T11:42:51.321Z
b9a74d,1,17,18,f,6bc215,2021-02-11T11:42:51.321Z
2feb6b,2,29,18,f,6bc215,2021-02-11T11:42:51.321Z
c4a632,2,13,20,t,eabccd,2021-03-09T01:42:29.520Z
72f5d4,3,19,20,t,eabccd,2021-03-09T01:42:29.520Z
9ec847,3,54,20,t,eabccd,2021-03-09T01:42:29.520Z
5d267b,3,40,20,t,eabccd,2021-03-09T01:42:29.520Z
c8d436,5,10,20,t,eabccd,2021-03-09T01:42:29.520Z
f084eb,2,36,20,t,eabccd,2021-03-09T01:42:29.520Z
b9a74d,2,17,20,t,eabccd,2021-03-09T01:42:29.520Z
2feb6b,3,29,20,t,eabccd,2021-03-09T01:42:29.520Z
c4a632,4,13,20,t,5125aa,2021-02-10T19:07:17.126Z
e83aa3,1,32,20,t,5125aa,2021-02-10T19:07:17.126Z
f084eb,3,36,20,t,5125aa,2021-02-10T19:07:17.126Z
e31d39,5,10,9,f,1968ce,2021-01-18T09:06:03.484Z
72f5d4,1,19,9,f,1968ce,2021-01-18T09:06:03.484Z
5d267b,1,40,9,f,1968ce,2021-01-18T09:06:03.484Z
2a2353,3,57,9,f,1968ce,2021-01-18T09:06:03.484Z
c4a632,4,13,17,t,795f37,2021-01-13T13:30:50.284Z
e83aa3,2,32,17,t,795f37,2021-01-13T13:30:50.284Z
e31d39,3,10,17,t,795f37,2021-01-13T13:30:50.284Z
d5e9a6,1,23,17,t,795f37,2021-01-13T13:30:50.284Z
72f5d4,5,19,17,t,795f37,2021-01-13T13:30:50.284Z
5d267b,1,40,17,t,795f37,2021-01-13T13:30:50.284Z
c8d436,3,10,17,t,795f37,2021-01-13T13:30:50.284Z
f084eb,1,36,17,t,795f37,2021-01-13T13:30:50.284Z
b9a74d,4,17,17,t,795f37,2021-01-13T13:30:50.284Z
72f5d4,3,19,21,f,378d33,2021-01-29T10:19:23.836Z
f084eb,3,36,21,f,378d33,2021-01-29T10:19:23.836Z
2feb6b,5,29,21,f,378d33,2021-01-29T10:19:23.836Z
c4a632,5,13,24,f,bfa400,2021-03-06T16:27:22.060Z
e31d39,5,10,24,f,bfa400,2021-03-06T16:27:22.060Z
d5e9a6,2,23,24,f,bfa400,2021-03-06T16:27:22.060Z
72f5d4,2,19,24,f,bfa400,2021-03-06T16:27:22.060Z
9ec847,5,54,24,f,bfa400,2021-03-06T16:27:22.060Z
5d267b,1,40,24,f,bfa400,2021-03-06T16:27:22.060Z
c8d436,1,10,24,f,bfa400,2021-03-06T16:27:22.060Z
2a2353,4,57,24,f,bfa400,2021-03-06T16:27:22.060Z
f084eb,4,36,24,f,bfa400,2021-03-06T16:27:22.060Z
c4a632,4,13,4,f,3c76ec,2021-02-22T23:20:27.369Z
e31d39,4,10,4,f,3c76ec,2021-02-22T23:20:27.369Z
d5e9a6,3,23,4,f,3c76ec,2021-02-22T23:20:27.369Z
9ec847,1,54,4,f,3c76ec,2021-02-22T23:20:27.369Z
5d267b,2,40,4,f,3c76ec,2021-02-22T23:20:27.369Z
f084eb,5,36,4,f,3c76ec,2021-02-22T23:20:27.369Z
2feb6b,2,29,4,f,3c76ec,2021-02-22T23:20:27.369Z
c8d436,4,10,16,t,b0097c,2021-03-11T20:35:12.710Z
2a2353,5,57,16,t,b0097c,2021-03-11T20:35:12.710Z
f084eb,4,36,16,t,b0097c,2021-03-11T20:35:12.710Z
b9a74d,5,17,16,t,b0097c,2021-03-11T20:35:12.710Z
2feb6b,3,29,16,t,b0097c,2021-03-11T20:35:12.710Z
c4a632,3,13,14,f,ee0afe,2021-02-19T16:23:31.200Z
e83aa3,5,32,14,f,ee0afe,2021-02-19T16:23:31.200Z
d5e9a6,5,23,14,f,ee0afe,2021-02-19T16:23:31.200Z
9ec847,4,54,14,f,ee0afe,2021-02-19T16:23:31.200Z
f084eb,4,36,14,f,ee0afe,2021-02-19T16:23:31.200Z
2feb6b,3,29,14,f,ee0afe,2021-02-19T16:23:31.200Z
c4a632,5,13,11,t,44fc55,2021-03-07T02:27:54.230Z
e83aa3,3,32,11,t,44fc55,2021-03-07T02:27:54.230Z
e31d39,3,10,11,t,44fc55,2021-03-07T02:27:54.230Z
d5e9a6,2,23,11,t,44fc55,2021-03-07T02:27:54.230Z
9ec847,2,54,11,t,44fc55,2021-03-07T02:27:54.230Z
2a2353,5,57,11,t,44fc55,2021-03-07T02:27:54.230Z
b9a74d,5,17,11,t,44fc55,2021-03-07T02:27:54.230Z
c4a632,3,13,16,t,85ae3c,2021-03-19T15:19:36.508Z
e83aa3,1,32,16,t,85ae3c,2021-03-19T15:19:36.508Z
e31d39,3,10,16,t,85ae3c,2021-03-19T15:19:36.508Z
d5e9a6,1,23,16,t,85ae3c,2021-03-19T15:19:36.508Z
9ec847,5,54,16,t,85ae3c,2021-03-19T15:19:36.508Z
c8d436,5,10,16,t,85ae3c,2021-03-19T15:19:36.508Z
2a2353,5,57,16,t,85ae3c,2021-03-19T15:19:36.508Z
e83aa3,3,32,0,t,f99f5f,2021-03-22T08:15:14.428Z
e31d39,1,10,0,t,f99f5f,2021-03-22T08:15:14.428Z
d5e9a6,5,23,0,t,f99f5f,2021-03-22T08:15:14.428Z
72f5d4,1,19,0,t,f99f5f,2021-03-22T08:15:14.428Z
5d267b,4,40,0,t,f99f5f,2021-03-22T08:15:14.428Z
f084eb,2,36,0,t,f99f5f,2021-03-22T08:15:14.428Z
b9a74d,3,17,0,t,f99f5f,2021-03-22T08:15:14.428Z
c4a632,2,13,21,t,9c8d78,2021-02-24T00:48:31.939Z
e83aa3,1,32,21,t,9c8d78,2021-02-24T00:48:31.939Z
5d267b,4,40,21,t,9c8d78,2021-02-24T00:48:31.939Z
2a2353,3,57,21,t,9c8d78,2021-02-24T00:48:31.939Z
f084eb,1,36,21,t,9c8d78,2021-02-24T00:48:31.939Z
c4a632,5,13,3,f,de754b,2021-03-23T21:06:05.904Z
e83aa3,3,32,3,f,de754b,2021-03-23T21:06:05.904Z
72f5d4,4,19,3,f,de754b,2021-03-23T21:06:05.904Z
5d267b,5,40,3,f,de754b,2021-03-23T21:06:05.904Z
c8d436,4,10,3,f,de754b,2021-03-23T21:06:05.904Z
2a2353,3,57,3,f,de754b,2021-03-23T21:06:05.904Z
f084eb,2,36,3,f,de754b,2021-03-23T21:06:05.904Z
2feb6b,1,29,3,f,de754b,2021-03-23T21:06:05.904Z
c4a632,2,13,8,f,4d8791,2021-02-12T04:16:47.366Z
e31d39,3,10,8,f,4d8791,2021-02-12T04:16:47.366Z
d5e9a6,2,23,8,f,4d8791,2021-02-12T04:16:47.366Z
72f5d4,5,19,8,f,4d8791,2021-02-12T04:16:47.366Z
9ec847,4,54,8,f,4d8791,2021-02-12T04:16:47.366Z
c8d436,2,10,8,f,4d8791,2021-02-12T04:16:47.366Z
2a2353,4,57,8,f,4d8791,2021-02-12T04:16:47.366Z
f084eb,3,36,8,f,4d8791,2021-02-12T04:16:47.366Z
b9a74d,2,17,8,f,4d8791,2021-02-12T04:16:47.366Z
e83aa3,5,32,7,t,0b63cd,2021-03-17T00:44:21.724Z
d5e9a6,3,23,7,t,0b63cd,2021-03-17T00:44:21.724Z
72f5d4,2,19,7,t,0b63cd,2021-03-17T00:44:21.724Z
9ec847,5,54,7,t,0b63cd,2021-03-17T00:44:21.724Z
5d267b,2,40,7,t,0b63cd,2021-03-17T00:44:21.724Z
2a2353,3,57,7,t,0b63cd,2021-03-17T00:44:21.724Z
f084eb,2,36,7,t,0b63cd,2021-03-17T00:44:21.724Z
2feb6b,1,29,7,t,0b63cd,2021-03-17T00:44:21.724Z
d5e9a6,4,23,9,t,7a9c4c,2021-01-16T04:09:26.812Z
72f5d4,4,19,9,t,7a9c4c,2021-01-16T04:09:26.812Z
9ec847,3,54,9,t,7a9c4c,2021-01-16T04:09:26.812Z
c8d436,2,10,9,t,7a9c4c,2021-01-16T04:09:26.812Z
2a2353,3,57,9,t,7a9c4c,2021-01-16T04:09:26.812Z
f084eb,3,36,9,t,7a9c4c,2021-01-16T04:09:26.812Z
2feb6b,2,29,9,t,7a9c4c,2021-01-16T04:09:26.812Z
e83aa3,5,32,4,t,383066,2021-01-22T13:45:14.371Z
d5e9a6,3,23,4,t,383066,2021-01-22T13:45:14.371Z
5d267b,3,40,4,t,383066,2021-01-22T13:45:14.371Z
c8d436,1,10,4,t,383066,2021-01-22T13:45:14.371Z
f084eb,4,36,4,t,383066,2021-01-22T13:45:14.371Z
2feb6b,4,29,4,t,383066,2021-01-22T13:45:14.371Z
c4a632,3,13,2,t,26da56,2021-02-01T02:54:57.513Z
e31d39,4,10,2,t,26da56,2021-02-01T02:54:57.513Z
d5e9a6,2,23,2,t,26da56,2021-02-01T02:54:57.513Z
9ec847,1,54,2,t,26da56,2021-02-01T02:54:57.513Z
c8d436,1,10,2,t,26da56,2021-02-01T02:54:57.513Z
2a2353,5,57,2,t,26da56,2021-02-01T02:54:57.513Z
f084eb,2,36,2,t,26da56,2021-02-01T02:54:57.513Z
b9a74d,3,17,2,t,26da56,2021-02-01T02:54:57.513Z
2feb6b,5,29,2,t,26da56,2021-02-01T02:54:57.513Z
e31d39,1,10,19,f,6700fd,2021-02-12T18:40:43.651Z
d5e9a6,3,23,19,f,6700fd,2021-02-12T18:40:43.651Z
72f5d4,5,19,19,f,6700fd,2021-02-12T18:40:43.651Z
c4a632,2,13,20,t,242747,2021-01-29T18:05:29.616Z
e31d39,2,10,20,t,242747,2021-01-29T18:05:29.616Z
d5e9a6,5,23,20,t,242747,2021-01-29T18:05:29.616Z
9ec847,4,54,20,t,242747,2021-01-29T18:05:29.616Z
c8d436,5,10,20,t,242747,2021-01-29T18:05:29.616Z
2a2353,5,57,20,t,242747,2021-01-29T18:05:29.616Z
c4a632,1,13,8,f,42b0b0,2021-03-22T12:01:56.726Z
e83aa3,2,32,8,f,42b0b0,2021-03-22T12:01:56.726Z
d5e9a6,2,23,8,f,42b0b0,2021-03-22T12:01:56.726Z
72f5d4,5,19,8,f,42b0b0,2021-03-22T12:01:56.726Z
9ec847,3,54,8,f,42b0b0,2021-03-22T12:01:56.726Z
5d267b,5,40,8,f,42b0b0,2021-03-22T12:01:56.726Z
2a2353,3,57,8,f,42b0b0,2021-03-22T12:01:56.726Z
f084eb,2,36,8,f,42b0b0,2021-03-22T12:01:56.726Z
2feb6b,4,29,8,f,42b0b0,2021-03-22T12:01:56.726Z
e83aa3,1,32,9,t,ca22e4,2021-02-13T02:47:20.630Z
72f5d4,4,19,9,t,ca22e4,2021-02-13T02:47:20.630Z
9ec847,2,54,9,t,ca22e4,2021-02-13T02:47:20.630Z
2a2353,3,57,9,t,ca22e4,2021-02-13T02:47:20.630Z
f084eb,3,36,9,t,ca22e4,2021-02-13T02:47:20.630Z
2feb6b,4,29,9,t,ca22e4,2021-02-13T02:47:20.630Z
e31d39,2,10,18,t,18c0f4,2021-02-08T02:38:34.195Z
72f5d4,5,19,18,t,18c0f4,2021-02-08T02:38:34.195Z
9ec847,2,54,18,t,18c0f4,2021-02-08T02:38:34.195Z
5d267b,2,40,18,t,18c0f4,2021-02-08T02:38:34.195Z
f084eb,3,36,18,t,18c0f4,2021-02-08T02:38:34.195Z
2feb6b,2,29,18,t,18c0f4,2021-02-08T02:38:34.195Z
5d267b,2,40,11,t,57b4ce,2021-02-05T22:27:52.992Z
c8d436,2,10,11,t,57b4ce,2021-02-05T22:27:52.992Z
d5e9a6,3,23,4,t,f12cef,2021-02-19T07:07:59.721Z
72f5d4,2,19,4,t,f12cef,2021-02-19T07:07:59.721Z
5d267b,4,40,4,t,f12cef,2021-02-19T07:07:59.721Z
f084eb,2,36,4,t,f12cef,2021-02-19T07:07:59.721Z
2feb6b,2,29,4,t,f12cef,2021-02-19T07:07:59.721Z
e83aa3,3,32,11,t,d0f2e3,2021-03-29T19:30:11.404Z
5d267b,5,40,11,t,d0f2e3,2021-03-29T19:30:11.404Z
2a2353,3,57,11,t,d0f2e3,2021-03-29T19:30:11.404Z
b9a74d,5,17,11,t,d0f2e3,2021-03-29T19:30:11.404Z
2feb6b,5,29,11,t,d0f2e3,2021-03-29T19:30:11.404Z
c4a632,3,13,16,t,7b19d5,2021-03-17T08:54:54.835Z
e31d39,2,10,16,t,7b19d5,2021-03-17T08:54:54.835Z
d5e9a6,1,23,16,t,7b19d5,2021-03-17T08:54:54.835Z
9ec847,1,54,16,t,7b19d5,2021-03-17T08:54:54.835Z
2a2353,3,57,16,t,7b19d5,2021-03-17T08:54:54.835Z
2feb6b,3,29,16,t,7b19d5,2021-03-17T08:54:54.835Z
72f5d4,4,19,11,t,b5825c,2021-03-02T15:28:07.478Z
9ec847,5,54,11,t,b5825c,2021-03-02T15:28:07.478Z
c8d436,5,10,11,t,b5825c,2021-03-02T15:28:07.478Z
2a2353,3,57,11,t,b5825c,2021-03-02T15:28:07.478Z
f084eb,5,36,11,t,b5825c,2021-03-02T15:28:07.478Z
e83aa3,4,32,13,t,229557,2021-01-12T05:30:37.180Z
e31d39,5,10,13,t,229557,2021-01-12T05:30:37.180Z
d5e9a6,5,23,13,t,229557,2021-01-12T05:30:37.180Z
5d267b,3,40,13,t,229557,2021-01-12T05:30:37.180Z
b9a74d,2,17,13,t,229557,2021-01-12T05:30:37.180Z
2feb6b,3,29,13,t,229557,2021-01-12T05:30:37.180Z
72f5d4,1,19,21,t,b4a383,2021-02-15T07:28:12.259Z
9ec847,5,54,21,t,b4a383,2021-02-15T07:28:12.259Z
2a2353,1,57,21,t,b4a383,2021-02-15T07:28:12.259Z
c4a632,5,13,17,t,96120,2021-02-07T16:06:30.384Z
e83aa3,5,32,17,t,96120,2021-02-07T16:06:30.384Z
d5e9a6,5,23,17,t,96120,2021-02-07T16:06:30.384Z
c8d436,4,10,17,t,96120,2021-02-07T16:06:30.384Z
2a2353,1,57,17,t,96120,2021-02-07T16:06:30.384Z
f084eb,1,36,17,t,96120,2021-02-07T16:06:30.384Z
2feb6b,4,29,17,t,96120,2021-02-07T16:06:30.384Z
c4a632,3,13,24,t,6ec878,2021-03-13T16:28:11.568Z
e83aa3,2,32,24,t,6ec878,2021-03-13T16:28:11.568Z
72f5d4,5,19,24,t,6ec878,2021-03-13T16:28:11.568Z
5d267b,3,40,24,t,6ec878,2021-03-13T16:28:11.568Z
f084eb,3,36,24,t,6ec878,2021-03-13T16:28:11.568Z
e83aa3,4,32,10,f,5a44fb,2021-03-19T13:09:11.865Z
9ec847,3,54,10,f,5a44fb,2021-03-19T13:09:11.865Z
2a2353,1,57,10,f,5a44fb,2021-03-19T13:09:11.865Z
b9a74d,5,17,10,f,5a44fb,2021-03-19T13:09:11.865Z
c4a632,5,13,3,t,fc741f,2021-01-23T14:34:34.176Z
d5e9a6,2,23,3,t,fc741f,2021-01-23T14:34:34.176Z
5d267b,2,40,3,t,fc741f,2021-01-23T14:34:34.176Z
b9a74d,1,17,3,t,fc741f,2021-01-23T14:34:34.176Z
2feb6b,4,29,3,t,fc741f,2021-01-23T14:34:34.176Z
e83aa3,1,32,13,f,1432ef,2021-02-11T01:11:53.174Z
5d267b,5,40,13,f,1432ef,2021-02-11T01:11:53.174Z
2a2353,4,57,13,f,1432ef,2021-02-11T01:11:53.174Z
b9a74d,1,17,13,f,1432ef,2021-02-11T01:11:53.174Z
2feb6b,5,29,13,f,1432ef,2021-02-11T01:11:53.174Z
c4a632,4,13,6,t,260a36,2021-01-29T16:27:02.188Z
e83aa3,3,32,6,t,260a36,2021-01-29T16:27:02.188Z
72f5d4,1,19,6,t,260a36,2021-01-29T16:27:02.188Z
5d267b,2,40,6,t,260a36,2021-01-29T16:27:02.188Z
f084eb,4,36,6,t,260a36,2021-01-29T16:27:02.188Z
2feb6b,1,29,6,t,260a36,2021-01-29T16:27:02.188Z
e83aa3,1,32,18,t,f2b0a4,2021-01-20T09:40:47.280Z
d5e9a6,1,23,18,t,f2b0a4,2021-01-20T09:40:47.280Z
72f5d4,2,19,18,t,f2b0a4,2021-01-20T09:40:47.280Z
c8d436,3,10,18,t,f2b0a4,2021-01-20T09:40:47.280Z
2a2353,2,57,18,t,f2b0a4,2021-01-20T09:40:47.280Z
b9a74d,3,17,18,t,f2b0a4,2021-01-20T09:40:47.280Z
e83aa3,1,32,0,t,95a52d,2021-02-03T21:13:03.302Z
72f5d4,5,19,0,t,95a52d,2021-02-03T21:13:03.302Z
2a2353,5,57,0,t,95a52d,2021-02-03T21:13:03.302Z
b9a74d,4,17,0,t,95a52d,2021-02-03T21:13:03.302Z
2feb6b,2,29,0,t,95a52d,2021-02-03T21:13:03.302Z
c4a632,1,13,15,f,6c129e,2021-01-08T15:06:40.896Z
e83aa3,5,32,15,f,6c129e,2021-01-08T15:06:40.896Z
d5e9a6,1,23,15,f,6c129e,2021-01-08T15:06:40.896Z
c8d436,3,10,15,f,6c129e,2021-01-08T15:06:40.896Z
2a2353,4,57,15,f,6c129e,2021-01-08T15:06:40.896Z
e31d39,4,10,12,f,23ab8f,2021-01-24T03:11:05.280Z
d5e9a6,4,23,12,f,23ab8f,2021-01-24T03:11:05.280Z
9ec847,4,54,12,f,23ab8f,2021-01-24T03:11:05.280Z
5d267b,1,40,12,f,23ab8f,2021-01-24T03:11:05.280Z
2a2353,2,57,12,f,23ab8f,2021-01-24T03:11:05.280Z
2feb6b,4,29,12,f,23ab8f,2021-01-24T03:11:05.280Z
e83aa3,1,32,17,f,ed4ac6,2021-01-06T17:56:15.187Z
f084eb,1,36,17,f,ed4ac6,2021-01-06T17:56:15.187Z
c4a632,4,13,15,t,3bf0df,2021-01-19T02:58:47.510Z
e31d39,4,10,15,t,3bf0df,2021-01-19T02:58:47.510Z
72f5d4,2,19,15,t,3bf0df,2021-01-19T02:58:47.510Z
5d267b,1,40,15,t,3bf0df,2021-01-19T02:58:47.510Z
c8d436,4,10,15,t,3bf0df,2021-01-19T02:58:47.510Z
f084eb,5,36,15,t,3bf0df,2021-01-19T02:58:47.510Z
2feb6b,1,29,15,t,3bf0df,2021-01-19T02:58:47.510Z
e83aa3,4,32,8,t,c1090a,2021-01-01T05:43:00.307Z
e31d39,2,10,8,t,c1090a,2021-01-01T05:43:00.307Z
5d267b,3,40,8,t,c1090a,2021-01-01T05:43:00.307Z
2a2353,4,57,8,t,c1090a,2021-01-01T05:43:00.307Z
c4a632,1,13,5,t,5da658,2021-01-10T17:41:41.164Z
e31d39,2,10,5,t,5da658,2021-01-10T17:41:41.164Z
d5e9a6,2,23,5,t,5da658,2021-01-10T17:41:41.164Z
5d267b,4,40,5,t,5da658,2021-01-10T17:41:41.164Z
c8d436,4,10,5,t,5da658,2021-01-10T17:41:41.164Z
d5e9a6,2,23,9,t,86ce86,2021-03-06T04:16:49.526Z
72f5d4,1,19,9,t,86ce86,2021-03-06T04:16:49.526Z
9ec847,1,54,9,t,86ce86,2021-03-06T04:16:49.526Z
f084eb,5,36,9,t,86ce86,2021-03-06T04:16:49.526Z
b9a74d,3,17,9,t,86ce86,2021-03-06T04:16:49.526Z
2feb6b,5,29,9,t,86ce86,2021-03-06T04:16:49.526Z
e31d39,1,10,7,t,789956,2021-02-28T23:58:23.664Z
d5e9a6,2,23,7,t,789956,2021-02-28T23:58:23.664Z
5d267b,4,40,7,t,789956,2021-02-28T23:58:23.664Z
c8d436,2,10,7,t,789956,2021-02-28T23:58:23.664Z
2a2353,1,57,7,t,789956,2021-02-28T23:58:23.664Z
f084eb,3,36,7,t,789956,2021-02-28T23:58:23.664Z
b9a74d,4,17,7,t,789956,2021-02-28T23:58:23.664Z
c4a632,4,13,23,t,45f700,2021-03-19T01:35:07.843Z
e83aa3,5,32,23,t,45f700,2021-03-19T01:35:07.843Z
72f5d4,1,19,23,t,45f700,2021-03-19T01:35:07.843Z
9ec847,3,54,23,t,45f700,2021-03-19T01:35:07.843Z
5d267b,3,40,23,t,45f700,2021-03-19T01:35:07.843Z
f084eb,5,36,23,t,45f700,2021-03-19T01:35:07.843Z
c4a632,1,13,8,t,3d371b,2021-03-08T13:26:18.556Z
e83aa3,3,32,8,t,3d371b,2021-03-08T13:26:18.556Z
e31d39,1,10,8,t,3d371b,2021-03-08T13:26:18.556Z
72f5d4,5,19,8,t,3d371b,2021-03-08T13:26:18.556Z
c8d436,5,10,8,t,3d371b,2021-03-08T13:26:18.556Z
2a2353,1,57,8,t,3d371b,2021-03-08T13:26:18.556Z
f084eb,4,36,8,t,3d371b,2021-03-08T13:26:18.556Z
b9a74d,1,17,8,t,3d371b,2021-03-08T13:26:18.556Z
2feb6b,5,29,8,t,3d371b,2021-03-08T13:26:18.556Z
c4a632,3,13,13,f,b03230,2021-03-04T17:50:55.680Z
e83aa3,5,32,13,f,b03230,2021-03-04T17:50:55.680Z
e31d39,1,10,13,f,b03230,2021-03-04T17:50:55.680Z
72f5d4,4,19,13,f,b03230,2021-03-04T17:50:55.680Z
9ec847,4,54,13,f,b03230,2021-03-04T17:50:55.680Z
c8d436,2,10,13,f,b03230,2021-03-04T17:50:55.680Z
f084eb,1,36,13,f,b03230,2021-03-04T17:50:55.680Z
2feb6b,4,29,13,f,b03230,2021-03-04T17:50:55.680Z
c4a632,3,13,4,f,45e94b,2021-03-24T20:50:37.881Z
e31d39,4,10,4,f,45e94b,2021-03-24T20:50:37.881Z
9ec847,3,54,4,f,45e94b,2021-03-24T20:50:37.881Z
c8d436,2,10,4,f,45e94b,2021-03-24T20:50:37.881Z
f084eb,5,36,4,f,45e94b,2021-03-24T20:50:37.881Z
b9a74d,5,17,4,f,45e94b,2021-03-24T20:50:37.881Z
2feb6b,3,29,4,f,45e94b,2021-03-24T20:50:37.881Z
c4a632,3,13,24,f,4c57fc,2021-03-02T19:36:21.110Z
e31d39,2,10,24,f,4c57fc,2021-03-02T19:36:21.110Z
d5e9a6,1,23,24,f,4c57fc,2021-03-02T19:36:21.110Z
72f5d4,2,19,24,f,4c57fc,2021-03-02T19:36:21.110Z
9ec847,1,54,24,f,4c57fc,2021-03-02T19:36:21.110Z
5d267b,3,40,24,f,4c57fc,2021-03-02T19:36:21.110Z
2a2353,4,57,24,f,4c57fc,2021-03-02T19:36:21.110Z
f084eb,5,36,24,f,4c57fc,2021-03-02T19:36:21.110Z
b9a74d,3,17,24,f,4c57fc,2021-03-02T19:36:21.110Z
c4a632,4,13,2,f,0c655b,2021-01-02T05:25:31.497Z
e83aa3,3,32,2,f,0c655b,2021-01-02T05:25:31.497Z
9ec847,5,54,2,f,0c655b,2021-01-02T05:25:31.497Z
5d267b,1,40,2,f,0c655b,2021-01-02T05:25:31.497Z
c8d436,2,10,2,f,0c655b,2021-01-02T05:25:31.497Z
2a2353,2,57,2,f,0c655b,2021-01-02T05:25:31.497Z
f084eb,5,36,2,f,0c655b,2021-01-02T05:25:31.497Z
b9a74d,3,17,2,f,0c655b,2021-01-02T05:25:31.497Z
e31d39,5,10,9,t,c1a6d2,2021-01-03T15:22:23.779Z
c8d436,1,10,9,t,c1a6d2,2021-01-03T15:22:23.779Z
2a2353,1,57,9,t,c1a6d2,2021-01-03T15:22:23.779Z
2feb6b,3,29,9,t,c1a6d2,2021-01-03T15:22:23.779Z
e31d39,1,10,24,f,a8bc4b,2021-03-05T09:29:33.792Z
72f5d4,2,19,24,f,a8bc4b,2021-03-05T09:29:33.792Z
5d267b,5,40,24,f,a8bc4b,2021-03-05T09:29:33.792Z
c8d436,1,10,24,f,a8bc4b,2021-03-05T09:29:33.792Z
2a2353,2,57,24,f,a8bc4b,2021-03-05T09:29:33.792Z
b9a74d,1,17,24,f,a8bc4b,2021-03-05T09:29:33.792Z
c4a632,5,13,11,t,bc8019,2021-02-16T18:20:16.512Z
e31d39,2,10,11,t,bc8019,2021-02-16T18:20:16.512Z
9ec847,3,54,11,t,bc8019,2021-02-16T18:20:16.512Z
2a2353,2,57,11,t,bc8019,2021-02-16T18:20:16.512Z
e83aa3,2,32,19,t,5e9ddd,2021-03-10T18:20:35.001Z
d5e9a6,3,23,19,t,5e9ddd,2021-03-10T18:20:35.001Z
72f5d4,5,19,19,t,5e9ddd,2021-03-10T18:20:35.001Z
9ec847,1,54,19,t,5e9ddd,2021-03-10T18:20:35.001Z
5d267b,2,40,19,t,5e9ddd,2021-03-10T18:20:35.001Z
c8d436,1,10,19,t,5e9ddd,2021-03-10T18:20:35.001Z
2a2353,5,57,19,t,5e9ddd,2021-03-10T18:20:35.001Z
2feb6b,3,29,19,t,5e9ddd,2021-03-10T18:20:35.001Z
c4a632,3,13,8,t,10a814,2021-01-01T22:17:23.827Z
e83aa3,1,32,8,t,10a814,2021-01-01T22:17:23.827Z
9ec847,1,54,8,t,10a814,2021-01-01T22:17:23.827Z
b9a74d,2,17,8,t,10a814,2021-01-01T22:17:23.827Z
c4a632,2,13,12,f,314b4a,2021-03-27T12:47:39.926Z
e83aa3,2,32,12,f,314b4a,2021-03-27T12:47:39.926Z
9ec847,1,54,12,f,314b4a,2021-03-27T12:47:39.926Z
c8d436,4,10,12,f,314b4a,2021-03-27T12:47:39.926Z
f084eb,2,36,12,f,314b4a,2021-03-27T12:47:39.926Z
e83aa3,2,32,4,f,922281,2021-03-16T13:42:22.694Z
e31d39,2,10,4,f,922281,2021-03-16T13:42:22.694Z
c8d436,1,10,4,f,922281,2021-03-16T13:42:22.694Z
b9a74d,4,17,4,f,922281,2021-03-16T13:42:22.694Z
e31d39,5,10,2,t,4b19ac,2021-03-27T13:55:55.804Z
d5e9a6,3,23,2,t,4b19ac,2021-03-27T13:55:55.804Z
9ec847,3,54,2,t,4b19ac,2021-03-27T13:55:55.804Z
b9a74d,5,17,2,t,4b19ac,2021-03-27T13:55:55.804Z
c4a632,2,13,21,t,405fa9,2021-03-19T11:05:31.833Z
e31d39,3,10,21,t,405fa9,2021-03-19T11:05:31.833Z
5d267b,3,40,21,t,405fa9,2021-03-19T11:05:31.833Z
c8d436,2,10,21,t,405fa9,2021-03-19T11:05:31.833Z
2a2353,5,57,21,t,405fa9,2021-03-19T11:05:31.833Z
f084eb,5,36,21,t,405fa9,2021-03-19T11:05:31.833Z
2feb6b,3,29,21,t,405fa9,2021-03-19T11:05:31.833Z
c4a632,1,13,15,t,e0e2fb,2021-02-08T23:55:49.094Z
d5e9a6,2,23,15,t,e0e2fb,2021-02-08T23:55:49.094Z
9ec847,4,54,15,t,e0e2fb,2021-02-08T23:55:49.094Z
5d267b,5,40,15,t,e0e2fb,2021-02-08T23:55:49.094Z
c8d436,5,10,15,t,e0e2fb,2021-02-08T23:55:49.094Z
f084eb,3,36,15,t,e0e2fb,2021-02-08T23:55:49.094Z
b9a74d,5,17,15,t,e0e2fb,2021-02-08T23:55:49.094Z
e31d39,4,10,3,f,ca3798,2021-02-12T20:38:15.360Z
d5e9a6,3,23,3,f,ca3798,2021-02-12T20:38:15.360Z
5d267b,3,40,3,f,ca3798,2021-02-12T20:38:15.360Z
c8d436,1,10,3,f,ca3798,2021-02-12T20:38:15.360Z
b9a74d,5,17,3,f,ca3798,2021-02-12T20:38:15.360Z
2feb6b,1,29,3,f,ca3798,2021-02-12T20:38:15.360Z
c4a632,5,13,9,t,b3c364,2021-01-24T20:26:36.211Z
e31d39,4,10,9,t,b3c364,2021-01-24T20:26:36.211Z
9ec847,4,54,9,t,b3c364,2021-01-24T20:26:36.211Z
9ec847,2,54,7,f,f8c478,2021-03-24T01:57:46.915Z
b9a74d,1,17,7,f,f8c478,2021-03-24T01:57:46.915Z
2feb6b,3,29,7,f,f8c478,2021-03-24T01:57:46.915Z
c4a632,1,13,0,t,bd34c0,2021-03-09T14:39:01.584Z
e83aa3,2,32,0,t,bd34c0,2021-03-09T14:39:01.584Z
f084eb,4,36,0,t,bd34c0,2021-03-09T14:39:01.584Z
d5e9a6,1,23,16,t,6afb3b,2021-03-25T15:16:43.363Z
72f5d4,2,19,16,t,6afb3b,2021-03-25T15:16:43.363Z
5d267b,5,40,16,t,6afb3b,2021-03-25T15:16:43.363Z
2a2353,5,57,16,t,6afb3b,2021-03-25T15:16:43.363Z
b9a74d,5,17,16,t,6afb3b,2021-03-25T15:16:43.363Z
c4a632,5,13,10,t,9b3184,2021-02-18T04:40:49.123Z
e83aa3,1,32,10,t,9b3184,2021-02-18T04:40:49.123Z
e31d39,3,10,10,t,9b3184,2021-02-18T04:40:49.123Z
d5e9a6,5,23,10,t,9b3184,2021-02-18T04:40:49.123Z
2feb6b,3,29,10,t,9b3184,2021-02-18T04:40:49.123Z
e31d39,5,10,22,t,934c17,2021-01-09T16:11:49.200Z
d5e9a6,3,23,22,t,934c17,2021-01-09T16:11:49.200Z
2a2353,3,57,22,t,934c17,2021-01-09T16:11:49.200Z
f084eb,1,36,22,t,934c17,2021-01-09T16:11:49.200Z
2feb6b,4,29,22,t,934c17,2021-01-09T16:11:49.200Z
c4a632,5,13,18,t,dcf162,2021-03-01T22:14:22.473Z
e31d39,4,10,18,t,dcf162,2021-03-01T22:14:22.473Z
d5e9a6,1,23,18,t,dcf162,2021-03-01T22:14:22.473Z
72f5d4,3,19,18,t,dcf162,2021-03-01T22:14:22.473Z
9ec847,4,54,18,t,dcf162,2021-03-01T22:14:22.473Z
5d267b,3,40,18,t,dcf162,2021-03-01T22:14:22.473Z
d5e9a6,3,23,18,t,3920,2021-03-26T15:11:19.708Z
5d267b,5,40,18,t,3920,2021-03-26T15:11:19.708Z
c8d436,4,10,18,t,3920,2021-03-26T15:11:19.708Z
2a2353,4,57,18,t,3920,2021-03-26T15:11:19.708Z
f084eb,1,36,18,t,3920,2021-03-26T15:11:19.708Z
b9a74d,2,17,18,t,3920,2021-03-26T15:11:19.708Z
d5e9a6,5,23,0,f,e8d2b8,2021-01-16T13:13:14.390Z
72f5d4,5,19,0,f,e8d2b8,2021-01-16T13:13:14.390Z
9ec847,2,54,0,f,e8d2b8,2021-01-16T13:13:14.390Z
5d267b,4,40,0,f,e8d2b8,2021-01-16T13:13:14.390Z
b9a74d,5,17,0,f,e8d2b8,2021-01-16T13:13:14.390Z
2feb6b,5,29,0,f,e8d2b8,2021-01-16T13:13:14.390Z
c4a632,1,13,1,t,e709bf,2021-03-13T03:15:58.521Z
e83aa3,4,32,1,t,e709bf,2021-03-13T03:15:58.521Z
e31d39,3,10,1,t,e709bf,2021-03-13T03:15:58.521Z
72f5d4,4,19,1,t,e709bf,2021-03-13T03:15:58.521Z
9ec847,2,54,1,t,e709bf,2021-03-13T03:15:58.521Z
5d267b,2,40,1,t,e709bf,2021-03-13T03:15:58.521Z
b9a74d,4,17,1,t,e709bf,2021-03-13T03:15:58.521Z
2feb6b,3,29,1,t,e709bf,2021-03-13T03:15:58.521Z
e31d39,4,10,22,t,1b5663,2021-02-03T13:00:27.158Z
d5e9a6,4,23,22,t,1b5663,2021-02-03T13:00:27.158Z
5d267b,2,40,22,t,1b5663,2021-02-03T13:00:27.158Z
f084eb,4,36,22,t,1b5663,2021-02-03T13:00:27.158Z
b9a74d,3,17,22,t,1b5663,2021-02-03T13:00:27.158Z
c4a632,2,13,2,f,838f1e,2021-01-07T00:40:50.649Z
72f5d4,5,19,2,f,838f1e,2021-01-07T00:40:50.649Z
c8d436,3,10,2,f,838f1e,2021-01-07T00:40:50.649Z
b9a74d,4,17,2,f,838f1e,2021-01-07T00:40:50.649Z
2feb6b,4,29,2,f,838f1e,2021-01-07T00:40:50.649Z
e83aa3,5,32,21,t,14bcd2,2021-03-10T03:32:25.382Z
e31d39,1,10,21,t,14bcd2,2021-03-10T03:32:25.382Z
72f5d4,3,19,21,t,14bcd2,2021-03-10T03:32:25.382Z
9ec847,2,54,21,t,14bcd2,2021-03-10T03:32:25.382Z
5d267b,2,40,21,t,14bcd2,2021-03-10T03:32:25.382Z
f084eb,1,36,21,t,14bcd2,2021-03-10T03:32:25.382Z
b9a74d,5,17,21,t,14bcd2,2021-03-10T03:32:25.382Z
2feb6b,3,29,21,t,14bcd2,2021-03-10T03:32:25.382Z
e83aa3,5,32,3,f,e57a28,2021-01-17T17:25:54.393Z
e31d39,3,10,3,f,e57a28,2021-01-17T17:25:54.393Z
d5e9a6,1,23,3,f,e57a28,2021-01-17T17:25:54.393Z
5d267b,4,40,3,f,e57a28,2021-01-17T17:25:54.393Z
2a2353,2,57,3,f,e57a28,2021-01-17T17:25:54.393Z
b9a74d,4,17,3,f,e57a28,2021-01-17T17:25:54.393Z
c4a632,3,13,8,f,7.81E+07,2021-02-10T01:48:09.504Z
e83aa3,3,32,8,f,7.81E+07,2021-02-10T01:48:09.504Z
e31d39,4,10,8,f,7.81E+07,2021-02-10T01:48:09.504Z
72f5d4,3,19,8,f,7.81E+07,2021-02-10T01:48:09.504Z
c8d436,4,10,8,f,7.81E+07,2021-02-10T01:48:09.504Z
2a2353,2,57,8,f,7.81E+07,2021-02-10T01:48:09.504Z
f084eb,1,36,8,f,7.81E+07,2021-02-10T01:48:09.504Z
b9a74d,5,17,8,f,7.81E+07,2021-02-10T01:48:09.504Z
c4a632,1,13,20,t,c8daa1,2021-03-25T22:07:40.281Z
e31d39,2,10,20,t,c8daa1,2021-03-25T22:07:40.281Z
c8d436,5,10,20,t,c8daa1,2021-03-25T22:07:40.281Z
2a2353,3,57,20,t,c8daa1,2021-03-25T22:07:40.281Z
f084eb,3,36,20,t,c8daa1,2021-03-25T22:07:40.281Z
b9a74d,3,17,20,t,c8daa1,2021-03-25T22:07:40.281Z
c4a632,1,13,5,t,f88063,2021-03-01T19:31:56.294Z
d5e9a6,2,23,5,t,f88063,2021-03-01T19:31:56.294Z
2a2353,3,57,5,t,f88063,2021-03-01T19:31:56.294Z
b9a74d,2,17,5,t,f88063,2021-03-01T19:31:56.294Z
2feb6b,1,29,5,t,f88063,2021-03-01T19:31:56.294Z
e83aa3,1,32,18,t,fce91b,2021-03-22T13:25:34.147Z
72f5d4,2,19,18,t,fce91b,2021-03-22T13:25:34.147Z
5d267b,1,40,18,t,fce91b,2021-03-22T13:25:34.147Z
2a2353,4,57,18,t,fce91b,2021-03-22T13:25:34.147Z
f084eb,2,36,18,t,fce91b,2021-03-22T13:25:34.147Z
2feb6b,1,29,18,t,fce91b,2021-03-22T13:25:34.147Z
d5e9a6,3,23,6,t,903697,2021-03-01T18:41:14.323Z
5d267b,3,40,6,t,903697,2021-03-01T18:41:14.323Z
c8d436,5,10,6,t,903697,2021-03-01T18:41:14.323Z
2a2353,3,57,6,t,903697,2021-03-01T18:41:14.323Z
f084eb,4,36,6,t,903697,2021-03-01T18:41:14.323Z
2feb6b,2,29,6,t,903697,2021-03-01T18:41:14.323Z
e83aa3,3,32,16,f,942e4b,2021-02-02T23:15:53.481Z
72f5d4,1,19,16,f,942e4b,2021-02-02T23:15:53.481Z
c8d436,1,10,16,f,942e4b,2021-02-02T23:15:53.481Z
c4a632,5,13,17,f,8dff22,2021-02-16T11:38:25.728Z
9ec847,3,54,17,f,8dff22,2021-02-16T11:38:25.728Z
c8d436,4,10,17,f,8dff22,2021-02-16T11:38:25.728Z
f084eb,2,36,17,f,8dff22,2021-02-16T11:38:25.728Z
2feb6b,1,29,17,f,8dff22,2021-02-16T11:38:25.728Z
e83aa3,1,32,15,f,de2928,2021-02-28T10:25:59.116Z
e31d39,3,10,15,f,de2928,2021-02-28T10:25:59.116Z
d5e9a6,4,23,15,f,de2928,2021-02-28T10:25:59.116Z
9ec847,1,54,15,f,de2928,2021-02-28T10:25:59.116Z
c8d436,1,10,15,f,de2928,2021-02-28T10:25:59.116Z
b9a74d,1,17,15,f,de2928,2021-02-28T10:25:59.116Z
c4a632,2,13,15,t,2430d9,2021-01-07T04:32:54.960Z
e83aa3,4,32,15,t,2430d9,2021-01-07T04:32:54.960Z
e31d39,5,10,15,t,2430d9,2021-01-07T04:32:54.960Z
2a2353,3,57,15,t,2430d9,2021-01-07T04:32:54.960Z
f084eb,2,36,15,t,2430d9,2021-01-07T04:32:54.960Z
2feb6b,3,29,15,t,2430d9,2021-01-07T04:32:54.960Z
c4a632,1,13,11,f,621a4b,2021-01-14T20:01:33.628Z
e83aa3,3,32,11,f,621a4b,2021-01-14T20:01:33.628Z
d5e9a6,2,23,11,f,621a4b,2021-01-14T20:01:33.628Z
72f5d4,2,19,11,f,621a4b,2021-01-14T20:01:33.628Z
9ec847,3,54,11,f,621a4b,2021-01-14T20:01:33.628Z
2feb6b,3,29,11,f,621a4b,2021-01-14T20:01:33.628Z
e31d39,4,10,17,f,c6aeac,2021-01-19T18:17:07.036Z
72f5d4,2,19,17,f,c6aeac,2021-01-19T18:17:07.036Z
c8d436,2,10,17,f,c6aeac,2021-01-19T18:17:07.036Z
f084eb,1,36,17,f,c6aeac,2021-01-19T18:17:07.036Z
b9a74d,3,17,17,f,c6aeac,2021-01-19T18:17:07.036Z
c4a632,3,13,3,t,0e9026,2021-02-26T22:25:37.516Z
e83aa3,4,32,3,t,0e9026,2021-02-26T22:25:37.516Z
5d267b,1,40,3,t,0e9026,2021-02-26T22:25:37.516Z
2feb6b,3,29,3,t,0e9026,2021-02-26T22:25:37.516Z
e83aa3,2,32,10,t,7ad90b,2021-03-01T15:22:13.843Z
5d267b,1,40,10,t,7ad90b,2021-03-01T15:22:13.843Z
c8d436,3,10,10,t,7ad90b,2021-03-01T15:22:13.843Z
e83aa3,3,32,18,f,096cb4,2021-03-27T11:05:50.409Z
d5e9a6,5,23,18,f,096cb4,2021-03-27T11:05:50.409Z
72f5d4,1,19,18,f,096cb4,2021-03-27T11:05:50.409Z
f084eb,5,36,18,f,096cb4,2021-03-27T11:05:50.409Z
b9a74d,5,17,18,f,096cb4,2021-03-27T11:05:50.409Z
c4a632,4,13,12,t,040ed8,2021-01-07T03:09:09.676Z
e31d39,3,10,12,t,040ed8,2021-01-07T03:09:09.676Z
5d267b,3,40,12,t,040ed8,2021-01-07T03:09:09.676Z
c4a632,1,13,4,t,284b57,2021-01-29T14:14:20.169Z
9ec847,4,54,4,t,284b57,2021-01-29T14:14:20.169Z
5d267b,1,40,4,t,284b57,2021-01-29T14:14:20.169Z
2feb6b,5,29,4,t,284b57,2021-01-29T14:14:20.169Z
c4a632,1,13,0,t,46aad7,2021-03-22T07:49:31.497Z
e83aa3,1,32,0,t,46aad7,2021-03-22T07:49:31.497Z
d5e9a6,2,23,0,t,46aad7,2021-03-22T07:49:31.497Z
5d267b,1,40,0,t,46aad7,2021-03-22T07:49:31.497Z
c8d436,5,10,0,t,46aad7,2021-03-22T07:49:31.497Z
2a2353,3,57,0,t,46aad7,2021-03-22T07:49:31.497Z
e31d39,2,10,15,f,8cfc51,2021-01-03T20:45:54.144Z
9ec847,4,54,15,f,8cfc51,2021-01-03T20:45:54.144Z
c8d436,3,10,15,f,8cfc51,2021-01-03T20:45:54.144Z
2a2353,1,57,15,f,8cfc51,2021-01-03T20:45:54.144Z
b9a74d,2,17,15,f,8cfc51,2021-01-03T20:45:54.144Z
e31d39,1,10,21,f,1bb900,2021-02-27T01:24:22.348Z
72f5d4,4,19,21,f,1bb900,2021-02-27T01:24:22.348Z
9ec847,1,54,21,f,1bb900,2021-02-27T01:24:22.348Z
5d267b,1,40,21,f,1bb900,2021-02-27T01:24:22.348Z
f084eb,4,36,21,f,1bb900,2021-02-27T01:24:22.348Z
b9a74d,5,17,21,f,1bb900,2021-02-27T01:24:22.348Z
e83aa3,4,32,0,t,33de50,2021-03-20T02:41:24.921Z
5d267b,2,40,0,t,33de50,2021-03-20T02:41:24.921Z
f084eb,5,36,0,t,33de50,2021-03-20T02:41:24.921Z
2feb6b,1,29,0,t,33de50,2021-03-20T02:41:24.921Z
c4a632,5,13,15,t,137967,2021-02-27T13:03:06.739Z
e31d39,4,10,15,t,137967,2021-02-27T13:03:06.739Z
d5e9a6,4,23,15,t,137967,2021-02-27T13:03:06.739Z
72f5d4,4,19,15,t,137967,2021-02-27T13:03:06.739Z
9ec847,3,54,15,t,137967,2021-02-27T13:03:06.739Z
5d267b,1,40,15,t,137967,2021-02-27T13:03:06.739Z
c8d436,3,10,15,t,137967,2021-02-27T13:03:06.739Z
2a2353,1,57,15,t,137967,2021-02-27T13:03:06.739Z
b9a74d,1,17,15,t,137967,2021-02-27T13:03:06.739Z
2feb6b,2,29,15,t,137967,2021-02-27T13:03:06.739Z
c4a632,5,13,16,t,63770f,2021-01-21T05:50:13.776Z
e31d39,4,10,16,t,63770f,2021-01-21T05:50:13.776Z
72f5d4,1,19,16,t,63770f,2021-01-21T05:50:13.776Z
9ec847,3,54,16,t,63770f,2021-01-21T05:50:13.776Z
c8d436,4,10,16,t,63770f,2021-01-21T05:50:13.776Z
2a2353,4,57,16,t,63770f,2021-01-21T05:50:13.776Z
b9a74d,5,17,16,t,63770f,2021-01-21T05:50:13.776Z
2feb6b,5,29,16,t,63770f,2021-01-21T05:50:13.776Z
e83aa3,1,32,12,f,e093fb,2021-01-22T18:17:19.392Z
e31d39,1,10,12,f,e093fb,2021-01-22T18:17:19.392Z
9ec847,3,54,12,f,e093fb,2021-01-22T18:17:19.392Z
f084eb,4,36,12,f,e093fb,2021-01-22T18:17:19.392Z
c4a632,4,13,11,t,fcd8cb,2021-02-07T19:23:47.788Z
d5e9a6,2,23,11,t,fcd8cb,2021-02-07T19:23:47.788Z
72f5d4,4,19,11,t,fcd8cb,2021-02-07T19:23:47.788Z
c8d436,5,10,11,t,fcd8cb,2021-02-07T19:23:47.788Z
f084eb,4,36,11,t,fcd8cb,2021-02-07T19:23:47.788Z
b9a74d,2,17,11,t,fcd8cb,2021-02-07T19:23:47.788Z
2feb6b,4,29,11,t,fcd8cb,2021-02-07T19:23:47.788Z
c4a632,4,13,7,t,eb3b41,2021-01-01T08:41:27.772Z
e83aa3,4,32,7,t,eb3b41,2021-01-01T08:41:27.772Z
e31d39,2,10,7,t,eb3b41,2021-01-01T08:41:27.772Z
d5e9a6,1,23,7,t,eb3b41,2021-01-01T08:41:27.772Z
9ec847,1,54,7,t,eb3b41,2021-01-01T08:41:27.772Z
2a2353,2,57,7,t,eb3b41,2021-01-01T08:41:27.772Z
2feb6b,1,29,7,t,eb3b41,2021-01-01T08:41:27.772Z
c4a632,3,13,21,t,a9db6c,2021-01-30T01:46:46.300Z
e83aa3,2,32,21,t,a9db6c,2021-01-30T01:46:46.300Z
5d267b,1,40,21,t,a9db6c,2021-01-30T01:46:46.300Z
f084eb,3,36,21,t,a9db6c,2021-01-30T01:46:46.300Z
2feb6b,5,29,21,t,a9db6c,2021-01-30T01:46:46.300Z
c4a632,1,13,6,f,4ad894,2021-01-16T21:41:29.961Z
e31d39,4,10,6,f,4ad894,2021-01-16T21:41:29.961Z
72f5d4,5,19,6,f,4ad894,2021-01-16T21:41:29.961Z
5d267b,5,40,6,f,4ad894,2021-01-16T21:41:29.961Z
e31d39,1,10,14,t,be029f,2021-03-20T10:35:18.902Z
d5e9a6,1,23,14,t,be029f,2021-03-20T10:35:18.902Z
9ec847,2,54,14,t,be029f,2021-03-20T10:35:18.902Z
5d267b,1,40,14,t,be029f,2021-03-20T10:35:18.902Z
c8d436,1,10,14,t,be029f,2021-03-20T10:35:18.902Z
f084eb,5,36,14,t,be029f,2021-03-20T10:35:18.902Z
c4a632,4,13,20,f,d3d79e,2021-01-19T05:52:40.483Z
d5e9a6,1,23,20,f,d3d79e,2021-01-19T05:52:40.483Z
72f5d4,2,19,20,f,d3d79e,2021-01-19T05:52:40.483Z
9ec847,4,54,20,f,d3d79e,2021-01-19T05:52:40.483Z
5d267b,4,40,20,f,d3d79e,2021-01-19T05:52:40.483Z
c8d436,3,10,20,f,d3d79e,2021-01-19T05:52:40.483Z
2a2353,1,57,20,f,d3d79e,2021-01-19T05:52:40.483Z
f084eb,2,36,20,f,d3d79e,2021-01-19T05:52:40.483Z
72f5d4,4,19,7,f,259eb4,2021-03-22T00:34:12.691Z
9ec847,5,54,7,f,259eb4,2021-03-22T00:34:12.691Z
c8d436,2,10,7,f,259eb4,2021-03-22T00:34:12.691Z
2a2353,5,57,7,f,259eb4,2021-03-22T00:34:12.691Z
f084eb,4,36,7,f,259eb4,2021-03-22T00:34:12.691Z
b9a74d,2,17,7,f,259eb4,2021-03-22T00:34:12.691Z
2feb6b,4,29,7,f,259eb4,2021-03-22T00:34:12.691Z
e83aa3,2,32,15,f,0375eb,2021-01-26T19:57:04.752Z
e31d39,4,10,15,f,0375eb,2021-01-26T19:57:04.752Z
72f5d4,3,19,15,f,0375eb,2021-01-26T19:57:04.752Z
c8d436,3,10,15,f,0375eb,2021-01-26T19:57:04.752Z
f084eb,1,36,15,f,0375eb,2021-01-26T19:57:04.752Z
2feb6b,2,29,15,f,0375eb,2021-01-26T19:57:04.752Z
e83aa3,2,32,11,f,494abf,2021-02-24T18:10:51.369Z
72f5d4,2,19,11,f,494abf,2021-02-24T18:10:51.369Z
c8d436,5,10,11,f,494abf,2021-02-24T18:10:51.369Z
f084eb,4,36,11,f,494abf,2021-02-24T18:10:51.369Z
2feb6b,4,29,11,f,494abf,2021-02-24T18:10:51.369Z
e31d39,2,10,23,f,b33079,2021-01-27T11:45:02.822Z
d5e9a6,5,23,23,f,b33079,2021-01-27T11:45:02.822Z
9ec847,4,54,23,f,b33079,2021-01-27T11:45:02.822Z
5d267b,2,40,23,f,b33079,2021-01-27T11:45:02.822Z
2a2353,5,57,23,f,b33079,2021-01-27T11:45:02.822Z
72f5d4,3,19,6,f,18f182,2021-03-02T00:15:01.497Z
9ec847,5,54,6,f,18f182,2021-03-02T00:15:01.497Z
c8d436,4,10,6,f,18f182,2021-03-02T00:15:01.497Z
2a2353,2,57,6,f,18f182,2021-03-02T00:15:01.497Z
f084eb,1,36,6,f,18f182,2021-03-02T00:15:01.497Z
b9a74d,5,17,6,f,18f182,2021-03-02T00:15:01.497Z
e83aa3,3,32,22,t,c28317,2021-03-12T08:34:20.611Z
5d267b,1,40,22,t,c28317,2021-03-12T08:34:20.611Z
2feb6b,4,29,22,t,c28317,2021-03-12T08:34:20.611Z
e83aa3,4,32,15,f,63e353,2021-03-21T21:50:01.795Z
e31d39,5,10,15,f,63e353,2021-03-21T21:50:01.795Z
72f5d4,1,19,15,f,63e353,2021-03-21T21:50:01.795Z
5d267b,2,40,15,f,63e353,2021-03-21T21:50:01.795Z
c8d436,4,10,15,f,63e353,2021-03-21T21:50:01.795Z
2a2353,1,57,15,f,63e353,2021-03-21T21:50:01.795Z
f084eb,5,36,15,f,63e353,2021-03-21T21:50:01.795Z
2feb6b,5,29,15,f,63e353,2021-03-21T21:50:01.795Z
c4a632,2,13,14,f,f79f23,2021-02-15T20:15:10.713Z
e31d39,3,10,14,f,f79f23,2021-02-15T20:15:10.713Z
d5e9a6,2,23,14,f,f79f23,2021-02-15T20:15:10.713Z
72f5d4,4,19,14,f,f79f23,2021-02-15T20:15:10.713Z
9ec847,1,54,14,f,f79f23,2021-02-15T20:15:10.713Z
5d267b,4,40,14,f,f79f23,2021-02-15T20:15:10.713Z
c8d436,1,10,14,f,f79f23,2021-02-15T20:15:10.713Z
2a2353,1,57,14,f,f79f23,2021-02-15T20:15:10.713Z
2feb6b,3,29,14,f,f79f23,2021-02-15T20:15:10.713Z
e83aa3,4,32,14,f,cba794,2021-02-13T21:16:24.960Z
5d267b,1,40,14,f,cba794,2021-02-13T21:16:24.960Z
c8d436,2,10,14,f,cba794,2021-02-13T21:16:24.960Z
f084eb,2,36,14,f,cba794,2021-02-13T21:16:24.960Z
b9a74d,2,17,14,f,cba794,2021-02-13T21:16:24.960Z
e31d39,3,10,7,f,121248,2021-01-10T00:04:18.768Z
72f5d4,4,19,7,f,121248,2021-01-10T00:04:18.768Z
9ec847,4,54,7,f,121248,2021-01-10T00:04:18.768Z
5d267b,5,40,7,f,121248,2021-01-10T00:04:18.768Z
c8d436,5,10,7,f,121248,2021-01-10T00:04:18.768Z
b9a74d,2,17,7,f,121248,2021-01-10T00:04:18.768Z
c4a632,5,13,7,t,39c2f0,2021-03-09T03:51:46.080Z
9ec847,4,54,7,t,39c2f0,2021-03-09T03:51:46.080Z
5d267b,5,40,7,t,39c2f0,2021-03-09T03:51:46.080Z
b9a74d,1,17,7,t,39c2f0,2021-03-09T03:51:46.080Z
2feb6b,1,29,7,t,39c2f0,2021-03-09T03:51:46.080Z
e83aa3,1,32,17,t,a0fc95,2021-02-07T05:53:40.358Z
e31d39,1,10,17,t,a0fc95,2021-02-07T05:53:40.358Z
d5e9a6,5,23,17,t,a0fc95,2021-02-07T05:53:40.358Z
c8d436,4,10,17,t,a0fc95,2021-02-07T05:53:40.358Z
f084eb,2,36,17,t,a0fc95,2021-02-07T05:53:40.358Z
c4a632,1,13,13,f,fb22e3,2021-01-15T02:56:02.486Z
e31d39,3,10,13,f,fb22e3,2021-01-15T02:56:02.486Z
d5e9a6,3,23,13,f,fb22e3,2021-01-15T02:56:02.486Z
72f5d4,3,19,13,f,fb22e3,2021-01-15T02:56:02.486Z
b9a74d,2,17,13,f,fb22e3,2021-01-15T02:56:02.486Z
e83aa3,1,32,10,t,ab1dbb,2021-01-06T10:35:18.470Z
d5e9a6,5,23,10,t,ab1dbb,2021-01-06T10:35:18.470Z
9ec847,3,54,10,t,ab1dbb,2021-01-06T10:35:18.470Z
5d267b,2,40,10,t,ab1dbb,2021-01-06T10:35:18.470Z
2a2353,5,57,10,t,ab1dbb,2021-01-06T10:35:18.470Z
b9a74d,4,17,10,t,ab1dbb,2021-01-06T10:35:18.470Z
2feb6b,1,29,10,t,ab1dbb,2021-01-06T10:35:18.470Z
e31d39,3,10,5,t,2e75d0,2021-03-13T18:01:57.244Z
d5e9a6,5,23,5,t,2e75d0,2021-03-13T18:01:57.244Z
5d267b,1,40,5,t,2e75d0,2021-03-13T18:01:57.244Z
2feb6b,1,29,5,t,2e75d0,2021-03-13T18:01:57.244Z
e83aa3,5,32,6,t,9d6d86,2021-03-01T13:46:15.369Z
d5e9a6,4,23,6,t,9d6d86,2021-03-01T13:46:15.369Z
72f5d4,3,19,6,t,9d6d86,2021-03-01T13:46:15.369Z
5d267b,5,40,6,t,9d6d86,2021-03-01T13:46:15.369Z
e83aa3,1,32,9,f,213387,2021-03-08T18:52:24.700Z
e31d39,1,10,9,f,213387,2021-03-08T18:52:24.700Z
9ec847,4,54,9,f,213387,2021-03-08T18:52:24.700Z
c8d436,5,10,9,f,213387,2021-03-08T18:52:24.700Z
2a2353,5,57,9,f,213387,2021-03-08T18:52:24.700Z
f084eb,3,36,9,f,213387,2021-03-08T18:52:24.700Z
b9a74d,1,17,9,f,213387,2021-03-08T18:52:24.700Z
2feb6b,4,29,9,f,213387,2021-03-08T18:52:24.700Z
e83aa3,4,32,15,t,d5d3d2,2021-01-28T16:16:57.043Z
5d267b,5,40,15,t,d5d3d2,2021-01-28T16:16:57.043Z
2a2353,3,57,15,t,d5d3d2,2021-01-28T16:16:57.043Z
f084eb,5,36,15,t,d5d3d2,2021-01-28T16:16:57.043Z
b9a74d,4,17,15,t,d5d3d2,2021-01-28T16:16:57.043Z
2feb6b,5,29,15,t,d5d3d2,2021-01-28T16:16:57.043Z
c4a632,1,13,14,t,af4203,2021-02-08T16:20:28.032Z
e83aa3,4,32,14,t,af4203,2021-02-08T16:20:28.032Z
72f5d4,1,19,14,t,af4203,2021-02-08T16:20:28.032Z
c8d436,5,10,14,t,af4203,2021-02-08T16:20:28.032Z
2a2353,2,57,14,t,af4203,2021-02-08T16:20:28.032Z
f084eb,1,36,14,t,af4203,2021-02-08T16:20:28.032Z
2feb6b,2,29,14,t,af4203,2021-02-08T16:20:28.032Z
c4a632,3,13,22,f,c07c48,2021-03-10T14:59:07.641Z
e83aa3,5,32,22,f,c07c48,2021-03-10T14:59:07.641Z
e31d39,3,10,22,f,c07c48,2021-03-10T14:59:07.641Z
d5e9a6,5,23,22,f,c07c48,2021-03-10T14:59:07.641Z
9ec847,4,54,22,f,c07c48,2021-03-10T14:59:07.641Z
c8d436,3,10,22,f,c07c48,2021-03-10T14:59:07.641Z
f084eb,2,36,22,f,c07c48,2021-03-10T14:59:07.641Z
c4a632,2,13,23,f,2c6b32,2021-03-09T09:36:53.222Z
e31d39,3,10,23,f,2c6b32,2021-03-09T09:36:53.222Z
2a2353,4,57,23,f,2c6b32,2021-03-09T09:36:53.222Z
2feb6b,3,29,23,f,2c6b32,2021-03-09T09:36:53.222Z
c4a632,2,13,5,f,2a4cb0,2021-01-17T19:51:05.414Z
d5e9a6,4,23,5,f,2a4cb0,2021-01-17T19:51:05.414Z
9ec847,2,54,5,f,2a4cb0,2021-01-17T19:51:05.414Z
5d267b,5,40,5,f,2a4cb0,2021-01-17T19:51:05.414Z
f084eb,3,36,5,f,2a4cb0,2021-01-17T19:51:05.414Z
e83aa3,4,32,5,t,e8ee86,2021-01-02T13:44:00.758Z
d5e9a6,2,23,5,t,e8ee86,2021-01-02T13:44:00.758Z
9ec847,4,54,5,t,e8ee86,2021-01-02T13:44:00.758Z
2a2353,4,57,5,t,e8ee86,2021-01-02T13:44:00.758Z
f084eb,3,36,5,t,e8ee86,2021-01-02T13:44:00.758Z
c4a632,5,13,13,f,200ff7,2021-02-10T10:11:07.900Z
e83aa3,5,32,13,f,200ff7,2021-02-10T10:11:07.900Z
d5e9a6,2,23,13,f,200ff7,2021-02-10T10:11:07.900Z
f084eb,2,36,13,f,200ff7,2021-02-10T10:11:07.900Z
2feb6b,1,29,13,f,200ff7,2021-02-10T10:11:07.900Z
e83aa3,3,32,7,t,d3a121,2021-01-20T11:12:57.484Z
e31d39,3,10,7,t,d3a121,2021-01-20T11:12:57.484Z
d5e9a6,5,23,7,t,d3a121,2021-01-20T11:12:57.484Z
72f5d4,2,19,7,t,d3a121,2021-01-20T11:12:57.484Z
d5e9a6,3,23,12,t,d76438,2021-01-17T02:32:32.006Z
72f5d4,1,19,12,t,d76438,2021-01-17T02:32:32.006Z
9ec847,4,54,12,t,d76438,2021-01-17T02:32:32.006Z
2a2353,1,57,12,t,d76438,2021-01-17T02:32:32.006Z
c4a632,1,13,0,t,97d00b,2021-01-18T04:10:23.664Z
d5e9a6,5,23,0,t,97d00b,2021-01-18T04:10:23.664Z
c8d436,1,10,0,t,97d00b,2021-01-18T04:10:23.664Z
2a2353,5,57,0,t,97d00b,2021-01-18T04:10:23.664Z
2feb6b,5,29,0,t,97d00b,2021-01-18T04:10:23.664Z
e83aa3,2,32,17,t,3bf9b8,2021-01-14T08:40:21.590Z
e31d39,5,10,17,t,3bf9b8,2021-01-14T08:40:21.590Z
5d267b,4,40,17,t,3bf9b8,2021-01-14T08:40:21.590Z
c8d436,1,10,17,t,3bf9b8,2021-01-14T08:40:21.590Z
2feb6b,4,29,17,t,3bf9b8,2021-01-14T08:40:21.590Z
c4a632,2,13,17,t,7253ef,2021-01-14T11:52:55.948Z
e83aa3,5,32,17,t,7253ef,2021-01-14T11:52:55.948Z
e31d39,5,10,17,t,7253ef,2021-01-14T11:52:55.948Z
9ec847,2,54,17,t,7253ef,2021-01-14T11:52:55.948Z
5d267b,2,40,17,t,7253ef,2021-01-14T11:52:55.948Z
2a2353,3,57,17,t,7253ef,2021-01-14T11:52:55.948Z
2feb6b,3,29,17,t,7253ef,2021-01-14T11:52:55.948Z
e83aa3,4,32,11,f,cf8576,2021-01-12T13:44:23.481Z
72f5d4,1,19,11,f,cf8576,2021-01-12T13:44:23.481Z
9ec847,4,54,11,f,cf8576,2021-01-12T13:44:23.481Z
2a2353,3,57,11,f,cf8576,2021-01-12T13:44:23.481Z
f084eb,5,36,11,f,cf8576,2021-01-12T13:44:23.481Z
b9a74d,3,17,11,f,cf8576,2021-01-12T13:44:23.481Z
e83aa3,2,32,17,t,5a310f,2021-03-03T21:31:18.336Z
e31d39,3,10,17,t,5a310f,2021-03-03T21:31:18.336Z
d5e9a6,5,23,17,t,5a310f,2021-03-03T21:31:18.336Z
72f5d4,2,19,17,t,5a310f,2021-03-03T21:31:18.336Z
5d267b,1,40,17,t,5a310f,2021-03-03T21:31:18.336Z
c8d436,1,10,17,t,5a310f,2021-03-03T21:31:18.336Z
2feb6b,4,29,17,t,5a310f,2021-03-03T21:31:18.336Z
e31d39,2,10,18,t,649a63,2021-03-01T01:48:26.956Z
d5e9a6,5,23,18,t,649a63,2021-03-01T01:48:26.956Z
72f5d4,2,19,18,t,649a63,2021-03-01T01:48:26.956Z
5d267b,3,40,18,t,649a63,2021-03-01T01:48:26.956Z
c8d436,2,10,18,t,649a63,2021-03-01T01:48:26.956Z
b9a74d,2,17,18,t,649a63,2021-03-01T01:48:26.956Z
e83aa3,2,32,2,t,fc821f,2021-03-25T22:26:59.596Z
5d267b,4,40,2,t,fc821f,2021-03-25T22:26:59.596Z
f084eb,1,36,2,t,fc821f,2021-03-25T22:26:59.596Z
2feb6b,2,29,2,t,fc821f,2021-03-25T22:26:59.596Z
e83aa3,3,32,14,f,70404c,2021-02-21T03:29:46.838Z
e31d39,5,10,14,f,70404c,2021-02-21T03:29:46.838Z
72f5d4,4,19,14,f,70404c,2021-02-21T03:29:46.838Z
9ec847,2,54,14,f,70404c,2021-02-21T03:29:46.838Z
c8d436,4,10,14,f,70404c,2021-02-21T03:29:46.838Z
f084eb,1,36,14,f,70404c,2021-02-21T03:29:46.838Z
d5e9a6,1,23,2,t,d71999,2021-02-07T10:15:26.928Z
b9a74d,3,17,2,t,d71999,2021-02-07T10:15:26.928Z
e83aa3,2,32,12,t,4e0312,2021-03-05T13:53:50.352Z
5d267b,2,40,12,t,4e0312,2021-03-05T13:53:50.352Z
b9a74d,3,17,12,t,4e0312,2021-03-05T13:53:50.352Z
2feb6b,5,29,12,t,4e0312,2021-03-05T13:53:50.352Z
c4a632,5,13,11,t,4f5d0f,2021-02-26T23:00:48.009Z
e83aa3,4,32,11,t,4f5d0f,2021-02-26T23:00:48.009Z
e31d39,5,10,11,t,4f5d0f,2021-02-26T23:00:48.009Z
72f5d4,1,19,11,t,4f5d0f,2021-02-26T23:00:48.009Z
5d267b,5,40,11,t,4f5d0f,2021-02-26T23:00:48.009Z
c8d436,1,10,11,t,4f5d0f,2021-02-26T23:00:48.009Z
2a2353,3,57,11,t,4f5d0f,2021-02-26T23:00:48.009Z
c4a632,2,13,22,t,dae2b1,2021-03-12T03:47:16.598Z
e83aa3,5,32,22,t,dae2b1,2021-03-12T03:47:16.598Z
e31d39,2,10,22,t,dae2b1,2021-03-12T03:47:16.598Z
d5e9a6,2,23,22,t,dae2b1,2021-03-12T03:47:16.598Z
5d267b,2,40,22,t,dae2b1,2021-03-12T03:47:16.598Z
2a2353,2,57,22,t,dae2b1,2021-03-12T03:47:16.598Z
2feb6b,3,29,22,t,dae2b1,2021-03-12T03:47:16.598Z
72f5d4,3,19,19,t,d9e7a8,2021-01-02T09:47:04.502Z
5d267b,4,40,19,t,d9e7a8,2021-01-02T09:47:04.502Z
c8d436,5,10,19,t,d9e7a8,2021-01-02T09:47:04.502Z
2a2353,2,57,19,t,d9e7a8,2021-01-02T09:47:04.502Z
e31d39,5,10,17,t,d9a0c8,2021-02-07T23:03:29.232Z
d5e9a6,2,23,17,t,d9a0c8,2021-02-07T23:03:29.232Z
72f5d4,5,19,17,t,d9a0c8,2021-02-07T23:03:29.232Z
c8d436,3,10,17,t,d9a0c8,2021-02-07T23:03:29.232Z
2a2353,1,57,17,t,d9a0c8,2021-02-07T23:03:29.232Z
f084eb,4,36,17,t,d9a0c8,2021-02-07T23:03:29.232Z
b9a74d,1,17,17,t,d9a0c8,2021-02-07T23:03:29.232Z
2feb6b,3,29,17,t,d9a0c8,2021-02-07T23:03:29.232Z
c4a632,3,13,3,t,97886a,2021-02-10T06:30:19.756Z
e83aa3,4,32,3,t,97886a,2021-02-10T06:30:19.756Z
d5e9a6,4,23,3,t,97886a,2021-02-10T06:30:19.756Z
9ec847,1,54,3,t,97886a,2021-02-10T06:30:19.756Z
5d267b,2,40,3,t,97886a,2021-02-10T06:30:19.756Z
2a2353,4,57,3,t,97886a,2021-02-10T06:30:19.756Z
b9a74d,2,17,3,t,97886a,2021-02-10T06:30:19.756Z
e83aa3,1,32,9,t,0f26f3,2021-03-26T20:46:15.830Z
72f5d4,1,19,9,t,0f26f3,2021-03-26T20:46:15.830Z
9ec847,1,54,9,t,0f26f3,2021-03-26T20:46:15.830Z
f084eb,1,36,9,t,0f26f3,2021-03-26T20:46:15.830Z
2feb6b,2,29,9,t,0f26f3,2021-03-26T20:46:15.830Z
c4a632,3,13,23,f,fc274b,2021-02-08T04:23:04.848Z
e83aa3,4,32,23,f,fc274b,2021-02-08T04:23:04.848Z
e31d39,2,10,23,f,fc274b,2021-02-08T04:23:04.848Z
c8d436,2,10,23,f,fc274b,2021-02-08T04:23:04.848Z
2a2353,3,57,23,f,fc274b,2021-02-08T04:23:04.848Z
b9a74d,1,17,23,f,fc274b,2021-02-08T04:23:04.848Z
2feb6b,4,29,23,f,fc274b,2021-02-08T04:23:04.848Z
c4a632,3,13,15,t,e9d356,2021-01-12T16:52:13.756Z
e83aa3,1,32,15,t,e9d356,2021-01-12T16:52:13.756Z
72f5d4,4,19,15,t,e9d356,2021-01-12T16:52:13.756Z
f084eb,3,36,15,t,e9d356,2021-01-12T16:52:13.756Z
2feb6b,1,29,15,t,e9d356,2021-01-12T16:52:13.756Z
c4a632,3,13,23,f,d113b2,2021-03-16T00:45:20.390Z
e83aa3,1,32,23,f,d113b2,2021-03-16T00:45:20.390Z
72f5d4,5,19,23,f,d113b2,2021-03-16T00:45:20.390Z
f084eb,3,36,23,f,d113b2,2021-03-16T00:45:20.390Z
b9a74d,2,17,23,f,d113b2,2021-03-16T00:45:20.390Z
c4a632,4,13,4,f,c01aa0,2021-01-30T23:56:46.809Z
e83aa3,2,32,4,f,c01aa0,2021-01-30T23:56:46.809Z
e31d39,1,10,4,f,c01aa0,2021-01-30T23:56:46.809Z
72f5d4,2,19,4,f,c01aa0,2021-01-30T23:56:46.809Z
9ec847,3,54,4,f,c01aa0,2021-01-30T23:56:46.809Z
c8d436,4,10,4,f,c01aa0,2021-01-30T23:56:46.809Z
b9a74d,2,17,4,f,c01aa0,2021-01-30T23:56:46.809Z
9ec847,5,54,0,f,ec651a,2021-03-12T04:04:56.380Z
5d267b,2,40,0,f,ec651a,2021-03-12T04:04:56.380Z
2a2353,1,57,0,f,ec651a,2021-03-12T04:04:56.380Z
f084eb,2,36,0,f,ec651a,2021-03-12T04:04:56.380Z
2feb6b,4,29,0,f,ec651a,2021-03-12T04:04:56.380Z
e31d39,1,10,1,t,be8ee2,2021-03-27T05:55:27.062Z
d5e9a6,1,23,1,t,be8ee2,2021-03-27T05:55:27.062Z
5d267b,5,40,1,t,be8ee2,2021-03-27T05:55:27.062Z
c8d436,1,10,1,t,be8ee2,2021-03-27T05:55:27.062Z
f084eb,3,36,1,t,be8ee2,2021-03-27T05:55:27.062Z
b9a74d,2,17,1,t,be8ee2,2021-03-27T05:55:27.062Z
c4a632,2,13,20,t,1dbf8b,2021-02-02T00:07:50.793Z
d5e9a6,5,23,20,t,1dbf8b,2021-02-02T00:07:50.793Z
72f5d4,3,19,20,t,1dbf8b,2021-02-02T00:07:50.793Z
5d267b,2,40,20,t,1dbf8b,2021-02-02T00:07:50.793Z
c8d436,5,10,20,t,1dbf8b,2021-02-02T00:07:50.793Z
2a2353,5,57,20,t,1dbf8b,2021-02-02T00:07:50.793Z
f084eb,5,36,20,t,1dbf8b,2021-02-02T00:07:50.793Z
d5e9a6,5,23,17,f,1f148c,2021-03-27T02:18:31.334Z
72f5d4,1,19,17,f,1f148c,2021-03-27T02:18:31.334Z
c8d436,2,10,17,f,1f148c,2021-03-27T02:18:31.334Z
2a2353,5,57,17,f,1f148c,2021-03-27T02:18:31.334Z
f084eb,1,36,17,f,1f148c,2021-03-27T02:18:31.334Z
b9a74d,3,17,17,f,1f148c,2021-03-27T02:18:31.334Z
e83aa3,1,32,1,f,62b073,2021-02-11T01:47:57.926Z
5d267b,1,40,1,f,62b073,2021-02-11T01:47:57.926Z
2a2353,3,57,1,f,62b073,2021-02-11T01:47:57.926Z
b9a74d,5,17,1,f,62b073,2021-02-11T01:47:57.926Z
2feb6b,2,29,1,f,62b073,2021-02-11T01:47:57.926Z
e83aa3,5,32,17,t,492240,2021-01-03T14:45:33.235Z
e31d39,4,10,17,t,492240,2021-01-03T14:45:33.235Z
d5e9a6,4,23,17,t,492240,2021-01-03T14:45:33.235Z
5d267b,1,40,17,t,492240,2021-01-03T14:45:33.235Z
c8d436,3,10,17,t,492240,2021-01-03T14:45:33.235Z
b9a74d,3,17,17,t,492240,2021-01-03T14:45:33.235Z
e83aa3,3,32,12,t,db02ba,2021-03-20T21:06:47.289Z
e31d39,5,10,12,t,db02ba,2021-03-20T21:06:47.289Z
72f5d4,2,19,12,t,db02ba,2021-03-20T21:06:47.289Z
f084eb,4,36,12,t,db02ba,2021-03-20T21:06:47.289Z
c4a632,3,13,0,t,b3a6c6,2021-01-22T07:20:24.489Z
e83aa3,4,32,0,t,b3a6c6,2021-01-22T07:20:24.489Z
e31d39,1,10,0,t,b3a6c6,2021-01-22T07:20:24.489Z
5d267b,5,40,0,t,b3a6c6,2021-01-22T07:20:24.489Z
c8d436,1,10,0,t,b3a6c6,2021-01-22T07:20:24.489Z
f084eb,1,36,0,t,b3a6c6,2021-01-22T07:20:24.489Z
2feb6b,5,29,0,t,b3a6c6,2021-01-22T07:20:24.489Z
c4a632,2,13,20,f,9916a5,2021-03-19T13:46:49.929Z
e83aa3,4,32,20,f,9916a5,2021-03-19T13:46:49.929Z
5d267b,1,40,20,f,9916a5,2021-03-19T13:46:49.929Z
c4a632,2,13,7,t,d9e10c,2021-02-11T21:01:22.080Z
e83aa3,3,32,7,t,d9e10c,2021-02-11T21:01:22.080Z
d5e9a6,4,23,7,t,d9e10c,2021-02-11T21:01:22.080Z
2feb6b,2,29,7,t,d9e10c,2021-02-11T21:01:22.080Z
c4a632,4,13,15,t,e14834,2021-01-25T20:50:55.248Z
9ec847,2,54,15,t,e14834,2021-01-25T20:50:55.248Z
5d267b,3,40,15,t,e14834,2021-01-25T20:50:55.248Z
c8d436,2,10,15,t,e14834,2021-01-25T20:50:55.248Z
b9a74d,4,17,15,t,e14834,2021-01-25T20:50:55.248Z
e83aa3,3,32,11,t,2.65E+18,2021-02-14T21:41:42.230Z
d5e9a6,2,23,11,t,2.65E+18,2021-02-14T21:41:42.230Z
72f5d4,1,19,11,t,2.65E+18,2021-02-14T21:41:42.230Z
c8d436,1,10,11,t,2.65E+18,2021-02-14T21:41:42.230Z
2feb6b,4,29,11,t,2.65E+18,2021-02-14T21:41:42.230Z
e83aa3,4,32,1,t,383cb5,2021-01-06T02:12:20.419Z
e31d39,2,10,1,t,383cb5,2021-01-06T02:12:20.419Z
72f5d4,3,19,1,t,383cb5,2021-01-06T02:12:20.419Z
9ec847,5,54,1,t,383cb5,2021-01-06T02:12:20.419Z
5d267b,3,40,1,t,383cb5,2021-01-06T02:12:20.419Z
2a2353,1,57,1,t,383cb5,2021-01-06T02:12:20.419Z
f084eb,1,36,1,t,383cb5,2021-01-06T02:12:20.419Z
b9a74d,1,17,1,t,383cb5,2021-01-06T02:12:20.419Z
2feb6b,4,29,1,t,383cb5,2021-01-06T02:12:20.419Z
e83aa3,1,32,21,t,c14276,2021-03-22T16:30:43.286Z
d5e9a6,4,23,21,t,c14276,2021-03-22T16:30:43.286Z
72f5d4,3,19,21,t,c14276,2021-03-22T16:30:43.286Z
5d267b,4,40,21,t,c14276,2021-03-22T16:30:43.286Z
2a2353,5,57,21,t,c14276,2021-03-22T16:30:43.286Z
c4a632,5,13,0,t,896cbe,2021-02-04T05:46:24.470Z
e83aa3,1,32,0,t,896cbe,2021-02-04T05:46:24.470Z
d5e9a6,1,23,0,t,896cbe,2021-02-04T05:46:24.470Z
c8d436,4,10,0,t,896cbe,2021-02-04T05:46:24.470Z
b9a74d,3,17,0,t,896cbe,2021-02-04T05:46:24.470Z
2feb6b,5,29,0,t,896cbe,2021-02-04T05:46:24.470Z
e83aa3,1,32,4,t,a46759,2021-02-09T13:27:46.944Z
e31d39,4,10,4,t,a46759,2021-02-09T13:27:46.944Z
72f5d4,3,19,4,t,a46759,2021-02-09T13:27:46.944Z
9ec847,4,54,4,t,a46759,2021-02-09T13:27:46.944Z
5d267b,2,40,4,t,a46759,2021-02-09T13:27:46.944Z
c8d436,1,10,4,t,a46759,2021-02-09T13:27:46.944Z
2a2353,5,57,4,t,a46759,2021-02-09T13:27:46.944Z
c4a632,5,13,11,f,89105e,2021-02-25T13:54:25.084Z
d5e9a6,3,23,11,f,89105e,2021-02-25T13:54:25.084Z
72f5d4,4,19,11,f,89105e,2021-02-25T13:54:25.084Z
9ec847,2,54,11,f,89105e,2021-02-25T13:54:25.084Z
5d267b,2,40,11,f,89105e,2021-02-25T13:54:25.084Z
c8d436,2,10,11,f,89105e,2021-02-25T13:54:25.084Z
2a2353,3,57,11,f,89105e,2021-02-25T13:54:25.084Z
b9a74d,3,17,11,f,89105e,2021-02-25T13:54:25.084Z
2feb6b,3,29,11,f,89105e,2021-02-25T13:54:25.084Z
e31d39,2,10,14,t,f44eb3,2021-01-30T07:18:25.171Z
d5e9a6,3,23,14,t,f44eb3,2021-01-30T07:18:25.171Z
5d267b,4,40,14,t,f44eb3,2021-01-30T07:18:25.171Z
c8d436,2,10,14,t,f44eb3,2021-01-30T07:18:25.171Z
f084eb,1,36,14,t,f44eb3,2021-01-30T07:18:25.171Z
2feb6b,5,29,14,t,f44eb3,2021-01-30T07:18:25.171Z
c4a632,3,13,19,f,391026,2021-03-06T15:48:54.921Z
e83aa3,4,32,19,f,391026,2021-03-06T15:48:54.921Z
d5e9a6,5,23,19,f,391026,2021-03-06T15:48:54.921Z
72f5d4,3,19,19,f,391026,2021-03-06T15:48:54.921Z
9ec847,2,54,19,f,391026,2021-03-06T15:48:54.921Z
c8d436,4,10,19,f,391026,2021-03-06T15:48:54.921Z
2a2353,3,57,19,f,391026,2021-03-06T15:48:54.921Z
c4a632,3,13,18,t,35c6f5,2021-01-21T09:57:12.153Z
e83aa3,4,32,18,t,35c6f5,2021-01-21T09:57:12.153Z
e31d39,3,10,18,t,35c6f5,2021-01-21T09:57:12.153Z
72f5d4,3,19,18,t,35c6f5,2021-01-21T09:57:12.153Z
5d267b,3,40,18,t,35c6f5,2021-01-21T09:57:12.153Z
2a2353,2,57,18,t,35c6f5,2021-01-21T09:57:12.153Z
2feb6b,2,29,18,t,35c6f5,2021-01-21T09:57:12.153Z
c4a632,2,13,7,f,6ee191,2021-03-24T13:24:25.200Z
e83aa3,2,32,7,f,6ee191,2021-03-24T13:24:25.200Z
e31d39,2,10,7,f,6ee191,2021-03-24T13:24:25.200Z
d5e9a6,5,23,7,f,6ee191,2021-03-24T13:24:25.200Z
72f5d4,4,19,7,f,6ee191,2021-03-24T13:24:25.200Z
5d267b,3,40,7,f,6ee191,2021-03-24T13:24:25.200Z
c8d436,2,10,7,f,6ee191,2021-03-24T13:24:25.200Z
b9a74d,1,17,7,f,6ee191,2021-03-24T13:24:25.200Z
2feb6b,5,29,7,f,6ee191,2021-03-24T13:24:25.200Z
c4a632,3,13,3,t,9c28b7,2021-01-01T01:43:24.470Z
e83aa3,1,32,3,t,9c28b7,2021-01-01T01:43:24.470Z
d5e9a6,5,23,3,t,9c28b7,2021-01-01T01:43:24.470Z
9ec847,1,54,3,t,9c28b7,2021-01-01T01:43:24.470Z
5d267b,3,40,3,t,9c28b7,2021-01-01T01:43:24.470Z
b9a74d,1,17,3,t,9c28b7,2021-01-01T01:43:24.470Z
c4a632,4,13,0,t,d5033c,2021-01-10T00:29:35.347Z
e31d39,3,10,0,t,d5033c,2021-01-10T00:29:35.347Z
d5e9a6,2,23,0,t,d5033c,2021-01-10T00:29:35.347Z
c8d436,3,10,0,t,d5033c,2021-01-10T00:29:35.347Z
2a2353,4,57,0,t,d5033c,2021-01-10T00:29:35.347Z
c4a632,5,13,4,t,9ed7ec,2021-03-21T04:09:52.041Z
72f5d4,2,19,4,t,9ed7ec,2021-03-21T04:09:52.041Z
9ec847,4,54,4,t,9ed7ec,2021-03-21T04:09:52.041Z
5d267b,2,40,4,t,9ed7ec,2021-03-21T04:09:52.041Z
c8d436,5,10,4,t,9ed7ec,2021-03-21T04:09:52.041Z
2a2353,1,57,4,t,9ed7ec,2021-03-21T04:09:52.041Z
2feb6b,2,29,4,t,9ed7ec,2021-03-21T04:09:52.041Z
c4a632,1,13,8,f,90c2eb,2021-02-03T16:08:44.304Z
e83aa3,4,32,8,f,90c2eb,2021-02-03T16:08:44.304Z
e31d39,3,10,8,f,90c2eb,2021-02-03T16:08:44.304Z
72f5d4,1,19,8,f,90c2eb,2021-02-03T16:08:44.304Z
c8d436,2,10,8,f,90c2eb,2021-02-03T16:08:44.304Z
b9a74d,3,17,8,f,90c2eb,2021-02-03T16:08:44.304Z
e83aa3,3,32,12,f,efff8e,2021-01-24T07:03:48.729Z
e31d39,1,10,12,f,efff8e,2021-01-24T07:03:48.729Z
d5e9a6,5,23,12,f,efff8e,2021-01-24T07:03:48.729Z
72f5d4,5,19,12,f,efff8e,2021-01-24T07:03:48.729Z
2a2353,4,57,12,f,efff8e,2021-01-24T07:03:48.729Z
f084eb,4,36,12,f,efff8e,2021-01-24T07:03:48.729Z
c4a632,5,13,23,t,c30e86,2021-02-15T06:04:51.772Z
e83aa3,3,32,23,t,c30e86,2021-02-15T06:04:51.772Z
d5e9a6,3,23,23,t,c30e86,2021-02-15T06:04:51.772Z
72f5d4,3,19,23,t,c30e86,2021-02-15T06:04:51.772Z
9ec847,2,54,23,t,c30e86,2021-02-15T06:04:51.772Z
2a2353,5,57,23,t,c30e86,2021-02-15T06:04:51.772Z
2feb6b,1,29,23,t,c30e86,2021-02-15T06:04:51.772Z
e83aa3,2,32,16,f,433424,2021-03-01T19:23:59.884Z
e31d39,2,10,16,f,433424,2021-03-01T19:23:59.884Z
72f5d4,4,19,16,f,433424,2021-03-01T19:23:59.884Z
9ec847,2,54,16,f,433424,2021-03-01T19:23:59.884Z
c8d436,5,10,16,f,433424,2021-03-01T19:23:59.884Z
2a2353,3,57,16,f,433424,2021-03-01T19:23:59.884Z
b9a74d,1,17,16,f,433424,2021-03-01T19:23:59.884Z
2feb6b,5,29,16,f,433424,2021-03-01T19:23:59.884Z
e83aa3,4,32,12,t,3b1fd3,2021-02-28T05:05:43.411Z
d5e9a6,4,23,12,t,3b1fd3,2021-02-28T05:05:43.411Z
72f5d4,1,19,12,t,3b1fd3,2021-02-28T05:05:43.411Z
2a2353,2,57,12,t,3b1fd3,2021-02-28T05:05:43.411Z
b9a74d,1,17,12,t,3b1fd3,2021-02-28T05:05:43.411Z
e83aa3,5,32,21,t,c09a01,2021-03-11T13:15:53.280Z
d5e9a6,5,23,21,t,c09a01,2021-03-11T13:15:53.280Z
c8d436,1,10,21,t,c09a01,2021-03-11T13:15:53.280Z
f084eb,5,36,21,t,c09a01,2021-03-11T13:15:53.280Z
2feb6b,1,29,21,t,c09a01,2021-03-11T13:15:53.280Z
e83aa3,1,32,22,f,614268,2021-03-03T00:02:55.564Z
72f5d4,4,19,22,f,614268,2021-03-03T00:02:55.564Z
9ec847,1,54,22,f,614268,2021-03-03T00:02:55.564Z
5d267b,5,40,22,f,614268,2021-03-03T00:02:55.564Z
c8d436,1,10,22,f,614268,2021-03-03T00:02:55.564Z
2a2353,4,57,22,f,614268,2021-03-03T00:02:55.564Z
b9a74d,2,17,22,f,614268,2021-03-03T00:02:55.564Z
2feb6b,5,29,22,f,614268,2021-03-03T00:02:55.564Z
e83aa3,1,32,15,t,0eda81,2021-01-08T02:40:14.332Z
5d267b,2,40,15,t,0eda81,2021-01-08T02:40:14.332Z
f084eb,5,36,15,t,0eda81,2021-01-08T02:40:14.332Z
c4a632,2,13,2,t,8faea4,2021-03-15T07:59:01.737Z
e83aa3,1,32,2,t,8faea4,2021-03-15T07:59:01.737Z
72f5d4,1,19,2,t,8faea4,2021-03-15T07:59:01.737Z
5d267b,3,40,2,t,8faea4,2021-03-15T07:59:01.737Z
c8d436,4,10,2,t,8faea4,2021-03-15T07:59:01.737Z
2a2353,2,57,2,t,8faea4,2021-03-15T07:59:01.737Z
f084eb,1,36,2,t,8faea4,2021-03-15T07:59:01.737Z
c4a632,5,13,22,f,af8d87,2021-01-22T14:13:18.739Z
e31d39,3,10,22,f,af8d87,2021-01-22T14:13:18.739Z
d5e9a6,5,23,22,f,af8d87,2021-01-22T14:13:18.739Z
9ec847,1,54,22,f,af8d87,2021-01-22T14:13:18.739Z
5d267b,3,40,22,f,af8d87,2021-01-22T14:13:18.739Z
c8d436,5,10,22,f,af8d87,2021-01-22T14:13:18.739Z
2a2353,3,57,22,f,af8d87,2021-01-22T14:13:18.739Z
e83aa3,3,32,2,f,51d04d,2021-03-25T17:02:13.459Z
d5e9a6,3,23,2,f,51d04d,2021-03-25T17:02:13.459Z
72f5d4,2,19,2,f,51d04d,2021-03-25T17:02:13.459Z
c8d436,1,10,2,f,51d04d,2021-03-25T17:02:13.459Z
2a2353,5,57,2,f,51d04d,2021-03-25T17:02:13.459Z
f084eb,5,36,2,f,51d04d,2021-03-25T17:02:13.459Z
2feb6b,5,29,2,f,51d04d,2021-03-25T17:02:13.459Z
c4a632,3,13,19,t,94d36d,2021-03-19T17:27:08.524Z
5d267b,3,40,19,t,94d36d,2021-03-19T17:27:08.524Z
c8d436,2,10,19,t,94d36d,2021-03-19T17:27:08.524Z
2a2353,3,57,19,t,94d36d,2021-03-19T17:27:08.524Z
b9a74d,5,17,19,t,94d36d,2021-03-19T17:27:08.524Z
2feb6b,1,29,19,t,94d36d,2021-03-19T17:27:08.524Z
c4a632,5,13,17,t,275517,2021-03-30T20:56:55.622Z
d5e9a6,4,23,17,t,275517,2021-03-30T20:56:55.622Z
72f5d4,5,19,17,t,275517,2021-03-30T20:56:55.622Z
5d267b,4,40,17,t,275517,2021-03-30T20:56:55.622Z
c8d436,4,10,17,t,275517,2021-03-30T20:56:55.622Z
2a2353,1,57,17,t,275517,2021-03-30T20:56:55.622Z
b9a74d,1,17,17,t,275517,2021-03-30T20:56:55.622Z
c4a632,1,13,4,f,ceeb8e,2021-01-21T18:03:49.478Z
72f5d4,1,19,4,f,ceeb8e,2021-01-21T18:03:49.478Z
9ec847,3,54,4,f,ceeb8e,2021-01-21T18:03:49.478Z
5d267b,3,40,4,f,ceeb8e,2021-01-21T18:03:49.478Z
c8d436,3,10,4,f,ceeb8e,2021-01-21T18:03:49.478Z
f084eb,5,36,4,f,ceeb8e,2021-01-21T18:03:49.478Z
e31d39,1,10,9,t,6cc323,2021-03-21T10:34:32.851Z
d5e9a6,1,23,9,t,6cc323,2021-03-21T10:34:32.851Z
72f5d4,4,19,9,t,6cc323,2021-03-21T10:34:32.851Z
c8d436,5,10,9,t,6cc323,2021-03-21T10:34:32.851Z
2a2353,5,57,9,t,6cc323,2021-03-21T10:34:32.851Z
f084eb,4,36,9,t,6cc323,2021-03-21T10:34:32.851Z
2feb6b,4,29,9,t,6cc323,2021-03-21T10:34:32.851Z
c4a632,4,13,19,f,a53184,2021-01-14T08:21:50.227Z
e83aa3,2,32,19,f,a53184,2021-01-14T08:21:50.227Z
72f5d4,5,19,19,f,a53184,2021-01-14T08:21:50.227Z
9ec847,1,54,19,f,a53184,2021-01-14T08:21:50.227Z
c8d436,2,10,19,f,a53184,2021-01-14T08:21:50.227Z
2a2353,1,57,19,f,a53184,2021-01-14T08:21:50.227Z
f084eb,5,36,19,f,a53184,2021-01-14T08:21:50.227Z
c4a632,2,13,5,t,213c69,2021-03-30T23:15:50.630Z
e31d39,5,10,5,t,213c69,2021-03-30T23:15:50.630Z
d5e9a6,3,23,5,t,213c69,2021-03-30T23:15:50.630Z
72f5d4,3,19,5,t,213c69,2021-03-30T23:15:50.630Z
9ec847,1,54,5,t,213c69,2021-03-30T23:15:50.630Z
5d267b,3,40,5,t,213c69,2021-03-30T23:15:50.630Z
2a2353,2,57,5,t,213c69,2021-03-30T23:15:50.630Z
f084eb,5,36,5,t,213c69,2021-03-30T23:15:50.630Z
2feb6b,4,29,5,t,213c69,2021-03-30T23:15:50.630Z
e83aa3,2,32,22,f,a1faff,2021-01-10T16:10:19.430Z
72f5d4,4,19,22,f,a1faff,2021-01-10T16:10:19.430Z
c8d436,3,10,22,f,a1faff,2021-01-10T16:10:19.430Z
2a2353,2,57,22,f,a1faff,2021-01-10T16:10:19.430Z
f084eb,4,36,22,f,a1faff,2021-01-10T16:10:19.430Z
2feb6b,3,29,22,f,a1faff,2021-01-10T16:10:19.430Z
c4a632,2,13,4,t,f9a5b8,2021-03-04T03:50:43.612Z
e83aa3,5,32,4,t,f9a5b8,2021-03-04T03:50:43.612Z
e31d39,1,10,4,t,f9a5b8,2021-03-04T03:50:43.612Z
72f5d4,4,19,4,t,f9a5b8,2021-03-04T03:50:43.612Z
9ec847,2,54,4,t,f9a5b8,2021-03-04T03:50:43.612Z
c8d436,3,10,4,t,f9a5b8,2021-03-04T03:50:43.612Z
2a2353,3,57,4,t,f9a5b8,2021-03-04T03:50:43.612Z
b9a74d,1,17,4,t,f9a5b8,2021-03-04T03:50:43.612Z
2feb6b,2,29,4,t,f9a5b8,2021-03-04T03:50:43.612Z
e83aa3,4,32,20,f,16302a,2021-01-08T08:51:18.835Z
72f5d4,1,19,20,f,16302a,2021-01-08T08:51:18.835Z
5d267b,4,40,20,f,16302a,2021-01-08T08:51:18.835Z
c8d436,1,10,20,f,16302a,2021-01-08T08:51:18.835Z
2a2353,5,57,20,f,16302a,2021-01-08T08:51:18.835Z
f084eb,4,36,20,f,16302a,2021-01-08T08:51:18.835Z
e83aa3,5,32,16,t,e192c8,2021-02-28T07:07:50.563Z
e31d39,4,10,16,t,e192c8,2021-02-28T07:07:50.563Z
d5e9a6,2,23,16,t,e192c8,2021-02-28T07:07:50.563Z
f084eb,2,36,16,t,e192c8,2021-02-28T07:07:50.563Z
b9a74d,3,17,16,t,e192c8,2021-02-28T07:07:50.563Z
2feb6b,1,29,16,t,e192c8,2021-02-28T07:07:50.563Z
c4a632,4,13,1,t,4e6968,2021-01-28T06:54:29.635Z
e31d39,3,10,1,t,4e6968,2021-01-28T06:54:29.635Z
9ec847,2,54,1,t,4e6968,2021-01-28T06:54:29.635Z
c8d436,3,10,1,t,4e6968,2021-01-28T06:54:29.635Z
f084eb,4,36,1,t,4e6968,2021-01-28T06:54:29.635Z
b9a74d,3,17,1,t,4e6968,2021-01-28T06:54:29.635Z
e83aa3,5,32,18,f,fda0ed,2021-03-12T13:23:54.873Z
e31d39,4,10,18,f,fda0ed,2021-03-12T13:23:54.873Z
9ec847,4,54,18,f,fda0ed,2021-03-12T13:23:54.873Z
c8d436,2,10,18,f,fda0ed,2021-03-12T13:23:54.873Z
f084eb,5,36,18,f,fda0ed,2021-03-12T13:23:54.873Z
2feb6b,4,29,18,f,fda0ed,2021-03-12T13:23:54.873Z
e83aa3,5,32,21,t,ed3257,2021-02-02T21:55:33.657Z
d5e9a6,4,23,21,t,ed3257,2021-02-02T21:55:33.657Z
9ec847,1,54,21,t,ed3257,2021-02-02T21:55:33.657Z
5d267b,4,40,21,t,ed3257,2021-02-02T21:55:33.657Z
c8d436,4,10,21,t,ed3257,2021-02-02T21:55:33.657Z
f084eb,5,36,21,t,ed3257,2021-02-02T21:55:33.657Z
b9a74d,5,17,21,t,ed3257,2021-02-02T21:55:33.657Z
d5e9a6,5,23,20,f,e27b37,2021-03-29T00:44:07.468Z
72f5d4,4,19,20,f,e27b37,2021-03-29T00:44:07.468Z
9ec847,4,54,20,f,e27b37,2021-03-29T00:44:07.468Z
c8d436,5,10,20,f,e27b37,2021-03-29T00:44:07.468Z
2feb6b,3,29,20,f,e27b37,2021-03-29T00:44:07.468Z
c4a632,4,13,17,t,a06bd5,2021-03-23T04:36:45.216Z
e31d39,3,10,17,t,a06bd5,2021-03-23T04:36:45.216Z
9ec847,3,54,17,t,a06bd5,2021-03-23T04:36:45.216Z
c8d436,4,10,17,t,a06bd5,2021-03-23T04:36:45.216Z
b9a74d,2,17,17,t,a06bd5,2021-03-23T04:36:45.216Z
9ec847,5,54,18,t,66b8d8,2021-03-16T04:18:00.892Z
5d267b,4,40,18,t,66b8d8,2021-03-16T04:18:00.892Z
c8d436,5,10,18,t,66b8d8,2021-03-16T04:18:00.892Z
b9a74d,3,17,18,t,66b8d8,2021-03-16T04:18:00.892Z
c4a632,1,13,7,f,0bed59,2021-02-18T00:15:52.387Z
e31d39,1,10,7,f,0bed59,2021-02-18T00:15:52.387Z
72f5d4,2,19,7,f,0bed59,2021-02-18T00:15:52.387Z
9ec847,4,54,7,f,0bed59,2021-02-18T00:15:52.387Z
5d267b,2,40,7,f,0bed59,2021-02-18T00:15:52.387Z
2a2353,5,57,7,f,0bed59,2021-02-18T00:15:52.387Z
e83aa3,1,32,0,t,b4a9bd,2021-03-01T16:54:49.536Z
e31d39,1,10,0,t,b4a9bd,2021-03-01T16:54:49.536Z
d5e9a6,3,23,0,t,b4a9bd,2021-03-01T16:54:49.536Z
72f5d4,1,19,0,t,b4a9bd,2021-03-01T16:54:49.536Z
9ec847,2,54,0,t,b4a9bd,2021-03-01T16:54:49.536Z
5d267b,1,40,0,t,b4a9bd,2021-03-01T16:54:49.536Z
c8d436,5,10,0,t,b4a9bd,2021-03-01T16:54:49.536Z
f084eb,5,36,0,t,b4a9bd,2021-03-01T16:54:49.536Z
5d267b,2,40,19,f,3ca4b6,2021-03-12T12:13:12.806Z
c8d436,2,10,19,f,3ca4b6,2021-03-12T12:13:12.806Z
2a2353,3,57,19,f,3ca4b6,2021-03-12T12:13:12.806Z
f084eb,3,36,19,f,3ca4b6,2021-03-12T12:13:12.806Z
e83aa3,2,32,7,f,69cd49,2021-02-06T14:05:28.118Z
d5e9a6,3,23,7,f,69cd49,2021-02-06T14:05:28.118Z
72f5d4,4,19,7,f,69cd49,2021-02-06T14:05:28.118Z
9ec847,5,54,7,f,69cd49,2021-02-06T14:05:28.118Z
5d267b,4,40,7,f,69cd49,2021-02-06T14:05:28.118Z
c8d436,1,10,7,f,69cd49,2021-02-06T14:05:28.118Z
2a2353,4,57,7,f,69cd49,2021-02-06T14:05:28.118Z
f084eb,2,36,7,f,69cd49,2021-02-06T14:05:28.118Z
c4a632,5,13,11,f,57b07a,2021-02-11T11:55:06.585Z
e83aa3,3,32,11,f,57b07a,2021-02-11T11:55:06.585Z
e31d39,4,10,11,f,57b07a,2021-02-11T11:55:06.585Z
72f5d4,4,19,11,f,57b07a,2021-02-11T11:55:06.585Z
9ec847,4,54,11,f,57b07a,2021-02-11T11:55:06.585Z
5d267b,2,40,11,f,57b07a,2021-02-11T11:55:06.585Z
c4a632,2,13,11,t,5022cd,2021-02-28T03:44:23.020Z
e83aa3,1,32,11,t,5022cd,2021-02-28T03:44:23.020Z
d5e9a6,1,23,11,t,5022cd,2021-02-28T03:44:23.020Z
9ec847,2,54,11,t,5022cd,2021-02-28T03:44:23.020Z
5d267b,2,40,11,t,5022cd,2021-02-28T03:44:23.020Z
2a2353,5,57,11,t,5022cd,2021-02-28T03:44:23.020Z
f084eb,1,36,11,t,5022cd,2021-02-28T03:44:23.020Z
c4a632,3,13,4,f,9ef74f,2021-01-20T17:31:26.256Z
e83aa3,2,32,4,f,9ef74f,2021-01-20T17:31:26.256Z
72f5d4,2,19,4,f,9ef74f,2021-01-20T17:31:26.256Z
9ec847,5,54,4,f,9ef74f,2021-01-20T17:31:26.256Z
b9a74d,2,17,4,f,9ef74f,2021-01-20T17:31:26.256Z
c4a632,3,13,8,t,ec5499,2021-02-13T17:35:49.862Z
e83aa3,5,32,8,t,ec5499,2021-02-13T17:35:49.862Z
d5e9a6,5,23,8,t,ec5499,2021-02-13T17:35:49.862Z
9ec847,2,54,8,t,ec5499,2021-02-13T17:35:49.862Z
f084eb,2,36,8,t,ec5499,2021-02-13T17:35:49.862Z
b9a74d,4,17,8,t,ec5499,2021-02-13T17:35:49.862Z
c4a632,4,13,8,t,1e8af2,2021-03-30T17:42:44.064Z
d5e9a6,3,23,8,t,1e8af2,2021-03-30T17:42:44.064Z
5d267b,3,40,8,t,1e8af2,2021-03-30T17:42:44.064Z
c8d436,4,10,8,t,1e8af2,2021-03-30T17:42:44.064Z
2a2353,4,57,8,t,1e8af2,2021-03-30T17:42:44.064Z
2feb6b,4,29,8,t,1e8af2,2021-03-30T17:42:44.064Z
e83aa3,4,32,3,t,ae1b85,2021-01-29T21:18:18.057Z
d5e9a6,2,23,3,t,ae1b85,2021-01-29T21:18:18.057Z
72f5d4,1,19,3,t,ae1b85,2021-01-29T21:18:18.057Z
c8d436,4,10,3,t,ae1b85,2021-01-29T21:18:18.057Z
e83aa3,5,32,0,t,ee66e1,2021-03-07T03:35:23.712Z
72f5d4,3,19,0,t,ee66e1,2021-03-07T03:35:23.712Z
5d267b,3,40,0,t,ee66e1,2021-03-07T03:35:23.712Z
c8d436,5,10,0,t,ee66e1,2021-03-07T03:35:23.712Z
2a2353,1,57,0,t,ee66e1,2021-03-07T03:35:23.712Z
c4a632,3,13,22,t,522fa4,2021-02-05T08:26:28.608Z
e83aa3,3,32,22,t,522fa4,2021-02-05T08:26:28.608Z
e31d39,5,10,22,t,522fa4,2021-02-05T08:26:28.608Z
9ec847,3,54,22,t,522fa4,2021-02-05T08:26:28.608Z
f084eb,1,36,22,t,522fa4,2021-02-05T08:26:28.608Z
2feb6b,4,29,22,t,522fa4,2021-02-05T08:26:28.608Z
c4a632,3,13,2,f,6d98f2,2021-01-23T15:33:12.124Z
e83aa3,2,32,2,f,6d98f2,2021-01-23T15:33:12.124Z
72f5d4,5,19,2,f,6d98f2,2021-01-23T15:33:12.124Z
9ec847,4,54,2,f,6d98f2,2021-01-23T15:33:12.124Z
f084eb,1,36,2,f,6d98f2,2021-01-23T15:33:12.124Z
2feb6b,4,29,2,f,6d98f2,2021-01-23T15:33:12.124Z
e83aa3,5,32,10,t,eed514,2021-02-23T08:55:45.292Z
e31d39,3,10,10,t,eed514,2021-02-23T08:55:45.292Z
72f5d4,4,19,10,t,eed514,2021-02-23T08:55:45.292Z
f084eb,5,36,10,t,eed514,2021-02-23T08:55:45.292Z
c4a632,4,13,3,t,fa26be,2021-03-03T05:50:15.849Z
e83aa3,3,32,3,t,fa26be,2021-03-03T05:50:15.849Z
d5e9a6,4,23,3,t,fa26be,2021-03-03T05:50:15.849Z
9ec847,2,54,3,t,fa26be,2021-03-03T05:50:15.849Z
c8d436,5,10,3,t,fa26be,2021-03-03T05:50:15.849Z
b9a74d,2,17,3,t,fa26be,2021-03-03T05:50:15.849Z
9ec847,3,54,19,f,7ee3fa,2021-02-10T11:26:06.489Z
5d267b,3,40,19,f,7ee3fa,2021-02-10T11:26:06.489Z
c8d436,3,10,19,f,7ee3fa,2021-02-10T11:26:06.489Z
b9a74d,3,17,19,f,7ee3fa,2021-02-10T11:26:06.489Z
2feb6b,5,29,19,f,7ee3fa,2021-02-10T11:26:06.489Z
c4a632,5,13,13,t,e2cdb7,2021-03-03T13:42:22.262Z
72f5d4,3,19,13,t,e2cdb7,2021-03-03T13:42:22.262Z
c8d436,5,10,13,t,e2cdb7,2021-03-03T13:42:22.262Z
2a2353,2,57,13,t,e2cdb7,2021-03-03T13:42:22.262Z
b9a74d,4,17,13,t,e2cdb7,2021-03-03T13:42:22.262Z
e83aa3,2,32,24,t,18f5f3,2021-02-27T15:26:31.833Z
e31d39,4,10,24,t,18f5f3,2021-02-27T15:26:31.833Z
72f5d4,4,19,24,t,18f5f3,2021-02-27T15:26:31.833Z
2feb6b,4,29,24,t,18f5f3,2021-02-27T15:26:31.833Z
c4a632,2,13,15,t,c04f81,2021-03-24T04:26:51.302Z
e83aa3,2,32,15,t,c04f81,2021-03-24T04:26:51.302Z
d5e9a6,2,23,15,t,c04f81,2021-03-24T04:26:51.302Z
f084eb,1,36,15,t,c04f81,2021-03-24T04:26:51.302Z
b9a74d,5,17,15,t,c04f81,2021-03-24T04:26:51.302Z
2feb6b,5,29,15,t,c04f81,2021-03-24T04:26:51.302Z
c4a632,2,13,11,f,361452,2021-02-12T12:42:20.851Z
e83aa3,3,32,11,f,361452,2021-02-12T12:42:20.851Z
d5e9a6,2,23,11,f,361452,2021-02-12T12:42:20.851Z
5d267b,3,40,11,f,361452,2021-02-12T12:42:20.851Z
f084eb,1,36,11,f,361452,2021-02-12T12:42:20.851Z
b9a74d,2,17,11,f,361452,2021-02-12T12:42:20.851Z
c4a632,5,13,6,f,88e660,2021-03-16T13:34:37.084Z
e31d39,5,10,6,f,88e660,2021-03-16T13:34:37.084Z
72f5d4,2,19,6,f,88e660,2021-03-16T13:34:37.084Z
9ec847,4,54,6,f,88e660,2021-03-16T13:34:37.084Z
c8d436,5,10,6,f,88e660,2021-03-16T13:34:37.084Z
2a2353,1,57,6,f,88e660,2021-03-16T13:34:37.084Z
2feb6b,3,29,6,f,88e660,2021-03-16T13:34:37.084Z
c4a632,3,13,20,f,ec1ac3,2021-03-02T18:31:57.302Z
e83aa3,4,32,20,f,ec1ac3,2021-03-02T18:31:57.302Z
d5e9a6,5,23,20,f,ec1ac3,2021-03-02T18:31:57.302Z
9ec847,3,54,20,f,ec1ac3,2021-03-02T18:31:57.302Z
5d267b,4,40,20,f,ec1ac3,2021-03-02T18:31:57.302Z
c8d436,3,10,20,f,ec1ac3,2021-03-02T18:31:57.302Z
b9a74d,1,17,20,f,ec1ac3,2021-03-02T18:31:57.302Z
2feb6b,2,29,20,f,ec1ac3,2021-03-02T18:31:57.302Z
e83aa3,5,32,20,f,657953,2021-02-26T08:39:21.628Z
72f5d4,4,19,20,f,657953,2021-02-26T08:39:21.628Z
5d267b,5,40,20,f,657953,2021-02-26T08:39:21.628Z
2a2353,1,57,20,f,657953,2021-02-26T08:39:21.628Z
b9a74d,5,17,20,f,657953,2021-02-26T08:39:21.628Z
e83aa3,1,32,9,t,3013af,2021-03-29T02:42:07.084Z
e31d39,4,10,9,t,3013af,2021-03-29T02:42:07.084Z
d5e9a6,3,23,9,t,3013af,2021-03-29T02:42:07.084Z
72f5d4,4,19,9,t,3013af,2021-03-29T02:42:07.084Z
c8d436,2,10,9,t,3013af,2021-03-29T02:42:07.084Z
f084eb,4,36,9,t,3013af,2021-03-29T02:42:07.084Z
b9a74d,2,17,9,t,3013af,2021-03-29T02:42:07.084Z
2feb6b,3,29,9,t,3013af,2021-03-29T02:42:07.084Z
c4a632,4,13,22,t,8893fe,2021-01-28T14:25:45.840Z
72f5d4,3,19,22,t,8893fe,2021-01-28T14:25:45.840Z
9ec847,5,54,22,t,8893fe,2021-01-28T14:25:45.840Z
2a2353,3,57,22,t,8893fe,2021-01-28T14:25:45.840Z
e83aa3,2,32,10,t,a8c07b,2021-03-01T06:35:46.176Z
d5e9a6,4,23,10,t,a8c07b,2021-03-01T06:35:46.176Z
c8d436,2,10,10,t,a8c07b,2021-03-01T06:35:46.176Z
b9a74d,4,17,10,t,a8c07b,2021-03-01T06:35:46.176Z
2feb6b,2,29,10,t,a8c07b,2021-03-01T06:35:46.176Z
e83aa3,3,32,9,f,ad2fdf,2021-01-27T19:35:13.891Z
d5e9a6,2,23,9,f,ad2fdf,2021-01-27T19:35:13.891Z
5d267b,3,40,9,f,ad2fdf,2021-01-27T19:35:13.891Z
c8d436,1,10,9,f,ad2fdf,2021-01-27T19:35:13.891Z
2a2353,3,57,9,f,ad2fdf,2021-01-27T19:35:13.891Z
f084eb,4,36,9,f,ad2fdf,2021-01-27T19:35:13.891Z
c4a632,5,13,19,t,9.50E+12,2021-01-27T11:42:30.758Z
e83aa3,4,32,19,t,9.50E+12,2021-01-27T11:42:30.758Z
5d267b,1,40,19,t,9.50E+12,2021-01-27T11:42:30.758Z
f084eb,4,36,19,t,9.50E+12,2021-01-27T11:42:30.758Z
e83aa3,3,32,13,f,61636a,2021-01-18T13:50:20.140Z
d5e9a6,2,23,13,f,61636a,2021-01-18T13:50:20.140Z
72f5d4,4,19,13,f,61636a,2021-01-18T13:50:20.140Z
9ec847,3,54,13,f,61636a,2021-01-18T13:50:20.140Z
5d267b,3,40,13,f,61636a,2021-01-18T13:50:20.140Z
c8d436,3,10,13,f,61636a,2021-01-18T13:50:20.140Z
f084eb,2,36,13,f,61636a,2021-01-18T13:50:20.140Z
2feb6b,5,29,13,f,61636a,2021-01-18T13:50:20.140Z
e31d39,4,10,13,t,816588,2021-02-01T21:55:24.067Z
d5e9a6,3,23,13,t,816588,2021-02-01T21:55:24.067Z
9ec847,2,54,13,t,816588,2021-02-01T21:55:24.067Z
f084eb,3,36,13,t,816588,2021-02-01T21:55:24.067Z
2feb6b,3,29,13,t,816588,2021-02-01T21:55:24.067Z
e83aa3,5,32,20,f,5d2a53,2021-02-08T22:28:27.206Z
e31d39,3,10,20,f,5d2a53,2021-02-08T22:28:27.206Z
d5e9a6,2,23,20,f,5d2a53,2021-02-08T22:28:27.206Z
9ec847,1,54,20,f,5d2a53,2021-02-08T22:28:27.206Z
c8d436,3,10,20,f,5d2a53,2021-02-08T22:28:27.206Z
f084eb,1,36,20,f,5d2a53,2021-02-08T22:28:27.206Z
b9a74d,1,17,20,f,5d2a53,2021-02-08T22:28:27.206Z
2feb6b,2,29,20,f,5d2a53,2021-02-08T22:28:27.206Z
e83aa3,4,32,12,f,56cc46,2021-01-30T05:31:38.092Z
e31d39,3,10,12,f,56cc46,2021-01-30T05:31:38.092Z
d5e9a6,2,23,12,f,56cc46,2021-01-30T05:31:38.092Z
5d267b,5,40,12,f,56cc46,2021-01-30T05:31:38.092Z
2a2353,1,57,12,f,56cc46,2021-01-30T05:31:38.092Z
b9a74d,4,17,12,f,56cc46,2021-01-30T05:31:38.092Z
e31d39,1,10,15,f,74e89c,2021-02-14T02:25:34.867Z
d5e9a6,5,23,15,f,74e89c,2021-02-14T02:25:34.867Z
72f5d4,5,19,15,f,74e89c,2021-02-14T02:25:34.867Z
9ec847,5,54,15,f,74e89c,2021-02-14T02:25:34.867Z
c8d436,3,10,15,f,74e89c,2021-02-14T02:25:34.867Z
2a2353,3,57,15,f,74e89c,2021-02-14T02:25:34.867Z
f084eb,5,36,15,f,74e89c,2021-02-14T02:25:34.867Z
b9a74d,4,17,15,f,74e89c,2021-02-14T02:25:34.867Z
e83aa3,4,32,12,t,aa3d02,2021-02-05T16:38:53.952Z
e31d39,4,10,12,t,aa3d02,2021-02-05T16:38:53.952Z
c8d436,2,10,12,t,aa3d02,2021-02-05T16:38:53.952Z
2a2353,3,57,12,t,aa3d02,2021-02-05T16:38:53.952Z
f084eb,5,36,12,t,aa3d02,2021-02-05T16:38:53.952Z
2feb6b,1,29,12,t,aa3d02,2021-02-05T16:38:53.952Z
c4a632,5,13,11,t,62a09e,2021-02-01T12:43:41.116Z
e31d39,1,10,11,t,62a09e,2021-02-01T12:43:41.116Z
d5e9a6,1,23,11,t,62a09e,2021-02-01T12:43:41.116Z
c8d436,5,10,11,t,62a09e,2021-02-01T12:43:41.116Z
f084eb,4,36,11,t,62a09e,2021-02-01T12:43:41.116Z
e83aa3,2,32,17,f,c61ad4,2021-01-08T00:44:45.139Z
e31d39,2,10,17,f,c61ad4,2021-01-08T00:44:45.139Z
d5e9a6,4,23,17,f,c61ad4,2021-01-08T00:44:45.139Z
9ec847,1,54,17,f,c61ad4,2021-01-08T00:44:45.139Z
5d267b,2,40,17,f,c61ad4,2021-01-08T00:44:45.139Z
c8d436,1,10,17,f,c61ad4,2021-01-08T00:44:45.139Z
2feb6b,1,29,17,f,c61ad4,2021-01-08T00:44:45.139Z
e83aa3,3,32,16,t,6.22E+07,2021-01-08T00:51:09.792Z
72f5d4,4,19,16,t,6.22E+07,2021-01-08T00:51:09.792Z
c8d436,2,10,16,t,6.22E+07,2021-01-08T00:51:09.792Z
f084eb,3,36,16,t,6.22E+07,2021-01-08T00:51:09.792Z
b9a74d,1,17,16,t,6.22E+07,2021-01-08T00:51:09.792Z
c4a632,3,13,22,t,d69c39,2021-01-06T20:49:04.483Z
e83aa3,3,32,22,t,d69c39,2021-01-06T20:49:04.483Z
e31d39,3,10,22,t,d69c39,2021-01-06T20:49:04.483Z
c8d436,5,10,22,t,d69c39,2021-01-06T20:49:04.483Z
b9a74d,1,17,22,t,d69c39,2021-01-06T20:49:04.483Z
2feb6b,1,29,22,t,d69c39,2021-01-06T20:49:04.483Z
e83aa3,1,32,14,f,654a33,2021-02-07T23:18:10.857Z
e31d39,3,10,14,f,654a33,2021-02-07T23:18:10.857Z
d5e9a6,3,23,14,f,654a33,2021-02-07T23:18:10.857Z
9ec847,3,54,14,f,654a33,2021-02-07T23:18:10.857Z
5d267b,3,40,14,f,654a33,2021-02-07T23:18:10.857Z
2a2353,1,57,14,f,654a33,2021-02-07T23:18:10.857Z
2feb6b,5,29,14,f,654a33,2021-02-07T23:18:10.857Z
c4a632,3,13,6,f,465151,2021-02-15T22:19:58.224Z
9ec847,4,54,6,f,465151,2021-02-15T22:19:58.224Z
2a2353,5,57,6,f,465151,2021-02-15T22:19:58.224Z
2feb6b,4,29,6,f,465151,2021-02-15T22:19:58.224Z
e83aa3,1,32,1,f,336d31,2021-02-10T00:09:12.787Z
d5e9a6,1,23,1,f,336d31,2021-02-10T00:09:12.787Z
5d267b,3,40,1,f,336d31,2021-02-10T00:09:12.787Z
b9a74d,5,17,1,f,336d31,2021-02-10T00:09:12.787Z
2feb6b,5,29,1,f,336d31,2021-02-10T00:09:12.787Z
c4a632,2,13,14,t,3d2c19,2021-02-10T08:47:08.707Z
e83aa3,5,32,14,t,3d2c19,2021-02-10T08:47:08.707Z
e31d39,3,10,14,t,3d2c19,2021-02-10T08:47:08.707Z
d5e9a6,1,23,14,t,3d2c19,2021-02-10T08:47:08.707Z
2a2353,2,57,14,t,3d2c19,2021-02-10T08:47:08.707Z
f084eb,4,36,14,t,3d2c19,2021-02-10T08:47:08.707Z
b9a74d,5,17,14,t,3d2c19,2021-02-10T08:47:08.707Z
2feb6b,4,29,14,t,3d2c19,2021-02-10T08:47:08.707Z
c4a632,3,13,19,f,15f7fb,2021-03-05T13:42:29.952Z
5d267b,1,40,19,f,15f7fb,2021-03-05T13:42:29.952Z
f084eb,1,36,19,f,15f7fb,2021-03-05T13:42:29.952Z
72f5d4,5,19,16,t,be2fb1,2021-02-06T01:40:29.510Z
9ec847,2,54,16,t,be2fb1,2021-02-06T01:40:29.510Z
5d267b,2,40,16,t,be2fb1,2021-02-06T01:40:29.510Z
c4a632,1,13,4,t,7bb0ea,2021-02-28T21:13:00.883Z
d5e9a6,3,23,4,t,7bb0ea,2021-02-28T21:13:00.883Z
72f5d4,2,19,4,t,7bb0ea,2021-02-28T21:13:00.883Z
9ec847,3,54,4,t,7bb0ea,2021-02-28T21:13:00.883Z
5d267b,4,40,4,t,7bb0ea,2021-02-28T21:13:00.883Z
c8d436,2,10,4,t,7bb0ea,2021-02-28T21:13:00.883Z
2a2353,4,57,4,t,7bb0ea,2021-02-28T21:13:00.883Z
b9a74d,5,17,4,t,7bb0ea,2021-02-28T21:13:00.883Z
e83aa3,4,32,0,t,7ad1de,2021-03-24T06:49:55.228Z
d5e9a6,5,23,0,t,7ad1de,2021-03-24T06:49:55.228Z
72f5d4,2,19,0,t,7ad1de,2021-03-24T06:49:55.228Z
9ec847,1,54,0,t,7ad1de,2021-03-24T06:49:55.228Z
c8d436,2,10,0,t,7ad1de,2021-03-24T06:49:55.228Z
2a2353,4,57,0,t,7ad1de,2021-03-24T06:49:55.228Z
e83aa3,2,32,0,t,683069,2021-01-18T05:15:14.256Z
e31d39,1,10,0,t,683069,2021-01-18T05:15:14.256Z
d5e9a6,1,23,0,t,683069,2021-01-18T05:15:14.256Z
9ec847,3,54,0,t,683069,2021-01-18T05:15:14.256Z
2a2353,1,57,0,t,683069,2021-01-18T05:15:14.256Z
f084eb,4,36,0,t,683069,2021-01-18T05:15:14.256Z
2feb6b,2,29,0,t,683069,2021-01-18T05:15:14.256Z
c4a632,4,13,5,t,34e1b2,2021-03-16T20:53:23.942Z
e83aa3,3,32,5,t,34e1b2,2021-03-16T20:53:23.942Z
e31d39,5,10,5,t,34e1b2,2021-03-16T20:53:23.942Z
d5e9a6,4,23,5,t,34e1b2,2021-03-16T20:53:23.942Z
72f5d4,1,19,5,t,34e1b2,2021-03-16T20:53:23.942Z
9ec847,4,54,5,t,34e1b2,2021-03-16T20:53:23.942Z
5d267b,2,40,5,t,34e1b2,2021-03-16T20:53:23.942Z
2a2353,1,57,5,t,34e1b2,2021-03-16T20:53:23.942Z
c4a632,1,13,14,t,d06c6e,2021-01-22T02:58:38.265Z
e83aa3,4,32,14,t,d06c6e,2021-01-22T02:58:38.265Z
d5e9a6,4,23,14,t,d06c6e,2021-01-22T02:58:38.265Z
72f5d4,3,19,14,t,d06c6e,2021-01-22T02:58:38.265Z
5d267b,5,40,14,t,d06c6e,2021-01-22T02:58:38.265Z
b9a74d,2,17,14,t,d06c6e,2021-01-22T02:58:38.265Z
2feb6b,2,29,14,t,d06c6e,2021-01-22T02:58:38.265Z
c4a632,2,13,18,f,e2ca61,2021-01-17T04:54:07.459Z
72f5d4,4,19,18,f,e2ca61,2021-01-17T04:54:07.459Z
5d267b,2,40,18,f,e2ca61,2021-01-17T04:54:07.459Z
c8d436,4,10,18,f,e2ca61,2021-01-17T04:54:07.459Z
c4a632,5,13,1,f,6c2747,2021-03-03T03:15:26.121Z
e83aa3,3,32,1,f,6c2747,2021-03-03T03:15:26.121Z
e31d39,5,10,1,f,6c2747,2021-03-03T03:15:26.121Z
72f5d4,5,19,1,f,6c2747,2021-03-03T03:15:26.121Z
5d267b,2,40,1,f,6c2747,2021-03-03T03:15:26.121Z
b9a74d,3,17,1,f,6c2747,2021-03-03T03:15:26.121Z
2feb6b,4,29,1,f,6c2747,2021-03-03T03:15:26.121Z
c4a632,5,13,23,f,ee997e,2021-01-12T23:36:35.049Z
5d267b,1,40,23,f,ee997e,2021-01-12T23:36:35.049Z
c8d436,4,10,23,f,ee997e,2021-01-12T23:36:35.049Z
2a2353,4,57,23,f,ee997e,2021-01-12T23:36:35.049Z
f084eb,5,36,23,f,ee997e,2021-01-12T23:36:35.049Z
2feb6b,2,29,23,f,ee997e,2021-01-12T23:36:35.049Z
c4a632,2,13,1,f,a38fd2,2021-02-20T11:36:19.411Z
d5e9a6,4,23,1,f,a38fd2,2021-02-20T11:36:19.411Z
72f5d4,4,19,1,f,a38fd2,2021-02-20T11:36:19.411Z
5d267b,5,40,1,f,a38fd2,2021-02-20T11:36:19.411Z
c8d436,3,10,1,f,a38fd2,2021-02-20T11:36:19.411Z
b9a74d,3,17,1,f,a38fd2,2021-02-20T11:36:19.411Z
c4a632,2,13,12,f,c3c9f6,2021-03-13T10:26:15.100Z
e83aa3,3,32,12,f,c3c9f6,2021-03-13T10:26:15.100Z
e31d39,3,10,12,f,c3c9f6,2021-03-13T10:26:15.100Z
d5e9a6,2,23,12,f,c3c9f6,2021-03-13T10:26:15.100Z
5d267b,4,40,12,f,c3c9f6,2021-03-13T10:26:15.100Z
b9a74d,1,17,12,f,c3c9f6,2021-03-13T10:26:15.100Z
2feb6b,5,29,12,f,c3c9f6,2021-03-13T10:26:15.100Z
c4a632,2,13,5,t,f3f3c6,2021-02-12T12:14:17.001Z
e83aa3,3,32,5,t,f3f3c6,2021-02-12T12:14:17.001Z
e31d39,4,10,5,t,f3f3c6,2021-02-12T12:14:17.001Z
72f5d4,2,19,5,t,f3f3c6,2021-02-12T12:14:17.001Z
b9a74d,2,17,5,t,f3f3c6,2021-02-12T12:14:17.001Z
2feb6b,1,29,5,t,f3f3c6,2021-02-12T12:14:17.001Z
e83aa3,5,32,21,f,ec7bc6,2021-02-12T00:30:46.454Z
e31d39,4,10,21,f,ec7bc6,2021-02-12T00:30:46.454Z
5d267b,3,40,21,f,ec7bc6,2021-02-12T00:30:46.454Z
c8d436,2,10,21,f,ec7bc6,2021-02-12T00:30:46.454Z
2a2353,4,57,21,f,ec7bc6,2021-02-12T00:30:46.454Z
f084eb,2,36,21,f,ec7bc6,2021-02-12T00:30:46.454Z
b9a74d,5,17,21,f,ec7bc6,2021-02-12T00:30:46.454Z
c4a632,5,13,5,f,5b330c,2021-01-16T01:15:31.075Z
e83aa3,3,32,5,f,5b330c,2021-01-16T01:15:31.075Z
e31d39,5,10,5,f,5b330c,2021-01-16T01:15:31.075Z
5d267b,4,40,5,f,5b330c,2021-01-16T01:15:31.075Z
c8d436,1,10,5,f,5b330c,2021-01-16T01:15:31.075Z
2feb6b,1,29,5,f,5b330c,2021-01-16T01:15:31.075Z
c4a632,1,13,9,f,ff0ccc,2021-02-19T19:55:05.088Z
e31d39,4,10,9,f,ff0ccc,2021-02-19T19:55:05.088Z
9ec847,4,54,9,f,ff0ccc,2021-02-19T19:55:05.088Z
c8d436,4,10,9,f,ff0ccc,2021-02-19T19:55:05.088Z
2a2353,2,57,9,f,ff0ccc,2021-02-19T19:55:05.088Z
f084eb,3,36,9,f,ff0ccc,2021-02-19T19:55:05.088Z
2feb6b,1,29,9,f,ff0ccc,2021-02-19T19:55:05.088Z
c4a632,1,13,10,t,1d0090,2021-01-09T02:08:32.755Z
72f5d4,1,19,10,t,1d0090,2021-01-09T02:08:32.755Z
9ec847,1,54,10,t,1d0090,2021-01-09T02:08:32.755Z
5d267b,2,40,10,t,1d0090,2021-01-09T02:08:32.755Z
c8d436,3,10,10,t,1d0090,2021-01-09T02:08:32.755Z
2feb6b,4,29,10,t,1d0090,2021-01-09T02:08:32.755Z
e31d39,2,10,19,t,a4e8e3,2021-03-25T07:24:10.339Z
d5e9a6,1,23,19,t,a4e8e3,2021-03-25T07:24:10.339Z
2a2353,1,57,19,t,a4e8e3,2021-03-25T07:24:10.339Z
b9a74d,4,17,19,t,a4e8e3,2021-03-25T07:24:10.339Z
e31d39,3,10,15,f,91808e,2021-01-11T14:57:26.726Z
9ec847,4,54,15,f,91808e,2021-01-11T14:57:26.726Z
5d267b,3,40,15,f,91808e,2021-01-11T14:57:26.726Z
c8d436,1,10,15,f,91808e,2021-01-11T14:57:26.726Z
2a2353,5,57,15,f,91808e,2021-01-11T14:57:26.726Z
2feb6b,1,29,15,f,91808e,2021-01-11T14:57:26.726Z
c4a632,2,13,11,f,eb271f,2021-03-10T23:53:07.180Z
e83aa3,3,32,11,f,eb271f,2021-03-10T23:53:07.180Z
e31d39,4,10,11,f,eb271f,2021-03-10T23:53:07.180Z
d5e9a6,3,23,11,f,eb271f,2021-03-10T23:53:07.180Z
c8d436,1,10,11,f,eb271f,2021-03-10T23:53:07.180Z
f084eb,2,36,11,f,eb271f,2021-03-10T23:53:07.180Z
2feb6b,3,29,11,f,eb271f,2021-03-10T23:53:07.180Z
e83aa3,3,32,24,t,d24923,2021-03-17T11:10:38.985Z
9ec847,1,54,24,t,d24923,2021-03-17T11:10:38.985Z
5d267b,2,40,24,t,d24923,2021-03-17T11:10:38.985Z
c8d436,1,10,24,t,d24923,2021-03-17T11:10:38.985Z
2a2353,1,57,24,t,d24923,2021-03-17T11:10:38.985Z
e31d39,2,10,13,f,b3f220,2021-01-29T11:29:58.732Z
d5e9a6,5,23,13,f,b3f220,2021-01-29T11:29:58.732Z
2a2353,5,57,13,f,b3f220,2021-01-29T11:29:58.732Z
f084eb,2,36,13,f,b3f220,2021-01-29T11:29:58.732Z
2feb6b,2,29,13,f,b3f220,2021-01-29T11:29:58.732Z
c4a632,5,13,4,t,8aef23,2021-01-12T20:26:38.025Z
d5e9a6,4,23,4,t,8aef23,2021-01-12T20:26:38.025Z
2a2353,4,57,4,t,8aef23,2021-01-12T20:26:38.025Z
f084eb,5,36,4,t,8aef23,2021-01-12T20:26:38.025Z
e31d39,1,10,4,f,361228,2021-01-29T14:45:42.912Z
c8d436,5,10,4,f,361228,2021-01-29T14:45:42.912Z
b9a74d,2,17,4,f,361228,2021-01-29T14:45:42.912Z
2feb6b,4,29,4,f,361228,2021-01-29T14:45:42.912Z
c4a632,3,13,16,f,13bd77,2021-02-10T18:40:26.025Z
e83aa3,3,32,16,f,13bd77,2021-02-10T18:40:26.025Z
72f5d4,4,19,16,f,13bd77,2021-02-10T18:40:26.025Z
2a2353,3,57,16,f,13bd77,2021-02-10T18:40:26.025Z
b9a74d,3,17,16,f,13bd77,2021-02-10T18:40:26.025Z
c4a632,4,13,21,f,fdea3e,2021-01-25T07:06:26.323Z
e83aa3,3,32,21,f,fdea3e,2021-01-25T07:06:26.323Z
e31d39,4,10,21,f,fdea3e,2021-01-25T07:06:26.323Z
d5e9a6,3,23,21,f,fdea3e,2021-01-25T07:06:26.323Z
72f5d4,1,19,21,f,fdea3e,2021-01-25T07:06:26.323Z
c8d436,3,10,21,f,fdea3e,2021-01-25T07:06:26.323Z
f084eb,1,36,21,f,fdea3e,2021-01-25T07:06:26.323Z
b9a74d,1,17,21,f,fdea3e,2021-01-25T07:06:26.323Z
2feb6b,4,29,21,f,fdea3e,2021-01-25T07:06:26.323Z
c4a632,4,13,4,f,b830c7,2021-02-13T12:57:17.856Z
e31d39,5,10,4,f,b830c7,2021-02-13T12:57:17.856Z
72f5d4,2,19,4,f,b830c7,2021-02-13T12:57:17.856Z
9ec847,5,54,4,f,b830c7,2021-02-13T12:57:17.856Z
5d267b,2,40,4,f,b830c7,2021-02-13T12:57:17.856Z
b9a74d,1,17,4,f,b830c7,2021-02-13T12:57:17.856Z
e31d39,2,10,15,f,f18f27,2021-01-04T11:35:55.219Z
d5e9a6,2,23,15,f,f18f27,2021-01-04T11:35:55.219Z
9ec847,3,54,15,f,f18f27,2021-01-04T11:35:55.219Z
c8d436,3,10,15,f,f18f27,2021-01-04T11:35:55.219Z
f084eb,1,36,15,f,f18f27,2021-01-04T11:35:55.219Z
2feb6b,1,29,15,f,f18f27,2021-01-04T11:35:55.219Z
e83aa3,1,32,15,f,99bc7f,2021-02-10T11:22:02.755Z
d5e9a6,1,23,15,f,99bc7f,2021-02-10T11:22:02.755Z
9ec847,5,54,15,f,99bc7f,2021-02-10T11:22:02.755Z
5d267b,2,40,15,f,99bc7f,2021-02-10T11:22:02.755Z
c8d436,4,10,15,f,99bc7f,2021-02-10T11:22:02.755Z
2a2353,3,57,15,f,99bc7f,2021-02-10T11:22:02.755Z
f084eb,5,36,15,f,99bc7f,2021-02-10T11:22:02.755Z
b9a74d,1,17,15,f,99bc7f,2021-02-10T11:22:02.755Z
2feb6b,5,29,15,f,99bc7f,2021-02-10T11:22:02.755Z
e83aa3,3,32,6,t,5462cb,2021-03-18T07:27:15.321Z
e31d39,1,10,6,t,5462cb,2021-03-18T07:27:15.321Z
9ec847,1,54,6,t,5462cb,2021-03-18T07:27:15.321Z
c8d436,2,10,6,t,5462cb,2021-03-18T07:27:15.321Z
b9a74d,3,17,6,t,5462cb,2021-03-18T07:27:15.321Z
2feb6b,4,29,6,t,5462cb,2021-03-18T07:27:15.321Z
c4a632,1,13,1,t,2f9718,2021-03-02T18:13:04.857Z
e31d39,1,10,1,t,2f9718,2021-03-02T18:13:04.857Z
d5e9a6,3,23,1,t,2f9718,2021-03-02T18:13:04.857Z
72f5d4,2,19,1,t,2f9718,2021-03-02T18:13:04.857Z
c8d436,4,10,1,t,2f9718,2021-03-02T18:13:04.857Z
f084eb,3,36,1,t,2f9718,2021-03-02T18:13:04.857Z
c4a632,4,13,1,t,b5f36e,2021-03-12T08:26:52.368Z
e31d39,2,10,1,t,b5f36e,2021-03-12T08:26:52.368Z
d5e9a6,3,23,1,t,b5f36e,2021-03-12T08:26:52.368Z
5d267b,4,40,1,t,b5f36e,2021-03-12T08:26:52.368Z
2a2353,5,57,1,t,b5f36e,2021-03-12T08:26:52.368Z
f084eb,1,36,1,t,b5f36e,2021-03-12T08:26:52.368Z
2feb6b,4,29,1,t,b5f36e,2021-03-12T08:26:52.368Z
c4a632,3,13,22,f,251709,2021-03-18T14:26:55.478Z
e83aa3,4,32,22,f,251709,2021-03-18T14:26:55.478Z
d5e9a6,1,23,22,f,251709,2021-03-18T14:26:55.478Z
9ec847,2,54,22,f,251709,2021-03-18T14:26:55.478Z
b9a74d,2,17,22,f,251709,2021-03-18T14:26:55.478Z
2feb6b,2,29,22,f,251709,2021-03-18T14:26:55.478Z
e83aa3,2,32,23,t,3f512c,2021-02-24T16:35:22.444Z
5d267b,1,40,23,t,3f512c,2021-02-24T16:35:22.444Z
c8d436,1,10,23,t,3f512c,2021-02-24T16:35:22.444Z
2a2353,1,57,23,t,3f512c,2021-02-24T16:35:22.444Z
b9a74d,1,17,23,t,3f512c,2021-02-24T16:35:22.444Z
e83aa3,4,32,13,f,27377c,2021-01-23T15:09:03.542Z
9ec847,4,54,13,f,27377c,2021-01-23T15:09:03.542Z
5d267b,1,40,13,f,27377c,2021-01-23T15:09:03.542Z
2a2353,4,57,13,f,27377c,2021-01-23T15:09:03.542Z
f084eb,3,36,13,f,27377c,2021-01-23T15:09:03.542Z
c4a632,4,13,19,t,aefe57,2021-01-13T08:02:27.456Z
e83aa3,2,32,19,t,aefe57,2021-01-13T08:02:27.456Z
e31d39,2,10,19,t,aefe57,2021-01-13T08:02:27.456Z
d5e9a6,3,23,19,t,aefe57,2021-01-13T08:02:27.456Z
72f5d4,2,19,19,t,aefe57,2021-01-13T08:02:27.456Z
5d267b,1,40,19,t,aefe57,2021-01-13T08:02:27.456Z
c8d436,5,10,19,t,aefe57,2021-01-13T08:02:27.456Z
2a2353,2,57,19,t,aefe57,2021-01-13T08:02:27.456Z
f084eb,1,36,19,t,aefe57,2021-01-13T08:02:27.456Z
b9a74d,4,17,19,t,aefe57,2021-01-13T08:02:27.456Z
2feb6b,2,29,19,t,aefe57,2021-01-13T08:02:27.456Z
e83aa3,3,32,10,t,54c66d,2021-03-13T17:07:10.848Z
c8d436,3,10,10,t,54c66d,2021-03-13T17:07:10.848Z
2a2353,5,57,10,t,54c66d,2021-03-13T17:07:10.848Z
f084eb,5,36,10,t,54c66d,2021-03-13T17:07:10.848Z
c4a632,1,13,13,f,50443a,2021-02-07T05:57:49.622Z
e83aa3,5,32,13,f,50443a,2021-02-07T05:57:49.622Z
d5e9a6,2,23,13,f,50443a,2021-02-07T05:57:49.622Z
9ec847,2,54,13,f,50443a,2021-02-07T05:57:49.622Z
5d267b,5,40,13,f,50443a,2021-02-07T05:57:49.622Z
c8d436,2,10,13,f,50443a,2021-02-07T05:57:49.622Z
2a2353,3,57,13,f,50443a,2021-02-07T05:57:49.622Z
f084eb,3,36,13,f,50443a,2021-02-07T05:57:49.622Z
b9a74d,3,17,13,f,50443a,2021-02-07T05:57:49.622Z
e83aa3,1,32,13,t,157469,2021-02-03T22:07:17.731Z
e31d39,1,10,13,t,157469,2021-02-03T22:07:17.731Z
9ec847,3,54,13,t,157469,2021-02-03T22:07:17.731Z
c8d436,1,10,13,t,157469,2021-02-03T22:07:17.731Z
2a2353,5,57,13,t,157469,2021-02-03T22:07:17.731Z
b9a74d,4,17,13,t,157469,2021-02-03T22:07:17.731Z
2feb6b,2,29,13,t,157469,2021-02-03T22:07:17.731Z
e31d39,4,10,17,t,69adfc,2021-03-23T02:22:39.043Z
d5e9a6,5,23,17,t,69adfc,2021-03-23T02:22:39.043Z
9ec847,2,54,17,t,69adfc,2021-03-23T02:22:39.043Z
2a2353,4,57,17,t,69adfc,2021-03-23T02:22:39.043Z
2feb6b,5,29,17,t,69adfc,2021-03-23T02:22:39.043Z
c4a632,5,13,7,f,30df32,2021-02-07T02:12:25.344Z
e83aa3,2,32,7,f,30df32,2021-02-07T02:12:25.344Z
d5e9a6,2,23,7,f,30df32,2021-02-07T02:12:25.344Z
5d267b,4,40,7,f,30df32,2021-02-07T02:12:25.344Z
b9a74d,3,17,7,f,30df32,2021-02-07T02:12:25.344Z
c4a632,5,13,3,f,d2699b,2021-01-16T21:09:52.358Z
e83aa3,2,32,3,f,d2699b,2021-01-16T21:09:52.358Z
72f5d4,3,19,3,f,d2699b,2021-01-16T21:09:52.358Z
9ec847,3,54,3,f,d2699b,2021-01-16T21:09:52.358Z
5d267b,1,40,3,f,d2699b,2021-01-16T21:09:52.358Z
2a2353,5,57,3,f,d2699b,2021-01-16T21:09:52.358Z
f084eb,2,36,3,f,d2699b,2021-01-16T21:09:52.358Z
b9a74d,1,17,3,f,d2699b,2021-01-16T21:09:52.358Z
e83aa3,3,32,10,f,8ec78e,2021-01-14T18:33:55.324Z
e31d39,2,10,10,f,8ec78e,2021-01-14T18:33:55.324Z
9ec847,2,54,10,f,8ec78e,2021-01-14T18:33:55.324Z
5d267b,1,40,10,f,8ec78e,2021-01-14T18:33:55.324Z
2a2353,2,57,10,f,8ec78e,2021-01-14T18:33:55.324Z
f084eb,3,36,10,f,8ec78e,2021-01-14T18:33:55.324Z
b9a74d,2,17,10,f,8ec78e,2021-01-14T18:33:55.324Z
c4a632,4,13,4,f,2e6544,2021-03-26T14:47:05.596Z
e83aa3,4,32,4,f,2e6544,2021-03-26T14:47:05.596Z
72f5d4,5,19,4,f,2e6544,2021-03-26T14:47:05.596Z
9ec847,3,54,4,f,2e6544,2021-03-26T14:47:05.596Z
c8d436,5,10,4,f,2e6544,2021-03-26T14:47:05.596Z
f084eb,4,36,4,f,2e6544,2021-03-26T14:47:05.596Z
2feb6b,3,29,4,f,2e6544,2021-03-26T14:47:05.596Z
c4a632,2,13,14,t,33d3dc,2021-03-15T15:44:04.444Z
e31d39,5,10,14,t,33d3dc,2021-03-15T15:44:04.444Z
72f5d4,5,19,14,t,33d3dc,2021-03-15T15:44:04.444Z
b9a74d,5,17,14,t,33d3dc,2021-03-15T15:44:04.444Z
e83aa3,1,32,22,f,85844e,2021-02-11T07:28:53.212Z
72f5d4,5,19,22,f,85844e,2021-02-11T07:28:53.212Z
9ec847,4,54,22,f,85844e,2021-02-11T07:28:53.212Z
c8d436,2,10,22,f,85844e,2021-02-11T07:28:53.212Z
2a2353,2,57,22,f,85844e,2021-02-11T07:28:53.212Z
c4a632,1,13,21,t,f96978,2021-03-20T19:11:23.798Z
e31d39,5,10,21,t,f96978,2021-03-20T19:11:23.798Z
5d267b,4,40,21,t,f96978,2021-03-20T19:11:23.798Z
c8d436,5,10,21,t,f96978,2021-03-20T19:11:23.798Z
2a2353,2,57,21,t,f96978,2021-03-20T19:11:23.798Z
c4a632,2,13,6,f,000dd8,2021-03-08T00:49:20.668Z
e83aa3,1,32,6,f,000dd8,2021-03-08T00:49:20.668Z
e31d39,1,10,6,f,000dd8,2021-03-08T00:49:20.668Z
c8d436,1,10,6,f,000dd8,2021-03-08T00:49:20.668Z
2a2353,5,57,6,f,000dd8,2021-03-08T00:49:20.668Z
2feb6b,1,29,6,f,000dd8,2021-03-08T00:49:20.668Z
e31d39,1,10,23,t,111f2d,2021-02-27T12:20:46.924Z
d5e9a6,1,23,23,t,111f2d,2021-02-27T12:20:46.924Z
72f5d4,3,19,23,t,111f2d,2021-02-27T12:20:46.924Z
9ec847,1,54,23,t,111f2d,2021-02-27T12:20:46.924Z
5d267b,5,40,23,t,111f2d,2021-02-27T12:20:46.924Z
c8d436,2,10,23,t,111f2d,2021-02-27T12:20:46.924Z
f084eb,4,36,23,t,111f2d,2021-02-27T12:20:46.924Z
b9a74d,1,17,23,t,111f2d,2021-02-27T12:20:46.924Z
e31d39,3,10,12,t,12d97c,2021-01-04T16:44:38.601Z
72f5d4,5,19,12,t,12d97c,2021-01-04T16:44:38.601Z
9ec847,5,54,12,t,12d97c,2021-01-04T16:44:38.601Z
5d267b,4,40,12,t,12d97c,2021-01-04T16:44:38.601Z
c8d436,5,10,12,t,12d97c,2021-01-04T16:44:38.601Z
2a2353,3,57,12,t,12d97c,2021-01-04T16:44:38.601Z
f084eb,4,36,12,t,12d97c,2021-01-04T16:44:38.601Z
c4a632,5,13,17,t,619013,2021-03-14T17:25:04.886Z
e83aa3,1,32,17,t,619013,2021-03-14T17:25:04.886Z
9ec847,5,54,17,t,619013,2021-03-14T17:25:04.886Z
5d267b,1,40,17,t,619013,2021-03-14T17:25:04.886Z
2a2353,3,57,17,t,619013,2021-03-14T17:25:04.886Z
f084eb,5,36,17,t,619013,2021-03-14T17:25:04.886Z
e31d39,1,10,22,t,9cda88,2021-01-14T19:27:28.022Z
d5e9a6,4,23,22,t,9cda88,2021-01-14T19:27:28.022Z
72f5d4,5,19,22,t,9cda88,2021-01-14T19:27:28.022Z
9ec847,3,54,22,t,9cda88,2021-01-14T19:27:28.022Z
c8d436,5,10,22,t,9cda88,2021-01-14T19:27:28.022Z
2feb6b,3,29,22,t,9cda88,2021-01-14T19:27:28.022Z
c4a632,1,13,16,f,6a9407,2021-02-20T22:22:45.753Z
e83aa3,3,32,16,f,6a9407,2021-02-20T22:22:45.753Z
d5e9a6,2,23,16,f,6a9407,2021-02-20T22:22:45.753Z
72f5d4,2,19,16,f,6a9407,2021-02-20T22:22:45.753Z
9ec847,5,54,16,f,6a9407,2021-02-20T22:22:45.753Z
5d267b,5,40,16,f,6a9407,2021-02-20T22:22:45.753Z
c8d436,3,10,16,f,6a9407,2021-02-20T22:22:45.753Z
2a2353,2,57,16,f,6a9407,2021-02-20T22:22:45.753Z
f084eb,3,36,16,f,6a9407,2021-02-20T22:22:45.753Z
b9a74d,4,17,16,f,6a9407,2021-02-20T22:22:45.753Z
d5e9a6,5,23,5,t,86c771,2021-02-21T02:21:44.524Z
5d267b,4,40,5,t,86c771,2021-02-21T02:21:44.524Z
c8d436,4,10,5,t,86c771,2021-02-21T02:21:44.524Z
f084eb,3,36,5,t,86c771,2021-02-21T02:21:44.524Z
b9a74d,5,17,5,t,86c771,2021-02-21T02:21:44.524Z
c4a632,3,13,2,t,d68597,2021-02-10T15:26:35.894Z
e31d39,2,10,2,t,d68597,2021-02-10T15:26:35.894Z
72f5d4,3,19,2,t,d68597,2021-02-10T15:26:35.894Z
2a2353,2,57,2,t,d68597,2021-02-10T15:26:35.894Z
f084eb,5,36,2,t,d68597,2021-02-10T15:26:35.894Z
b9a74d,3,17,2,t,d68597,2021-02-10T15:26:35.894Z
2feb6b,5,29,2,t,d68597,2021-02-10T15:26:35.894Z
c4a632,4,13,19,t,9901f1,2021-02-28T23:40:15.283Z
e31d39,1,10,19,t,9901f1,2021-02-28T23:40:15.283Z
c8d436,3,10,19,t,9901f1,2021-02-28T23:40:15.283Z
2a2353,1,57,19,t,9901f1,2021-02-28T23:40:15.283Z
2feb6b,1,29,19,t,9901f1,2021-02-28T23:40:15.283Z
d5e9a6,1,23,12,t,6a0df4,2021-03-20T21:27:21.945Z
72f5d4,4,19,12,t,6a0df4,2021-03-20T21:27:21.945Z
9ec847,5,54,12,t,6a0df4,2021-03-20T21:27:21.945Z
2a2353,2,57,12,t,6a0df4,2021-03-20T21:27:21.945Z
c4a632,5,13,16,f,9f073e,2021-01-15T07:25:46.934Z
e83aa3,2,32,16,f,9f073e,2021-01-15T07:25:46.934Z
e31d39,4,10,16,f,9f073e,2021-01-15T07:25:46.934Z
d5e9a6,4,23,16,f,9f073e,2021-01-15T07:25:46.934Z
72f5d4,4,19,16,f,9f073e,2021-01-15T07:25:46.934Z
9ec847,3,54,16,f,9f073e,2021-01-15T07:25:46.934Z
5d267b,5,40,16,f,9f073e,2021-01-15T07:25:46.934Z
c8d436,4,10,16,f,9f073e,2021-01-15T07:25:46.934Z
f084eb,3,36,16,f,9f073e,2021-01-15T07:25:46.934Z
b9a74d,3,17,16,f,9f073e,2021-01-15T07:25:46.934Z
2feb6b,1,29,16,f,9f073e,2021-01-15T07:25:46.934Z
9ec847,1,54,7,t,42b026,2021-02-20T00:58:02.870Z
5d267b,3,40,7,t,42b026,2021-02-20T00:58:02.870Z
2a2353,3,57,7,t,42b026,2021-02-20T00:58:02.870Z
f084eb,1,36,7,t,42b026,2021-02-20T00:58:02.870Z
2feb6b,4,29,7,t,42b026,2021-02-20T00:58:02.870Z
e83aa3,5,32,15,f,93db55,2021-02-16T13:47:36.931Z
72f5d4,3,19,15,f,93db55,2021-02-16T13:47:36.931Z
9ec847,2,54,15,f,93db55,2021-02-16T13:47:36.931Z
5d267b,2,40,15,f,93db55,2021-02-16T13:47:36.931Z
2a2353,5,57,15,f,93db55,2021-02-16T13:47:36.931Z
b9a74d,1,17,15,f,93db55,2021-02-16T13:47:36.931Z
2feb6b,2,29,15,f,93db55,2021-02-16T13:47:36.931Z
e83aa3,2,32,16,t,70ada9,2021-01-28T01:44:30.998Z
d5e9a6,4,23,16,t,70ada9,2021-01-28T01:44:30.998Z
9ec847,4,54,16,t,70ada9,2021-01-28T01:44:30.998Z
2a2353,2,57,16,t,70ada9,2021-01-28T01:44:30.998Z
f084eb,4,36,16,t,70ada9,2021-01-28T01:44:30.998Z
b9a74d,5,17,16,t,70ada9,2021-01-28T01:44:30.998Z
e31d39,1,10,7,t,688515,2021-01-11T06:22:01.747Z
72f5d4,1,19,7,t,688515,2021-01-11T06:22:01.747Z
5d267b,3,40,7,t,688515,2021-01-11T06:22:01.747Z
c8d436,4,10,7,t,688515,2021-01-11T06:22:01.747Z
2feb6b,4,29,7,t,688515,2021-01-11T06:22:01.747Z
e83aa3,5,32,23,t,15f895,2021-02-04T16:58:37.891Z
e31d39,2,10,23,t,15f895,2021-02-04T16:58:37.891Z
d5e9a6,2,23,23,t,15f895,2021-02-04T16:58:37.891Z
72f5d4,1,19,23,t,15f895,2021-02-04T16:58:37.891Z
b9a74d,2,17,23,t,15f895,2021-02-04T16:58:37.891Z
2feb6b,4,29,23,t,15f895,2021-02-04T16:58:37.891Z
c4a632,5,13,11,t,df6e95,2021-01-04T11:20:53.462Z
f084eb,2,36,11,t,df6e95,2021-01-04T11:20:53.462Z
b9a74d,2,17,11,t,df6e95,2021-01-04T11:20:53.462Z
2feb6b,5,29,11,t,df6e95,2021-01-04T11:20:53.462Z
d5e9a6,4,23,20,t,037fe1,2021-01-11T08:21:06.076Z
72f5d4,5,19,20,t,037fe1,2021-01-11T08:21:06.076Z
9ec847,2,54,20,t,037fe1,2021-01-11T08:21:06.076Z
c8d436,5,10,20,t,037fe1,2021-01-11T08:21:06.076Z
b9a74d,1,17,20,t,037fe1,2021-01-11T08:21:06.076Z
2feb6b,1,29,20,t,037fe1,2021-01-11T08:21:06.076Z
e83aa3,1,32,12,f,7f36a0,2021-02-22T06:27:26.265Z
d5e9a6,1,23,12,f,7f36a0,2021-02-22T06:27:26.265Z
72f5d4,5,19,12,f,7f36a0,2021-02-22T06:27:26.265Z
9ec847,3,54,12,f,7f36a0,2021-02-22T06:27:26.265Z
2a2353,3,57,12,f,7f36a0,2021-02-22T06:27:26.265Z
2feb6b,2,29,12,f,7f36a0,2021-02-22T06:27:26.265Z
c4a632,1,13,17,f,daf0a1,2021-01-18T05:23:29.587Z
e31d39,1,10,17,f,daf0a1,2021-01-18T05:23:29.587Z
72f5d4,1,19,17,f,daf0a1,2021-01-18T05:23:29.587Z
2a2353,1,57,17,f,daf0a1,2021-01-18T05:23:29.587Z
b9a74d,3,17,17,f,daf0a1,2021-01-18T05:23:29.587Z
2feb6b,3,29,17,f,daf0a1,2021-01-18T05:23:29.587Z
e83aa3,3,32,10,t,fbcc2f,2021-03-07T16:59:05.366Z
72f5d4,3,19,10,t,fbcc2f,2021-03-07T16:59:05.366Z
5d267b,3,40,10,t,fbcc2f,2021-03-07T16:59:05.366Z
2a2353,5,57,10,t,fbcc2f,2021-03-07T16:59:05.366Z
2feb6b,1,29,10,t,fbcc2f,2021-03-07T16:59:05.366Z
c4a632,2,13,14,t,d43484,2021-03-23T01:28:06.988Z
e31d39,2,10,14,t,d43484,2021-03-23T01:28:06.988Z
d5e9a6,3,23,14,t,d43484,2021-03-23T01:28:06.988Z
9ec847,3,54,14,t,d43484,2021-03-23T01:28:06.988Z
2a2353,1,57,14,t,d43484,2021-03-23T01:28:06.988Z
f084eb,3,36,14,t,d43484,2021-03-23T01:28:06.988Z
c4a632,1,13,11,t,bfa77a,2021-02-12T06:59:46.291Z
e83aa3,4,32,11,t,bfa77a,2021-02-12T06:59:46.291Z
5d267b,1,40,11,t,bfa77a,2021-02-12T06:59:46.291Z
2a2353,2,57,11,t,bfa77a,2021-02-12T06:59:46.291Z
f084eb,1,36,11,t,bfa77a,2021-02-12T06:59:46.291Z
c4a632,3,13,17,f,0320c7,2021-03-09T15:34:07.852Z
e83aa3,5,32,17,f,0320c7,2021-03-09T15:34:07.852Z
2a2353,3,57,17,f,0320c7,2021-03-09T15:34:07.852Z
f084eb,3,36,17,f,0320c7,2021-03-09T15:34:07.852Z
b9a74d,4,17,17,f,0320c7,2021-03-09T15:34:07.852Z
e31d39,3,10,21,t,a16313,2021-01-24T18:00:55.728Z
72f5d4,1,19,21,t,a16313,2021-01-24T18:00:55.728Z
5d267b,3,40,21,t,a16313,2021-01-24T18:00:55.728Z
c8d436,1,10,21,t,a16313,2021-01-24T18:00:55.728Z
2a2353,3,57,21,t,a16313,2021-01-24T18:00:55.728Z
b9a74d,2,17,21,t,a16313,2021-01-24T18:00:55.728Z
2feb6b,3,29,21,t,a16313,2021-01-24T18:00:55.728Z
72f5d4,5,19,3,t,5281cb,2021-01-18T03:51:58.780Z
9ec847,1,54,3,t,5281cb,2021-01-18T03:51:58.780Z
b9a74d,5,17,3,t,5281cb,2021-01-18T03:51:58.780Z
2feb6b,3,29,3,t,5281cb,2021-01-18T03:51:58.780Z
e83aa3,1,32,21,f,9ae51f,2021-02-24T15:23:05.164Z
d5e9a6,4,23,21,f,9ae51f,2021-02-24T15:23:05.164Z
5d267b,4,40,21,f,9ae51f,2021-02-24T15:23:05.164Z
f084eb,4,36,21,f,9ae51f,2021-02-24T15:23:05.164Z
2feb6b,3,29,21,f,9ae51f,2021-02-24T15:23:05.164Z
c4a632,4,13,8,t,28765f,2021-03-14T09:18:05.788Z
e83aa3,5,32,8,t,28765f,2021-03-14T09:18:05.788Z
d5e9a6,5,23,8,t,28765f,2021-03-14T09:18:05.788Z
72f5d4,2,19,8,t,28765f,2021-03-14T09:18:05.788Z
9ec847,3,54,8,t,28765f,2021-03-14T09:18:05.788Z
5d267b,4,40,8,t,28765f,2021-03-14T09:18:05.788Z
c8d436,4,10,8,t,28765f,2021-03-14T09:18:05.788Z
2a2353,5,57,8,t,28765f,2021-03-14T09:18:05.788Z
b9a74d,4,17,8,t,28765f,2021-03-14T09:18:05.788Z
c4a632,2,13,5,f,1d8b02,2021-03-06T23:46:04.252Z
e83aa3,4,32,5,f,1d8b02,2021-03-06T23:46:04.252Z
e31d39,5,10,5,f,1d8b02,2021-03-06T23:46:04.252Z
d5e9a6,1,23,5,f,1d8b02,2021-03-06T23:46:04.252Z
72f5d4,3,19,5,f,1d8b02,2021-03-06T23:46:04.252Z
9ec847,5,54,5,f,1d8b02,2021-03-06T23:46:04.252Z
c8d436,2,10,5,f,1d8b02,2021-03-06T23:46:04.252Z
2a2353,1,57,5,f,1d8b02,2021-03-06T23:46:04.252Z
f084eb,1,36,5,f,1d8b02,2021-03-06T23:46:04.252Z
b9a74d,5,17,5,f,1d8b02,2021-03-06T23:46:04.252Z
c4a632,4,13,12,t,d90712,2021-01-19T13:55:54.076Z
e83aa3,4,32,12,t,d90712,2021-01-19T13:55:54.076Z
d5e9a6,5,23,12,t,d90712,2021-01-19T13:55:54.076Z
72f5d4,4,19,12,t,d90712,2021-01-19T13:55:54.076Z
2a2353,4,57,12,t,d90712,2021-01-19T13:55:54.076Z
f084eb,2,36,12,t,d90712,2021-01-19T13:55:54.076Z
c4a632,3,13,22,t,1d5653,2021-02-26T11:24:39.657Z
e83aa3,5,32,22,t,1d5653,2021-02-26T11:24:39.657Z
e31d39,3,10,22,t,1d5653,2021-02-26T11:24:39.657Z
c8d436,4,10,22,t,1d5653,2021-02-26T11:24:39.657Z
2a2353,4,57,22,t,1d5653,2021-02-26T11:24:39.657Z
b9a74d,2,17,22,t,1d5653,2021-02-26T11:24:39.657Z
2feb6b,5,29,22,t,1d5653,2021-02-26T11:24:39.657Z
e83aa3,2,32,22,f,0b4505,2021-03-05T23:59:37.104Z
72f5d4,5,19,22,f,0b4505,2021-03-05T23:59:37.104Z
5d267b,4,40,22,f,0b4505,2021-03-05T23:59:37.104Z
c8d436,5,10,22,f,0b4505,2021-03-05T23:59:37.104Z
f084eb,2,36,22,f,0b4505,2021-03-05T23:59:37.104Z
b9a74d,2,17,22,f,0b4505,2021-03-05T23:59:37.104Z
2feb6b,5,29,22,f,0b4505,2021-03-05T23:59:37.104Z
e83aa3,1,32,18,t,47c625,2021-01-30T12:24:42.710Z
e31d39,1,10,18,t,47c625,2021-01-30T12:24:42.710Z
d5e9a6,4,23,18,t,47c625,2021-01-30T12:24:42.710Z
72f5d4,3,19,18,t,47c625,2021-01-30T12:24:42.710Z
c8d436,3,10,18,t,47c625,2021-01-30T12:24:42.710Z
f084eb,3,36,18,t,47c625,2021-01-30T12:24:42.710Z
e83aa3,5,32,2,t,a0e336,2021-03-11T20:40:52.176Z
e31d39,3,10,2,t,a0e336,2021-03-11T20:40:52.176Z
d5e9a6,2,23,2,t,a0e336,2021-03-11T20:40:52.176Z
9ec847,5,54,2,t,a0e336,2021-03-11T20:40:52.176Z
c8d436,4,10,2,t,a0e336,2021-03-11T20:40:52.176Z
2feb6b,3,29,2,t,a0e336,2021-03-11T20:40:52.176Z
e83aa3,5,32,12,t,309cdb,2021-03-01T08:39:05.040Z
d5e9a6,3,23,12,t,309cdb,2021-03-01T08:39:05.040Z
72f5d4,4,19,12,t,309cdb,2021-03-01T08:39:05.040Z
5d267b,4,40,12,t,309cdb,2021-03-01T08:39:05.040Z
c8d436,3,10,12,t,309cdb,2021-03-01T08:39:05.040Z
2feb6b,5,29,12,t,309cdb,2021-03-01T08:39:05.040Z
72f5d4,3,19,15,t,d787dd,2021-02-21T09:17:33.388Z
9ec847,5,54,15,t,d787dd,2021-02-21T09:17:33.388Z
c8d436,3,10,15,t,d787dd,2021-02-21T09:17:33.388Z
2a2353,2,57,15,t,d787dd,2021-02-21T09:17:33.388Z
2feb6b,3,29,15,t,d787dd,2021-02-21T09:17:33.388Z
72f5d4,2,19,17,f,156217,2021-03-25T01:24:55.180Z
9ec847,5,54,17,f,156217,2021-03-25T01:24:55.180Z
c8d436,2,10,17,f,156217,2021-03-25T01:24:55.180Z
2a2353,1,57,17,f,156217,2021-03-25T01:24:55.180Z
f084eb,3,36,17,f,156217,2021-03-25T01:24:55.180Z
c4a632,4,13,23,t,3066fc,2021-02-21T19:05:11.500Z
9ec847,1,54,23,t,3066fc,2021-02-21T19:05:11.500Z
f084eb,3,36,23,t,3066fc,2021-02-21T19:05:11.500Z
2feb6b,4,29,23,t,3066fc,2021-02-21T19:05:11.500Z
e31d39,2,10,6,f,04547b,2021-03-14T13:42:56.217Z
72f5d4,4,19,6,f,04547b,2021-03-14T13:42:56.217Z
9ec847,1,54,6,f,04547b,2021-03-14T13:42:56.217Z
c8d436,1,10,6,f,04547b,2021-03-14T13:42:56.217Z
f084eb,5,36,6,f,04547b,2021-03-14T13:42:56.217Z
b9a74d,3,17,6,f,04547b,2021-03-14T13:42:56.217Z
2feb6b,2,29,6,f,04547b,2021-03-14T13:42:56.217Z
e31d39,2,10,16,f,732e1c,2021-02-03T13:11:18.700Z
d5e9a6,3,23,16,f,732e1c,2021-02-03T13:11:18.700Z
72f5d4,2,19,16,f,732e1c,2021-02-03T13:11:18.700Z
9ec847,1,54,16,f,732e1c,2021-02-03T13:11:18.700Z
c8d436,3,10,16,f,732e1c,2021-02-03T13:11:18.700Z
f084eb,5,36,16,f,732e1c,2021-02-03T13:11:18.700Z
b9a74d,3,17,16,f,732e1c,2021-02-03T13:11:18.700Z
2feb6b,2,29,16,f,732e1c,2021-02-03T13:11:18.700Z
e31d39,2,10,11,f,7967c8,2021-02-04T21:57:03.081Z
d5e9a6,2,23,11,f,7967c8,2021-02-04T21:57:03.081Z
72f5d4,5,19,11,f,7967c8,2021-02-04T21:57:03.081Z
c8d436,4,10,11,f,7967c8,2021-02-04T21:57:03.081Z
2a2353,4,57,11,f,7967c8,2021-02-04T21:57:03.081Z
f084eb,5,36,11,f,7967c8,2021-02-04T21:57:03.081Z
b9a74d,5,17,11,f,7967c8,2021-02-04T21:57:03.081Z
2feb6b,3,29,11,f,7967c8,2021-02-04T21:57:03.081Z
e83aa3,3,32,12,f,85fe95,2021-02-25T16:31:51.542Z
9ec847,2,54,12,f,85fe95,2021-02-25T16:31:51.542Z
c8d436,1,10,12,f,85fe95,2021-02-25T16:31:51.542Z
2a2353,5,57,12,f,85fe95,2021-02-25T16:31:51.542Z
d5e9a6,1,23,0,f,7.97E+19,2021-01-24T04:01:11.654Z
9ec847,3,54,0,f,7.97E+19,2021-01-24T04:01:11.654Z
5d267b,2,40,0,f,7.97E+19,2021-01-24T04:01:11.654Z
c8d436,1,10,0,f,7.97E+19,2021-01-24T04:01:11.654Z
f084eb,1,36,0,f,7.97E+19,2021-01-24T04:01:11.654Z
b9a74d,5,17,0,f,7.97E+19,2021-01-24T04:01:11.654Z
2feb6b,5,29,0,f,7.97E+19,2021-01-24T04:01:11.654Z
c4a632,1,13,13,t,3013b9,2021-03-02T23:40:32.563Z
e83aa3,5,32,13,t,3013b9,2021-03-02T23:40:32.563Z
e31d39,2,10,13,t,3013b9,2021-03-02T23:40:32.563Z
9ec847,1,54,13,t,3013b9,2021-03-02T23:40:32.563Z
5d267b,4,40,13,t,3013b9,2021-03-02T23:40:32.563Z
c8d436,1,10,13,t,3013b9,2021-03-02T23:40:32.563Z
b9a74d,5,17,13,t,3013b9,2021-03-02T23:40:32.563Z
c4a632,3,13,6,f,66aa4c,2021-02-01T17:28:22.915Z
e83aa3,3,32,6,f,66aa4c,2021-02-01T17:28:22.915Z
d5e9a6,3,23,6,f,66aa4c,2021-02-01T17:28:22.915Z
72f5d4,4,19,6,f,66aa4c,2021-02-01T17:28:22.915Z
5d267b,2,40,6,f,66aa4c,2021-02-01T17:28:22.915Z
c8d436,2,10,6,f,66aa4c,2021-02-01T17:28:22.915Z
f084eb,3,36,6,f,66aa4c,2021-02-01T17:28:22.915Z
e31d39,5,10,17,f,ddd703,2021-03-29T20:49:53.817Z
72f5d4,3,19,17,f,ddd703,2021-03-29T20:49:53.817Z
9ec847,5,54,17,f,ddd703,2021-03-29T20:49:53.817Z
c8d436,2,10,17,f,ddd703,2021-03-29T20:49:53.817Z
2a2353,1,57,17,f,ddd703,2021-03-29T20:49:53.817Z
b9a74d,1,17,17,f,ddd703,2021-03-29T20:49:53.817Z
2feb6b,5,29,17,f,ddd703,2021-03-29T20:49:53.817Z
c4a632,2,13,23,f,e06d48,2021-02-24T14:33:10.540Z
d5e9a6,3,23,23,f,e06d48,2021-02-24T14:33:10.540Z
72f5d4,2,19,23,f,e06d48,2021-02-24T14:33:10.540Z
9ec847,5,54,23,f,e06d48,2021-02-24T14:33:10.540Z
5d267b,4,40,23,f,e06d48,2021-02-24T14:33:10.540Z
2feb6b,2,29,23,f,e06d48,2021-02-24T14:33:10.540Z
e83aa3,3,32,4,f,03e754,2021-02-20T09:38:22.473Z
e31d39,3,10,4,f,03e754,2021-02-20T09:38:22.473Z
72f5d4,2,19,4,f,03e754,2021-02-20T09:38:22.473Z
9ec847,3,54,4,f,03e754,2021-02-20T09:38:22.473Z
5d267b,5,40,4,f,03e754,2021-02-20T09:38:22.473Z
2a2353,1,57,4,f,03e754,2021-02-20T09:38:22.473Z
f084eb,1,36,4,f,03e754,2021-02-20T09:38:22.473Z
e83aa3,1,32,1,f,dc4d82,2021-01-05T07:01:50.275Z
9ec847,1,54,1,f,dc4d82,2021-01-05T07:01:50.275Z
5d267b,1,40,1,f,dc4d82,2021-01-05T07:01:50.275Z
f084eb,2,36,1,f,dc4d82,2021-01-05T07:01:50.275Z
b9a74d,2,17,1,f,dc4d82,2021-01-05T07:01:50.275Z
e83aa3,4,32,16,t,7ef24a,2021-02-25T08:45:01.440Z
e31d39,5,10,16,t,7ef24a,2021-02-25T08:45:01.440Z
d5e9a6,5,23,16,t,7ef24a,2021-02-25T08:45:01.440Z
72f5d4,4,19,16,t,7ef24a,2021-02-25T08:45:01.440Z
9ec847,2,54,16,t,7ef24a,2021-02-25T08:45:01.440Z
c4a632,1,13,18,t,4aaa5b,2021-01-15T08:30:59.126Z
72f5d4,5,19,18,t,4aaa5b,2021-01-15T08:30:59.126Z
9ec847,2,54,18,t,4aaa5b,2021-01-15T08:30:59.126Z
2a2353,1,57,18,t,4aaa5b,2021-01-15T08:30:59.126Z
c4a632,5,13,13,t,08e365,2021-03-11T14:46:50.995Z
e83aa3,2,32,13,t,08e365,2021-03-11T14:46:50.995Z
e31d39,4,10,13,t,08e365,2021-03-11T14:46:50.995Z
9ec847,2,54,13,t,08e365,2021-03-11T14:46:50.995Z
5d267b,2,40,13,t,08e365,2021-03-11T14:46:50.995Z
f084eb,4,36,13,t,08e365,2021-03-11T14:46:50.995Z
b9a74d,5,17,13,t,08e365,2021-03-11T14:46:50.995Z
e83aa3,1,32,8,t,e3bffe,2021-02-14T11:53:46.752Z
d5e9a6,2,23,8,t,e3bffe,2021-02-14T11:53:46.752Z
5d267b,3,40,8,t,e3bffe,2021-02-14T11:53:46.752Z
2a2353,2,57,8,t,e3bffe,2021-02-14T11:53:46.752Z
f084eb,2,36,8,t,e3bffe,2021-02-14T11:53:46.752Z
b9a74d,2,17,8,t,e3bffe,2021-02-14T11:53:46.752Z
c4a632,3,13,17,f,c13cde,2021-02-09T06:28:38.755Z
e31d39,4,10,17,f,c13cde,2021-02-09T06:28:38.755Z
72f5d4,4,19,17,f,c13cde,2021-02-09T06:28:38.755Z
5d267b,1,40,17,f,c13cde,2021-02-09T06:28:38.755Z
f084eb,4,36,17,f,c13cde,2021-02-09T06:28:38.755Z
b9a74d,3,17,17,f,c13cde,2021-02-09T06:28:38.755Z
2feb6b,1,29,17,f,c13cde,2021-02-09T06:28:38.755Z
e83aa3,2,32,20,f,6dd0b8,2021-01-23T04:49:10.156Z
e31d39,2,10,20,f,6dd0b8,2021-01-23T04:49:10.156Z
5d267b,1,40,20,f,6dd0b8,2021-01-23T04:49:10.156Z
2a2353,1,57,20,f,6dd0b8,2021-01-23T04:49:10.156Z
f084eb,4,36,20,f,6dd0b8,2021-01-23T04:49:10.156Z
b9a74d,5,17,20,f,6dd0b8,2021-01-23T04:49:10.156Z
c4a632,1,13,19,f,1fcaa1,2021-02-04T10:21:33.350Z
e83aa3,4,32,19,f,1fcaa1,2021-02-04T10:21:33.350Z
e31d39,1,10,19,f,1fcaa1,2021-02-04T10:21:33.350Z
9ec847,5,54,19,f,1fcaa1,2021-02-04T10:21:33.350Z
c8d436,3,10,19,f,1fcaa1,2021-02-04T10:21:33.350Z
2a2353,3,57,19,f,1fcaa1,2021-02-04T10:21:33.350Z
2feb6b,2,29,19,f,1fcaa1,2021-02-04T10:21:33.350Z
e83aa3,4,32,16,t,b99f56,2021-01-15T05:10:44.169Z
d5e9a6,5,23,16,t,b99f56,2021-01-15T05:10:44.169Z
72f5d4,4,19,16,t,b99f56,2021-01-15T05:10:44.169Z
2a2353,1,57,16,t,b99f56,2021-01-15T05:10:44.169Z
2feb6b,5,29,16,t,b99f56,2021-01-15T05:10:44.169Z
e83aa3,3,32,21,f,029c87,2021-01-08T23:35:54.528Z
e31d39,4,10,21,f,029c87,2021-01-08T23:35:54.528Z
72f5d4,2,19,21,f,029c87,2021-01-08T23:35:54.528Z
5d267b,2,40,21,f,029c87,2021-01-08T23:35:54.528Z
c8d436,3,10,21,f,029c87,2021-01-08T23:35:54.528Z
2a2353,4,57,21,f,029c87,2021-01-08T23:35:54.528Z
f084eb,5,36,21,f,029c87,2021-01-08T23:35:54.528Z
2feb6b,3,29,21,f,029c87,2021-01-08T23:35:54.528Z
e83aa3,2,32,1,t,3fd1f6,2021-03-08T13:53:58.992Z
e31d39,1,10,1,t,3fd1f6,2021-03-08T13:53:58.992Z
72f5d4,4,19,1,t,3fd1f6,2021-03-08T13:53:58.992Z
9ec847,5,54,1,t,3fd1f6,2021-03-08T13:53:58.992Z
5d267b,5,40,1,t,3fd1f6,2021-03-08T13:53:58.992Z
b9a74d,1,17,1,t,3fd1f6,2021-03-08T13:53:58.992Z
c4a632,1,13,11,f,39da51,2021-01-06T20:11:07.238Z
e83aa3,3,32,11,f,39da51,2021-01-06T20:11:07.238Z
e31d39,5,10,11,f,39da51,2021-01-06T20:11:07.238Z
d5e9a6,1,23,11,f,39da51,2021-01-06T20:11:07.238Z
72f5d4,2,19,11,f,39da51,2021-01-06T20:11:07.238Z
5d267b,4,40,11,f,39da51,2021-01-06T20:11:07.238Z
f084eb,1,36,11,f,39da51,2021-01-06T20:11:07.238Z
b9a74d,1,17,11,f,39da51,2021-01-06T20:11:07.238Z
c4a632,2,13,3,t,4b5b34,2021-02-06T12:10:07.910Z
d5e9a6,3,23,3,t,4b5b34,2021-02-06T12:10:07.910Z
c8d436,4,10,3,t,4b5b34,2021-02-06T12:10:07.910Z
b9a74d,5,17,3,t,4b5b34,2021-02-06T12:10:07.910Z
e83aa3,2,32,7,t,8f1e2d,2021-03-04T15:47:43.641Z
e31d39,4,10,7,t,8f1e2d,2021-03-04T15:47:43.641Z
72f5d4,1,19,7,t,8f1e2d,2021-03-04T15:47:43.641Z
9ec847,4,54,7,t,8f1e2d,2021-03-04T15:47:43.641Z
c8d436,5,10,7,t,8f1e2d,2021-03-04T15:47:43.641Z
f084eb,4,36,7,t,8f1e2d,2021-03-04T15:47:43.641Z
b9a74d,4,17,7,t,8f1e2d,2021-03-04T15:47:43.641Z
2feb6b,5,29,7,t,8f1e2d,2021-03-04T15:47:43.641Z
d5e9a6,4,23,2,t,2db8df,2021-02-10T04:52:46.675Z
5d267b,5,40,2,t,2db8df,2021-02-10T04:52:46.675Z
f084eb,4,36,2,t,2db8df,2021-02-10T04:52:46.675Z
2feb6b,4,29,2,t,2db8df,2021-02-10T04:52:46.675Z
9ec847,5,54,24,t,bf1e80,2021-02-15T09:28:38.236Z
f084eb,2,36,24,t,bf1e80,2021-02-15T09:28:38.236Z
b9a74d,4,17,24,t,bf1e80,2021-02-15T09:28:38.236Z
2feb6b,2,29,24,t,bf1e80,2021-02-15T09:28:38.236Z
d5e9a6,5,23,1,t,4e26a8,2021-02-20T20:52:52.233Z
9ec847,4,54,1,t,4e26a8,2021-02-20T20:52:52.233Z
b9a74d,3,17,1,t,4e26a8,2021-02-20T20:52:52.233Z
2feb6b,1,29,1,t,4e26a8,2021-02-20T20:52:52.233Z
e31d39,2,10,13,t,60ae31,2021-03-07T01:09:47.030Z
d5e9a6,4,23,13,t,60ae31,2021-03-07T01:09:47.030Z
9ec847,2,54,13,t,60ae31,2021-03-07T01:09:47.030Z
5d267b,5,40,13,t,60ae31,2021-03-07T01:09:47.030Z
f084eb,1,36,13,t,60ae31,2021-03-07T01:09:47.030Z
2feb6b,3,29,13,t,60ae31,2021-03-07T01:09:47.030Z
e83aa3,1,32,19,t,df2ab7,2021-02-19T11:51:26.956Z
5d267b,2,40,19,t,df2ab7,2021-02-19T11:51:26.956Z
2a2353,5,57,19,t,df2ab7,2021-02-19T11:51:26.956Z
f084eb,5,36,19,t,df2ab7,2021-02-19T11:51:26.956Z
2feb6b,2,29,19,t,df2ab7,2021-02-19T11:51:26.956Z
e83aa3,2,32,17,t,675cff,2021-01-03T06:02:34.310Z
d5e9a6,3,23,17,t,675cff,2021-01-03T06:02:34.310Z
9ec847,4,54,17,t,675cff,2021-01-03T06:02:34.310Z
5d267b,3,40,17,t,675cff,2021-01-03T06:02:34.310Z
c8d436,3,10,17,t,675cff,2021-01-03T06:02:34.310Z
2a2353,2,57,17,t,675cff,2021-01-03T06:02:34.310Z
f084eb,5,36,17,t,675cff,2021-01-03T06:02:34.310Z
e83aa3,5,32,18,f,e35449,2021-03-05T23:38:16.396Z
e31d39,3,10,18,f,e35449,2021-03-05T23:38:16.396Z
72f5d4,3,19,18,f,e35449,2021-03-05T23:38:16.396Z
9ec847,4,54,18,f,e35449,2021-03-05T23:38:16.396Z
c8d436,3,10,18,f,e35449,2021-03-05T23:38:16.396Z
f084eb,1,36,18,f,e35449,2021-03-05T23:38:16.396Z
2feb6b,5,29,18,f,e35449,2021-03-05T23:38:16.396Z
e31d39,2,10,8,t,5252cd,2021-03-17T15:25:54.595Z
d5e9a6,4,23,8,t,5252cd,2021-03-17T15:25:54.595Z
5d267b,5,40,8,t,5252cd,2021-03-17T15:25:54.595Z
b9a74d,4,17,8,t,5252cd,2021-03-17T15:25:54.595Z
2feb6b,1,29,8,t,5252cd,2021-03-17T15:25:54.595Z
c4a632,2,13,17,t,de9dfc,2021-01-24T17:04:58.828Z
72f5d4,3,19,17,t,de9dfc,2021-01-24T17:04:58.828Z
9ec847,4,54,17,t,de9dfc,2021-01-24T17:04:58.828Z
c8d436,1,10,17,t,de9dfc,2021-01-24T17:04:58.828Z
2a2353,4,57,17,t,de9dfc,2021-01-24T17:04:58.828Z
2feb6b,2,29,17,t,de9dfc,2021-01-24T17:04:58.828Z
d5e9a6,2,23,13,t,4ba7f7,2021-03-06T19:16:48.662Z
c4a632,5,13,23,t,a4e309,2021-02-25T07:57:03.456Z
72f5d4,5,19,23,t,a4e309,2021-02-25T07:57:03.456Z
c8d436,2,10,23,t,a4e309,2021-02-25T07:57:03.456Z
2a2353,4,57,23,t,a4e309,2021-02-25T07:57:03.456Z
f084eb,4,36,23,t,a4e309,2021-02-25T07:57:03.456Z
b9a74d,2,17,23,t,a4e309,2021-02-25T07:57:03.456Z
c4a632,2,13,18,f,63083c,2021-01-01T08:29:55.190Z
5d267b,3,40,18,f,63083c,2021-01-01T08:29:55.190Z
f084eb,2,36,18,f,63083c,2021-01-01T08:29:55.190Z
2feb6b,1,29,18,f,63083c,2021-01-01T08:29:55.190Z
c4a632,5,13,10,t,1829c9,2021-02-06T07:10:10.358Z
d5e9a6,1,23,10,t,1829c9,2021-02-06T07:10:10.358Z
5d267b,3,40,10,t,1829c9,2021-02-06T07:10:10.358Z
c8d436,3,10,10,t,1829c9,2021-02-06T07:10:10.358Z
f084eb,1,36,10,t,1829c9,2021-02-06T07:10:10.358Z
2feb6b,1,29,10,t,1829c9,2021-02-06T07:10:10.358Z
d5e9a6,3,23,5,f,b72fcc,2021-01-15T04:30:57.024Z
c8d436,4,10,5,f,b72fcc,2021-01-15T04:30:57.024Z
2a2353,2,57,5,f,b72fcc,2021-01-15T04:30:57.024Z
b9a74d,3,17,5,f,b72fcc,2021-01-15T04:30:57.024Z
c4a632,2,13,4,f,613a73,2021-01-10T07:34:42.960Z
e83aa3,2,32,4,f,613a73,2021-01-10T07:34:42.960Z
e31d39,2,10,4,f,613a73,2021-01-10T07:34:42.960Z
72f5d4,5,19,4,f,613a73,2021-01-10T07:34:42.960Z
2a2353,2,57,4,f,613a73,2021-01-10T07:34:42.960Z
2feb6b,1,29,4,f,613a73,2021-01-10T07:34:42.960Z
e83aa3,3,32,4,t,71b1a2,2021-02-10T22:48:05.875Z
d5e9a6,3,23,4,t,71b1a2,2021-02-10T22:48:05.875Z
5d267b,4,40,4,t,71b1a2,2021-02-10T22:48:05.875Z
c8d436,2,10,4,t,71b1a2,2021-02-10T22:48:05.875Z
2a2353,2,57,4,t,71b1a2,2021-02-10T22:48:05.875Z
d5e9a6,5,23,22,t,b3e0d5,2021-02-16T09:03:39.628Z
72f5d4,3,19,22,t,b3e0d5,2021-02-16T09:03:39.628Z
5d267b,1,40,22,t,b3e0d5,2021-02-16T09:03:39.628Z
c8d436,3,10,22,t,b3e0d5,2021-02-16T09:03:39.628Z
f084eb,5,36,22,t,b3e0d5,2021-02-16T09:03:39.628Z
c4a632,1,13,4,t,69dd18,2021-01-26T00:28:09.724Z
e83aa3,1,32,4,t,69dd18,2021-01-26T00:28:09.724Z
e31d39,5,10,4,t,69dd18,2021-01-26T00:28:09.724Z
72f5d4,5,19,4,t,69dd18,2021-01-26T00:28:09.724Z
c8d436,4,10,4,t,69dd18,2021-01-26T00:28:09.724Z
f084eb,5,36,4,t,69dd18,2021-01-26T00:28:09.724Z
2feb6b,4,29,4,t,69dd18,2021-01-26T00:28:09.724Z
e83aa3,3,32,6,f,0a7457,2021-01-01T20:41:11.356Z
d5e9a6,2,23,6,f,0a7457,2021-01-01T20:41:11.356Z
72f5d4,3,19,6,f,0a7457,2021-01-01T20:41:11.356Z
9ec847,2,54,6,f,0a7457,2021-01-01T20:41:11.356Z
c8d436,4,10,6,f,0a7457,2021-01-01T20:41:11.356Z
2a2353,1,57,6,f,0a7457,2021-01-01T20:41:11.356Z
f084eb,3,36,6,f,0a7457,2021-01-01T20:41:11.356Z
b9a74d,2,17,6,f,0a7457,2021-01-01T20:41:11.356Z
2feb6b,5,29,6,f,0a7457,2021-01-01T20:41:11.356Z
c4a632,1,13,10,f,9bb6e4,2021-01-08T18:21:14.400Z
9ec847,1,54,10,f,9bb6e4,2021-01-08T18:21:14.400Z
c8d436,1,10,10,f,9bb6e4,2021-01-08T18:21:14.400Z
2a2353,5,57,10,f,9bb6e4,2021-01-08T18:21:14.400Z
2feb6b,1,29,10,f,9bb6e4,2021-01-08T18:21:14.400Z
5d267b,3,40,7,t,f4eab9,2021-01-13T15:15:54.979Z
c8d436,1,10,7,t,f4eab9,2021-01-13T15:15:54.979Z
b9a74d,4,17,7,t,f4eab9,2021-01-13T15:15:54.979Z
c4a632,1,13,8,t,57bb4e,2021-02-27T03:03:40.924Z
e31d39,2,10,8,t,57bb4e,2021-02-27T03:03:40.924Z
d5e9a6,1,23,8,t,57bb4e,2021-02-27T03:03:40.924Z
72f5d4,3,19,8,t,57bb4e,2021-02-27T03:03:40.924Z
5d267b,1,40,8,t,57bb4e,2021-02-27T03:03:40.924Z
c8d436,1,10,8,t,57bb4e,2021-02-27T03:03:40.924Z
f084eb,5,36,8,t,57bb4e,2021-02-27T03:03:40.924Z
b9a74d,2,17,8,t,57bb4e,2021-02-27T03:03:40.924Z
2feb6b,3,29,8,t,57bb4e,2021-02-27T03:03:40.924Z
e31d39,3,10,14,t,dbd03a,2021-01-29T22:05:12.710Z
72f5d4,1,19,14,t,dbd03a,2021-01-29T22:05:12.710Z
b9a74d,4,17,14,t,dbd03a,2021-01-29T22:05:12.710Z
2feb6b,3,29,14,t,dbd03a,2021-01-29T22:05:12.710Z
e83aa3,5,32,12,f,b8bc84,2021-01-11T07:17:43.440Z
e31d39,3,10,12,f,b8bc84,2021-01-11T07:17:43.440Z
c8d436,2,10,12,f,b8bc84,2021-01-11T07:17:43.440Z
f084eb,2,36,12,f,b8bc84,2021-01-11T07:17:43.440Z
2feb6b,4,29,12,f,b8bc84,2021-01-11T07:17:43.440Z
e83aa3,5,32,7,t,6ec3d2,2021-03-02T18:59:17.606Z
e31d39,1,10,7,t,6ec3d2,2021-03-02T18:59:17.606Z
d5e9a6,3,23,7,t,6ec3d2,2021-03-02T18:59:17.606Z
72f5d4,1,19,7,t,6ec3d2,2021-03-02T18:59:17.606Z
9ec847,1,54,7,t,6ec3d2,2021-03-02T18:59:17.606Z
f084eb,1,36,7,t,6ec3d2,2021-03-02T18:59:17.606Z
b9a74d,3,17,7,t,6ec3d2,2021-03-02T18:59:17.606Z
e83aa3,5,32,22,t,f478d4,2021-03-02T12:27:59.356Z
d5e9a6,1,23,22,t,f478d4,2021-03-02T12:27:59.356Z
72f5d4,5,19,22,t,f478d4,2021-03-02T12:27:59.356Z
9ec847,5,54,22,t,f478d4,2021-03-02T12:27:59.356Z
2a2353,3,57,22,t,f478d4,2021-03-02T12:27:59.356Z
f084eb,2,36,22,t,f478d4,2021-03-02T12:27:59.356Z
2feb6b,5,29,22,t,f478d4,2021-03-02T12:27:59.356Z
c4a632,1,13,20,t,6d73fd,2021-03-14T18:30:18.460Z
5d267b,3,40,20,t,6d73fd,2021-03-14T18:30:18.460Z
c8d436,2,10,20,t,6d73fd,2021-03-14T18:30:18.460Z
f084eb,5,36,20,t,6d73fd,2021-03-14T18:30:18.460Z
b9a74d,3,17,20,t,6d73fd,2021-03-14T18:30:18.460Z
c4a632,2,13,24,t,6.00E+72,2021-01-05T22:36:51.955Z
e83aa3,3,32,24,t,6.00E+72,2021-01-05T22:36:51.955Z
e31d39,1,10,24,t,6.00E+72,2021-01-05T22:36:51.955Z
72f5d4,4,19,24,t,6.00E+72,2021-01-05T22:36:51.955Z
e83aa3,5,32,13,f,10c242,2021-01-02T09:45:13.910Z
72f5d4,2,19,13,f,10c242,2021-01-02T09:45:13.910Z
f084eb,5,36,13,f,10c242,2021-01-02T09:45:13.910Z
b9a74d,2,17,13,f,10c242,2021-01-02T09:45:13.910Z
9ec847,1,54,19,t,40021e,2021-01-22T11:34:17.068Z
c8d436,3,10,19,t,40021e,2021-01-22T11:34:17.068Z
2a2353,2,57,19,t,40021e,2021-01-22T11:34:17.068Z
f084eb,5,36,19,t,40021e,2021-01-22T11:34:17.068Z
c4a632,2,13,14,t,70a268,2021-02-21T03:47:52.800Z
c4a632,4,13,3,t,e2a11e,2021-02-25T06:24:24.307Z
e31d39,2,10,3,t,e2a11e,2021-02-25T06:24:24.307Z
d5e9a6,1,23,3,t,e2a11e,2021-02-25T06:24:24.307Z
5d267b,1,40,3,t,e2a11e,2021-02-25T06:24:24.307Z
2a2353,1,57,3,t,e2a11e,2021-02-25T06:24:24.307Z
f084eb,5,36,3,t,e2a11e,2021-02-25T06:24:24.307Z
2feb6b,3,29,3,t,e2a11e,2021-02-25T06:24:24.307Z
d5e9a6,3,23,6,f,d27342,2021-01-21T13:47:04.876Z
72f5d4,5,19,6,f,d27342,2021-01-21T13:47:04.876Z
9ec847,5,54,6,f,d27342,2021-01-21T13:47:04.876Z
5d267b,3,40,6,f,d27342,2021-01-21T13:47:04.876Z
f084eb,1,36,6,f,d27342,2021-01-21T13:47:04.876Z
b9a74d,5,17,6,f,d27342,2021-01-21T13:47:04.876Z
2feb6b,2,29,6,f,d27342,2021-01-21T13:47:04.876Z
c4a632,5,13,23,t,520ed0,2021-02-18T11:05:29.241Z
e83aa3,4,32,23,t,520ed0,2021-02-18T11:05:29.241Z
e31d39,4,10,23,t,520ed0,2021-02-18T11:05:29.241Z
d5e9a6,2,23,23,t,520ed0,2021-02-18T11:05:29.241Z
5d267b,1,40,23,t,520ed0,2021-02-18T11:05:29.241Z
2a2353,2,57,23,t,520ed0,2021-02-18T11:05:29.241Z
c4a632,2,13,2,t,c1ac07,2021-03-28T00:54:03.628Z
e83aa3,5,32,2,t,c1ac07,2021-03-28T00:54:03.628Z
d5e9a6,5,23,2,t,c1ac07,2021-03-28T00:54:03.628Z
5d267b,2,40,2,t,c1ac07,2021-03-28T00:54:03.628Z
f084eb,5,36,2,t,c1ac07,2021-03-28T00:54:03.628Z
2feb6b,4,29,2,t,c1ac07,2021-03-28T00:54:03.628Z
c4a632,4,13,13,t,306550,2021-01-04T04:15:06.364Z
d5e9a6,5,23,13,t,306550,2021-01-04T04:15:06.364Z
9ec847,4,54,13,t,306550,2021-01-04T04:15:06.364Z
2feb6b,4,29,13,t,306550,2021-01-04T04:15:06.364Z
e83aa3,1,32,10,f,165ab5,2021-03-19T12:02:26.188Z
d5e9a6,4,23,10,f,165ab5,2021-03-19T12:02:26.188Z
72f5d4,5,19,10,f,165ab5,2021-03-19T12:02:26.188Z
9ec847,2,54,10,f,165ab5,2021-03-19T12:02:26.188Z
2a2353,4,57,10,f,165ab5,2021-03-19T12:02:26.188Z
f084eb,3,36,10,f,165ab5,2021-03-19T12:02:26.188Z
b9a74d,1,17,10,f,165ab5,2021-03-19T12:02:26.188Z
c4a632,5,13,15,f,7b3099,2021-02-09T16:23:01.392Z
e83aa3,4,32,15,f,7b3099,2021-02-09T16:23:01.392Z
d5e9a6,1,23,15,f,7b3099,2021-02-09T16:23:01.392Z
2a2353,1,57,15,f,7b3099,2021-02-09T16:23:01.392Z
f084eb,1,36,15,f,7b3099,2021-02-09T16:23:01.392Z
e83aa3,1,32,3,f,e89ef6,2021-02-28T04:17:00.240Z
e31d39,3,10,3,f,e89ef6,2021-02-28T04:17:00.240Z
d5e9a6,1,23,3,f,e89ef6,2021-02-28T04:17:00.240Z
c8d436,5,10,3,f,e89ef6,2021-02-28T04:17:00.240Z
2a2353,3,57,3,f,e89ef6,2021-02-28T04:17:00.240Z
b9a74d,5,17,3,f,e89ef6,2021-02-28T04:17:00.240Z
5d267b,3,40,21,t,5cdda7,2021-01-26T02:45:58.896Z
2a2353,2,57,21,t,5cdda7,2021-01-26T02:45:58.896Z
b9a74d,3,17,21,t,5cdda7,2021-01-26T02:45:58.896Z
2feb6b,2,29,21,t,5cdda7,2021-01-26T02:45:58.896Z
c4a632,5,13,16,f,07245b,2021-01-23T21:07:57.878Z
e83aa3,5,32,16,f,07245b,2021-01-23T21:07:57.878Z
72f5d4,1,19,16,f,07245b,2021-01-23T21:07:57.878Z
5d267b,5,40,16,f,07245b,2021-01-23T21:07:57.878Z
c8d436,2,10,16,f,07245b,2021-01-23T21:07:57.878Z
f084eb,4,36,16,f,07245b,2021-01-23T21:07:57.878Z
2feb6b,4,29,16,f,07245b,2021-01-23T21:07:57.878Z
e31d39,5,10,4,t,1f4e16,2021-03-15T16:15:16.905Z
d5e9a6,1,23,4,t,1f4e16,2021-03-15T16:15:16.905Z
72f5d4,3,19,4,t,1f4e16,2021-03-15T16:15:16.905Z
9ec847,5,54,4,t,1f4e16,2021-03-15T16:15:16.905Z
5d267b,2,40,4,t,1f4e16,2021-03-15T16:15:16.905Z
c8d436,4,10,4,t,1f4e16,2021-03-15T16:15:16.905Z
2a2353,4,57,4,t,1f4e16,2021-03-15T16:15:16.905Z
c4a632,3,13,16,f,aba914,2021-01-10T08:04:09.753Z
e83aa3,1,32,16,f,aba914,2021-01-10T08:04:09.753Z
d5e9a6,4,23,16,f,aba914,2021-01-10T08:04:09.753Z
2feb6b,5,29,16,f,aba914,2021-01-10T08:04:09.753Z
c4a632,5,13,12,t,26b50e,2021-03-04T08:07:07.564Z
e83aa3,2,32,12,t,26b50e,2021-03-04T08:07:07.564Z
d5e9a6,3,23,12,t,26b50e,2021-03-04T08:07:07.564Z
9ec847,5,54,12,t,26b50e,2021-03-04T08:07:07.564Z
c8d436,5,10,12,t,26b50e,2021-03-04T08:07:07.564Z
5d267b,1,40,18,t,151385,2021-02-10T13:33:53.020Z
c4a632,3,13,7,f,3723a3,2021-01-05T10:06:14.486Z
e83aa3,4,32,7,f,3723a3,2021-01-05T10:06:14.486Z
e31d39,2,10,7,f,3723a3,2021-01-05T10:06:14.486Z
d5e9a6,3,23,7,f,3723a3,2021-01-05T10:06:14.486Z
72f5d4,2,19,7,f,3723a3,2021-01-05T10:06:14.486Z
9ec847,2,54,7,f,3723a3,2021-01-05T10:06:14.486Z
b9a74d,1,17,7,f,3723a3,2021-01-05T10:06:14.486Z
2feb6b,2,29,7,f,3723a3,2021-01-05T10:06:14.486Z
c4a632,2,13,5,f,96d634,2021-03-17T04:52:58.166Z
72f5d4,4,19,5,f,96d634,2021-03-17T04:52:58.166Z
5d267b,3,40,5,f,96d634,2021-03-17T04:52:58.166Z
c8d436,1,10,5,f,96d634,2021-03-17T04:52:58.166Z
2a2353,3,57,5,f,96d634,2021-03-17T04:52:58.166Z
f084eb,5,36,5,f,96d634,2021-03-17T04:52:58.166Z
2feb6b,5,29,5,f,96d634,2021-03-17T04:52:58.166Z
c4a632,3,13,6,t,49d7c0,2021-01-30T08:30:14.630Z
e83aa3,5,32,6,t,49d7c0,2021-01-30T08:30:14.630Z
e31d39,2,10,6,t,49d7c0,2021-01-30T08:30:14.630Z
d5e9a6,4,23,6,t,49d7c0,2021-01-30T08:30:14.630Z
72f5d4,1,19,6,t,49d7c0,2021-01-30T08:30:14.630Z
9ec847,3,54,6,t,49d7c0,2021-01-30T08:30:14.630Z
c8d436,5,10,6,t,49d7c0,2021-01-30T08:30:14.630Z
b9a74d,2,17,6,t,49d7c0,2021-01-30T08:30:14.630Z
2feb6b,3,29,6,t,49d7c0,2021-01-30T08:30:14.630Z
e31d39,4,10,13,f,131093,2021-02-21T22:40:39.532Z
d5e9a6,3,23,13,f,131093,2021-02-21T22:40:39.532Z
72f5d4,1,19,13,f,131093,2021-02-21T22:40:39.532Z
2a2353,1,57,13,f,131093,2021-02-21T22:40:39.532Z
b9a74d,1,17,13,f,131093,2021-02-21T22:40:39.532Z
c4a632,5,13,5,f,42d396,2021-03-13T13:00:33.379Z
e31d39,1,10,5,f,42d396,2021-03-13T13:00:33.379Z
9ec847,5,54,5,f,42d396,2021-03-13T13:00:33.379Z
b9a74d,3,17,5,f,42d396,2021-03-13T13:00:33.379Z
e31d39,1,10,24,t,a6f7cf,2021-02-22T05:58:50.448Z
2feb6b,2,29,24,t,a6f7cf,2021-02-22T05:58:50.448Z
e31d39,3,10,5,t,d4abdc,2021-03-02T19:10:35.500Z
d5e9a6,4,23,5,t,d4abdc,2021-03-02T19:10:35.500Z
72f5d4,5,19,5,t,d4abdc,2021-03-02T19:10:35.500Z
5d267b,2,40,5,t,d4abdc,2021-03-02T19:10:35.500Z
c8d436,1,10,5,t,d4abdc,2021-03-02T19:10:35.500Z
f084eb,5,36,5,t,d4abdc,2021-03-02T19:10:35.500Z
2feb6b,4,29,5,t,d4abdc,2021-03-02T19:10:35.500Z
c4a632,5,13,2,f,baef28,2021-02-02T05:05:44.880Z
e31d39,2,10,2,f,baef28,2021-02-02T05:05:44.880Z
d5e9a6,2,23,2,f,baef28,2021-02-02T05:05:44.880Z
5d267b,2,40,2,f,baef28,2021-02-02T05:05:44.880Z
c8d436,3,10,2,f,baef28,2021-02-02T05:05:44.880Z
c4a632,3,13,11,f,a289dd,2021-03-18T22:05:43.468Z
e83aa3,2,32,11,f,a289dd,2021-03-18T22:05:43.468Z
9ec847,5,54,11,f,a289dd,2021-03-18T22:05:43.468Z
c8d436,1,10,11,f,a289dd,2021-03-18T22:05:43.468Z
2feb6b,1,29,11,f,a289dd,2021-03-18T22:05:43.468Z
e83aa3,4,32,7,t,3b20f4,2021-03-01T19:38:11.356Z
d5e9a6,5,23,7,t,3b20f4,2021-03-01T19:38:11.356Z
9ec847,2,54,7,t,3b20f4,2021-03-01T19:38:11.356Z
5d267b,4,40,7,t,3b20f4,2021-03-01T19:38:11.356Z
2a2353,5,57,7,t,3b20f4,2021-03-01T19:38:11.356Z
f084eb,3,36,7,t,3b20f4,2021-03-01T19:38:11.356Z
c4a632,3,13,9,t,61a17a,2021-01-11T18:45:59.961Z
e31d39,4,10,9,t,61a17a,2021-01-11T18:45:59.961Z
72f5d4,2,19,9,t,61a17a,2021-01-11T18:45:59.961Z
9ec847,2,54,9,t,61a17a,2021-01-11T18:45:59.961Z
5d267b,5,40,9,t,61a17a,2021-01-11T18:45:59.961Z
2a2353,2,57,9,t,61a17a,2021-01-11T18:45:59.961Z
c4a632,5,13,21,t,27f0f7,2021-03-05T03:57:19.065Z
d5e9a6,5,23,21,t,27f0f7,2021-03-05T03:57:19.065Z
9ec847,2,54,21,t,27f0f7,2021-03-05T03:57:19.065Z
5d267b,4,40,21,t,27f0f7,2021-03-05T03:57:19.065Z
2feb6b,3,29,21,t,27f0f7,2021-03-05T03:57:19.065Z
c4a632,4,13,4,t,ba53f9,2021-02-08T19:52:50.476Z
c8d436,4,10,4,t,ba53f9,2021-02-08T19:52:50.476Z
f084eb,5,36,4,t,ba53f9,2021-02-08T19:52:50.476Z
b9a74d,5,17,4,t,ba53f9,2021-02-08T19:52:50.476Z
2feb6b,4,29,4,t,ba53f9,2021-02-08T19:52:50.476Z
c4a632,4,13,2,t,fbe10e,2021-03-01T22:00:12.297Z
5d267b,5,40,2,t,fbe10e,2021-03-01T22:00:12.297Z
c8d436,4,10,2,t,fbe10e,2021-03-01T22:00:12.297Z
f084eb,4,36,2,t,fbe10e,2021-03-01T22:00:12.297Z
b9a74d,3,17,2,t,fbe10e,2021-03-01T22:00:12.297Z
2feb6b,4,29,2,t,fbe10e,2021-03-01T22:00:12.297Z
e31d39,5,10,8,t,8cdab4,2021-01-23T01:48:20.476Z
72f5d4,5,19,8,t,8cdab4,2021-01-23T01:48:20.476Z
5d267b,1,40,8,t,8cdab4,2021-01-23T01:48:20.476Z
f084eb,5,36,8,t,8cdab4,2021-01-23T01:48:20.476Z
b9a74d,4,17,8,t,8cdab4,2021-01-23T01:48:20.476Z
c4a632,5,13,16,t,ad5b19,2021-03-02T12:11:02.774Z
e83aa3,1,32,16,t,ad5b19,2021-03-02T12:11:02.774Z
e31d39,1,10,16,t,ad5b19,2021-03-02T12:11:02.774Z
d5e9a6,2,23,16,t,ad5b19,2021-03-02T12:11:02.774Z
72f5d4,2,19,16,t,ad5b19,2021-03-02T12:11:02.774Z
c8d436,3,10,16,t,ad5b19,2021-03-02T12:11:02.774Z
2a2353,4,57,16,t,ad5b19,2021-03-02T12:11:02.774Z
b9a74d,5,17,16,t,ad5b19,2021-03-02T12:11:02.774Z
2feb6b,1,29,16,t,ad5b19,2021-03-02T12:11:02.774Z
e83aa3,2,32,10,t,ed8e3c,2021-03-24T05:55:47.107Z
72f5d4,3,19,10,t,ed8e3c,2021-03-24T05:55:47.107Z
5d267b,1,40,10,t,ed8e3c,2021-03-24T05:55:47.107Z
2a2353,1,57,10,t,ed8e3c,2021-03-24T05:55:47.107Z
f084eb,4,36,10,t,ed8e3c,2021-03-24T05:55:47.107Z
2feb6b,3,29,10,t,ed8e3c,2021-03-24T05:55:47.107Z
c4a632,5,13,5,t,d10290,2021-02-03T20:48:40.291Z
e31d39,1,10,5,t,d10290,2021-02-03T20:48:40.291Z
d5e9a6,1,23,5,t,d10290,2021-02-03T20:48:40.291Z
9ec847,5,54,5,t,d10290,2021-02-03T20:48:40.291Z
c8d436,5,10,5,t,d10290,2021-02-03T20:48:40.291Z
c4a632,1,13,19,t,8446a9,2021-01-19T02:17:45.110Z
e83aa3,2,32,19,t,8446a9,2021-01-19T02:17:45.110Z
d5e9a6,4,23,19,t,8446a9,2021-01-19T02:17:45.110Z
9ec847,4,54,19,t,8446a9,2021-01-19T02:17:45.110Z
2a2353,2,57,19,t,8446a9,2021-01-19T02:17:45.110Z
b9a74d,5,17,19,t,8446a9,2021-01-19T02:17:45.110Z
e83aa3,4,32,23,f,d749c2,2021-03-19T18:58:19.372Z
5d267b,3,40,23,f,d749c2,2021-03-19T18:58:19.372Z
c8d436,5,10,23,f,d749c2,2021-03-19T18:58:19.372Z
2a2353,3,57,23,f,d749c2,2021-03-19T18:58:19.372Z
f084eb,4,36,23,f,d749c2,2021-03-19T18:58:19.372Z
2feb6b,4,29,23,f,d749c2,2021-03-19T18:58:19.372Z
c4a632,5,13,22,t,fb5ce8,2021-01-21T15:31:04.684Z
e83aa3,2,32,22,t,fb5ce8,2021-01-21T15:31:04.684Z
d5e9a6,4,23,22,t,fb5ce8,2021-01-21T15:31:04.684Z
72f5d4,4,19,22,t,fb5ce8,2021-01-21T15:31:04.684Z
9ec847,5,54,22,t,fb5ce8,2021-01-21T15:31:04.684Z
2a2353,3,57,22,t,fb5ce8,2021-01-21T15:31:04.684Z
f084eb,1,36,22,t,fb5ce8,2021-01-21T15:31:04.684Z
2feb6b,5,29,22,t,fb5ce8,2021-01-21T15:31:04.684Z
72f5d4,5,19,6,t,5c4d91,2021-03-03T08:48:44.524Z
9ec847,1,54,6,t,5c4d91,2021-03-03T08:48:44.524Z
c8d436,2,10,6,t,5c4d91,2021-03-03T08:48:44.524Z
f084eb,2,36,6,t,5c4d91,2021-03-03T08:48:44.524Z
e83aa3,4,32,15,t,3ab983,2021-02-19T20:24:54.086Z
e31d39,3,10,15,t,3ab983,2021-02-19T20:24:54.086Z
d5e9a6,2,23,15,t,3ab983,2021-02-19T20:24:54.086Z
9ec847,4,54,15,t,3ab983,2021-02-19T20:24:54.086Z
c8d436,3,10,15,t,3ab983,2021-02-19T20:24:54.086Z
b9a74d,2,17,15,t,3ab983,2021-02-19T20:24:54.086Z
e83aa3,4,32,20,f,0053d3,2021-01-03T18:56:05.193Z
5d267b,2,40,20,f,0053d3,2021-01-03T18:56:05.193Z
c8d436,4,10,20,f,0053d3,2021-01-03T18:56:05.193Z
2a2353,3,57,20,f,0053d3,2021-01-03T18:56:05.193Z
b9a74d,4,17,20,f,0053d3,2021-01-03T18:56:05.193Z
e31d39,3,10,16,f,20a0fb,2021-02-08T20:52:30.547Z
72f5d4,2,19,16,f,20a0fb,2021-02-08T20:52:30.547Z
2a2353,1,57,16,f,20a0fb,2021-02-08T20:52:30.547Z
f084eb,1,36,16,f,20a0fb,2021-02-08T20:52:30.547Z
b9a74d,5,17,16,f,20a0fb,2021-02-08T20:52:30.547Z
2feb6b,5,29,16,f,20a0fb,2021-02-08T20:52:30.547Z
e83aa3,3,32,8,t,68dffd,2021-01-29T17:05:42.806Z
e31d39,4,10,8,t,68dffd,2021-01-29T17:05:42.806Z
b9a74d,4,17,8,t,68dffd,2021-01-29T17:05:42.806Z
e31d39,5,10,1,f,fe0f56,2021-01-21T02:17:34.828Z
9ec847,3,54,1,f,fe0f56,2021-01-21T02:17:34.828Z
5d267b,2,40,1,f,fe0f56,2021-01-21T02:17:34.828Z
c8d436,1,10,1,f,fe0f56,2021-01-21T02:17:34.828Z
2a2353,3,57,1,f,fe0f56,2021-01-21T02:17:34.828Z
b9a74d,3,17,1,f,fe0f56,2021-01-21T02:17:34.828Z
c4a632,3,13,0,t,6579fb,2021-02-24T11:38:01.622Z
e31d39,4,10,9,t,56f0c9,2021-03-07T19:06:20.620Z
9ec847,2,54,9,t,56f0c9,2021-03-07T19:06:20.620Z
2a2353,4,57,9,t,56f0c9,2021-03-07T19:06:20.620Z
f084eb,1,36,9,t,56f0c9,2021-03-07T19:06:20.620Z
2feb6b,4,29,9,t,56f0c9,2021-03-07T19:06:20.620Z
c4a632,1,13,4,t,4f5303,2021-03-04T03:16:48.115Z
d5e9a6,3,23,4,t,4f5303,2021-03-04T03:16:48.115Z
5d267b,4,40,4,t,4f5303,2021-03-04T03:16:48.115Z
f084eb,5,36,4,t,4f5303,2021-03-04T03:16:48.115Z
c4a632,1,13,23,t,bf755f,2021-02-02T17:44:27.744Z
d5e9a6,5,23,23,t,bf755f,2021-02-02T17:44:27.744Z
9ec847,5,54,23,t,bf755f,2021-02-02T17:44:27.744Z
f084eb,1,36,23,t,bf755f,2021-02-02T17:44:27.744Z
b9a74d,1,17,23,t,bf755f,2021-02-02T17:44:27.744Z
e31d39,4,10,17,t,4755cb,2021-01-18T15:30:13.104Z
d5e9a6,3,23,17,t,4755cb,2021-01-18T15:30:13.104Z
72f5d4,2,19,17,t,4755cb,2021-01-18T15:30:13.104Z
5d267b,3,40,17,t,4755cb,2021-01-18T15:30:13.104Z
c8d436,2,10,17,t,4755cb,2021-01-18T15:30:13.104Z
f084eb,2,36,17,t,4755cb,2021-01-18T15:30:13.104Z
b9a74d,3,17,17,t,4755cb,2021-01-18T15:30:13.104Z
2feb6b,4,29,17,t,4755cb,2021-01-18T15:30:13.104Z
e83aa3,3,32,6,f,ddd4f7,2021-02-06T16:45:31.219Z
c8d436,2,10,6,f,ddd4f7,2021-02-06T16:45:31.219Z
f084eb,5,36,6,f,ddd4f7,2021-02-06T16:45:31.219Z
b9a74d,1,17,6,f,ddd4f7,2021-02-06T16:45:31.219Z
c4a632,5,13,13,t,80be37,2021-03-21T17:06:35.337Z
d5e9a6,1,23,13,t,80be37,2021-03-21T17:06:35.337Z
72f5d4,1,19,13,t,80be37,2021-03-21T17:06:35.337Z
9ec847,2,54,13,t,80be37,2021-03-21T17:06:35.337Z
5d267b,3,40,13,t,80be37,2021-03-21T17:06:35.337Z
c8d436,3,10,13,t,80be37,2021-03-21T17:06:35.337Z
2a2353,4,57,13,t,80be37,2021-03-21T17:06:35.337Z
f084eb,4,36,13,t,80be37,2021-03-21T17:06:35.337Z
b9a74d,5,17,13,t,80be37,2021-03-21T17:06:35.337Z
2feb6b,2,29,13,t,80be37,2021-03-21T17:06:35.337Z
e83aa3,2,32,19,t,b2527c,2021-02-10T18:09:19.872Z
e31d39,4,10,19,t,b2527c,2021-02-10T18:09:19.872Z
d5e9a6,4,23,19,t,b2527c,2021-02-10T18:09:19.872Z
72f5d4,3,19,19,t,b2527c,2021-02-10T18:09:19.872Z
9ec847,2,54,19,t,b2527c,2021-02-10T18:09:19.872Z
c8d436,3,10,19,t,b2527c,2021-02-10T18:09:19.872Z
2a2353,5,57,19,t,b2527c,2021-02-10T18:09:19.872Z
2feb6b,5,29,19,t,b2527c,2021-02-10T18:09:19.872Z
e31d39,4,10,7,f,75b344,2021-01-26T04:10:29.884Z
72f5d4,5,19,7,f,75b344,2021-01-26T04:10:29.884Z
2feb6b,4,29,7,f,75b344,2021-01-26T04:10:29.884Z
d5e9a6,4,23,18,t,c9fd33,2021-02-06T23:55:47.625Z
b9a74d,5,17,18,t,c9fd33,2021-02-06T23:55:47.625Z
c4a632,3,13,22,f,9f668e,2021-03-30T17:34:09.724Z
d5e9a6,5,23,22,f,9f668e,2021-03-30T17:34:09.724Z
5d267b,1,40,22,f,9f668e,2021-03-30T17:34:09.724Z
c8d436,5,10,22,f,9f668e,2021-03-30T17:34:09.724Z
f084eb,2,36,22,f,9f668e,2021-03-30T17:34:09.724Z
b9a74d,3,17,22,f,9f668e,2021-03-30T17:34:09.724Z
d5e9a6,4,23,9,t,7917c8,2021-01-18T19:22:52.838Z
9ec847,5,54,9,t,7917c8,2021-01-18T19:22:52.838Z
5d267b,3,40,9,t,7917c8,2021-01-18T19:22:52.838Z
2a2353,4,57,9,t,7917c8,2021-01-18T19:22:52.838Z
b9a74d,4,17,9,t,7917c8,2021-01-18T19:22:52.838Z
2feb6b,1,29,9,t,7917c8,2021-01-18T19:22:52.838Z
c4a632,2,13,7,t,c01aa7,2021-01-05T05:22:12.604Z
e83aa3,3,32,7,t,c01aa7,2021-01-05T05:22:12.604Z
e31d39,2,10,7,t,c01aa7,2021-01-05T05:22:12.604Z
9ec847,5,54,7,t,c01aa7,2021-01-05T05:22:12.604Z
5d267b,4,40,7,t,c01aa7,2021-01-05T05:22:12.604Z
c8d436,5,10,7,t,c01aa7,2021-01-05T05:22:12.604Z
f084eb,3,36,7,t,c01aa7,2021-01-05T05:22:12.604Z
b9a74d,5,17,7,t,c01aa7,2021-01-05T05:22:12.604Z
2feb6b,3,29,7,t,c01aa7,2021-01-05T05:22:12.604Z
c4a632,1,13,10,t,5e4644,2021-01-19T20:56:28.492Z
e31d39,1,10,10,t,5e4644,2021-01-19T20:56:28.492Z
d5e9a6,3,23,10,t,5e4644,2021-01-19T20:56:28.492Z
72f5d4,4,19,10,t,5e4644,2021-01-19T20:56:28.492Z
9ec847,2,54,10,t,5e4644,2021-01-19T20:56:28.492Z
e83aa3,4,32,18,f,80e9aa,2021-01-26T00:19:22.944Z
c8d436,5,10,18,f,80e9aa,2021-01-26T00:19:22.944Z
2a2353,2,57,18,f,80e9aa,2021-01-26T00:19:22.944Z
f084eb,1,36,18,f,80e9aa,2021-01-26T00:19:22.944Z
e31d39,1,10,1,f,46a27f,2021-02-23T01:03:25.920Z
72f5d4,5,19,1,f,46a27f,2021-02-23T01:03:25.920Z
b9a74d,5,17,1,f,46a27f,2021-02-23T01:03:25.920Z
2feb6b,1,29,1,f,46a27f,2021-02-23T01:03:25.920Z
e83aa3,4,32,14,t,dc83f1,2021-03-16T11:39:50.313Z
d5e9a6,2,23,14,t,dc83f1,2021-03-16T11:39:50.313Z
72f5d4,2,19,14,t,dc83f1,2021-03-16T11:39:50.313Z
9ec847,3,54,14,t,dc83f1,2021-03-16T11:39:50.313Z
c8d436,2,10,14,t,dc83f1,2021-03-16T11:39:50.313Z
2a2353,3,57,14,t,dc83f1,2021-03-16T11:39:50.313Z
f084eb,3,36,14,t,dc83f1,2021-03-16T11:39:50.313Z
c4a632,3,13,16,f,7d3e51,2021-02-03T14:59:41.683Z
e31d39,4,10,16,f,7d3e51,2021-02-03T14:59:41.683Z
72f5d4,2,19,16,f,7d3e51,2021-02-03T14:59:41.683Z
f084eb,5,36,16,f,7d3e51,2021-02-03T14:59:41.683Z
2feb6b,2,29,16,f,7d3e51,2021-02-03T14:59:41.683Z
c4a632,1,13,10,t,429847,2021-03-25T22:01:58.483Z
e31d39,4,10,10,t,429847,2021-03-25T22:01:58.483Z
d5e9a6,4,23,10,t,429847,2021-03-25T22:01:58.483Z
9ec847,3,54,10,t,429847,2021-03-25T22:01:58.483Z
5d267b,3,40,10,t,429847,2021-03-25T22:01:58.483Z
f084eb,2,36,10,t,429847,2021-03-25T22:01:58.483Z
b9a74d,5,17,10,t,429847,2021-03-25T22:01:58.483Z
2feb6b,3,29,10,t,429847,2021-03-25T22:01:58.483Z
c4a632,3,13,14,f,f032ae,2021-02-17T19:26:17.174Z
d5e9a6,3,23,14,f,f032ae,2021-02-17T19:26:17.174Z
9ec847,5,54,14,f,f032ae,2021-02-17T19:26:17.174Z
5d267b,2,40,14,f,f032ae,2021-02-17T19:26:17.174Z
c8d436,5,10,14,f,f032ae,2021-02-17T19:26:17.174Z
2a2353,2,57,14,f,f032ae,2021-02-17T19:26:17.174Z
b9a74d,3,17,14,f,f032ae,2021-02-17T19:26:17.174Z
2feb6b,1,29,14,f,f032ae,2021-02-17T19:26:17.174Z
c4a632,1,13,9,f,38af06,2021-03-28T05:25:18.278Z
e83aa3,4,32,9,f,38af06,2021-03-28T05:25:18.278Z
e31d39,3,10,9,f,38af06,2021-03-28T05:25:18.278Z
d5e9a6,1,23,9,f,38af06,2021-03-28T05:25:18.278Z
5d267b,3,40,9,f,38af06,2021-03-28T05:25:18.278Z
2a2353,1,57,9,f,38af06,2021-03-28T05:25:18.278Z
f084eb,1,36,9,f,38af06,2021-03-28T05:25:18.278Z
b9a74d,3,17,9,f,38af06,2021-03-28T05:25:18.278Z
c4a632,3,13,17,f,313786,2021-01-07T08:47:48.796Z
72f5d4,5,19,17,f,313786,2021-01-07T08:47:48.796Z
9ec847,1,54,17,f,313786,2021-01-07T08:47:48.796Z
2a2353,4,57,17,f,313786,2021-01-07T08:47:48.796Z
b9a74d,3,17,17,f,313786,2021-01-07T08:47:48.796Z
c4a632,3,13,24,t,93c14a,2021-02-25T07:46:57.532Z
e83aa3,4,32,24,t,93c14a,2021-02-25T07:46:57.532Z
d5e9a6,3,23,24,t,93c14a,2021-02-25T07:46:57.532Z
9ec847,4,54,24,t,93c14a,2021-02-25T07:46:57.532Z
c8d436,3,10,24,t,93c14a,2021-02-25T07:46:57.532Z
2a2353,3,57,24,t,93c14a,2021-02-25T07:46:57.532Z
f084eb,5,36,24,t,93c14a,2021-02-25T07:46:57.532Z
2feb6b,5,29,24,t,93c14a,2021-02-25T07:46:57.532Z
e31d39,3,10,10,t,ef26ad,2021-02-16T06:11:46.060Z
d5e9a6,4,23,10,t,ef26ad,2021-02-16T06:11:46.060Z
9ec847,2,54,10,t,ef26ad,2021-02-16T06:11:46.060Z
5d267b,4,40,10,t,ef26ad,2021-02-16T06:11:46.060Z
c8d436,3,10,10,t,ef26ad,2021-02-16T06:11:46.060Z
2a2353,4,57,10,t,ef26ad,2021-02-16T06:11:46.060Z
e31d39,3,10,4,t,5cf1f1,2021-01-16T08:36:47.664Z
72f5d4,2,19,4,t,5cf1f1,2021-01-16T08:36:47.664Z
5d267b,4,40,4,t,5cf1f1,2021-01-16T08:36:47.664Z
2a2353,4,57,4,t,5cf1f1,2021-01-16T08:36:47.664Z
f084eb,4,36,4,t,5cf1f1,2021-01-16T08:36:47.664Z
2feb6b,4,29,4,t,5cf1f1,2021-01-16T08:36:47.664Z
e83aa3,2,32,12,t,ddfa4a,2021-03-23T04:35:26.592Z
e31d39,3,10,12,t,ddfa4a,2021-03-23T04:35:26.592Z
72f5d4,1,19,12,t,ddfa4a,2021-03-23T04:35:26.592Z
5d267b,4,40,12,t,ddfa4a,2021-03-23T04:35:26.592Z
c8d436,4,10,12,t,ddfa4a,2021-03-23T04:35:26.592Z
b9a74d,3,17,12,t,ddfa4a,2021-03-23T04:35:26.592Z
2feb6b,2,29,12,t,ddfa4a,2021-03-23T04:35:26.592Z
c4a632,3,13,19,f,96ff51,2021-03-22T13:25:17.212Z
e83aa3,2,32,19,f,96ff51,2021-03-22T13:25:17.212Z
d5e9a6,3,23,19,f,96ff51,2021-03-22T13:25:17.212Z
9ec847,2,54,19,f,96ff51,2021-03-22T13:25:17.212Z
c8d436,2,10,19,f,96ff51,2021-03-22T13:25:17.212Z
b9a74d,2,17,19,f,96ff51,2021-03-22T13:25:17.212Z
e83aa3,5,32,5,t,57c307,2021-02-25T09:55:13.699Z
72f5d4,1,19,5,t,57c307,2021-02-25T09:55:13.699Z
9ec847,2,54,5,t,57c307,2021-02-25T09:55:13.699Z
5d267b,3,40,5,t,57c307,2021-02-25T09:55:13.699Z
c8d436,4,10,5,t,57c307,2021-02-25T09:55:13.699Z
2a2353,1,57,5,t,57c307,2021-02-25T09:55:13.699Z
f084eb,1,36,5,t,57c307,2021-02-25T09:55:13.699Z
2feb6b,5,29,5,t,57c307,2021-02-25T09:55:13.699Z
e83aa3,3,32,24,t,00d139,2021-01-03T19:09:35.280Z
e31d39,5,10,24,t,00d139,2021-01-03T19:09:35.280Z
d5e9a6,3,23,24,t,00d139,2021-01-03T19:09:35.280Z
c8d436,1,10,24,t,00d139,2021-01-03T19:09:35.280Z
f084eb,1,36,24,t,00d139,2021-01-03T19:09:35.280Z
b9a74d,2,17,24,t,00d139,2021-01-03T19:09:35.280Z
c4a632,4,13,21,t,48c8f9,2021-01-17T17:57:14.371Z
d5e9a6,5,23,21,t,48c8f9,2021-01-17T17:57:14.371Z
9ec847,2,54,21,t,48c8f9,2021-01-17T17:57:14.371Z
5d267b,4,40,21,t,48c8f9,2021-01-17T17:57:14.371Z
b9a74d,4,17,21,t,48c8f9,2021-01-17T17:57:14.371Z
2feb6b,5,29,21,t,48c8f9,2021-01-17T17:57:14.371Z
e31d39,4,10,15,t,46c35f,2021-02-26T00:44:06.259Z
9ec847,1,54,15,t,46c35f,2021-02-26T00:44:06.259Z
2a2353,4,57,15,t,46c35f,2021-02-26T00:44:06.259Z
f084eb,2,36,15,t,46c35f,2021-02-26T00:44:06.259Z
b9a74d,1,17,15,t,46c35f,2021-02-26T00:44:06.259Z
2feb6b,5,29,15,t,46c35f,2021-02-26T00:44:06.259Z
e83aa3,3,32,19,f,40e3e2,2021-03-01T10:10:30.662Z
d5e9a6,3,23,19,f,40e3e2,2021-03-01T10:10:30.662Z
9ec847,3,54,19,f,40e3e2,2021-03-01T10:10:30.662Z
f084eb,3,36,19,f,40e3e2,2021-03-01T10:10:30.662Z
b9a74d,1,17,19,f,40e3e2,2021-03-01T10:10:30.662Z
2feb6b,4,29,19,f,40e3e2,2021-03-01T10:10:30.662Z
e83aa3,1,32,23,t,03695a,2021-02-06T18:32:41.020Z
e31d39,2,10,23,t,03695a,2021-02-06T18:32:41.020Z
5d267b,5,40,23,t,03695a,2021-02-06T18:32:41.020Z
c8d436,4,10,23,t,03695a,2021-02-06T18:32:41.020Z
f084eb,3,36,23,t,03695a,2021-02-06T18:32:41.020Z
2feb6b,3,29,23,t,03695a,2021-02-06T18:32:41.020Z
e31d39,3,10,10,t,9470c8,2021-03-10T05:42:39.571Z
9ec847,2,54,10,t,9470c8,2021-03-10T05:42:39.571Z
2a2353,3,57,10,t,9470c8,2021-03-10T05:42:39.571Z
f084eb,1,36,10,t,9470c8,2021-03-10T05:42:39.571Z
b9a74d,3,17,10,t,9470c8,2021-03-10T05:42:39.571Z
2feb6b,2,29,10,t,9470c8,2021-03-10T05:42:39.571Z
c4a632,4,13,12,t,1.85E+11,2021-03-15T15:32:16.569Z
9ec847,5,54,12,t,1.85E+11,2021-03-15T15:32:16.569Z
2a2353,2,57,12,t,1.85E+11,2021-03-15T15:32:16.569Z
b9a74d,4,17,12,t,1.85E+11,2021-03-15T15:32:16.569Z
d5e9a6,2,23,8,t,493833,2021-02-21T04:04:38.409Z
72f5d4,5,19,8,t,493833,2021-02-21T04:04:38.409Z
9ec847,3,54,8,t,493833,2021-02-21T04:04:38.409Z
5d267b,5,40,8,t,493833,2021-02-21T04:04:38.409Z
c8d436,4,10,8,t,493833,2021-02-21T04:04:38.409Z
b9a74d,5,17,8,t,493833,2021-02-21T04:04:38.409Z
d5e9a6,3,23,4,t,c7ec83,2021-03-06T06:32:55.363Z
72f5d4,4,19,4,t,c7ec83,2021-03-06T06:32:55.363Z
9ec847,2,54,4,t,c7ec83,2021-03-06T06:32:55.363Z
5d267b,4,40,4,t,c7ec83,2021-03-06T06:32:55.363Z
c8d436,3,10,4,t,c7ec83,2021-03-06T06:32:55.363Z
c4a632,1,13,6,t,8.91E+07,2021-02-28T05:12:43.574Z
e83aa3,5,32,6,t,8.91E+07,2021-02-28T05:12:43.574Z
c8d436,4,10,6,t,8.91E+07,2021-02-28T05:12:43.574Z
2a2353,4,57,6,t,8.91E+07,2021-02-28T05:12:43.574Z
b9a74d,4,17,6,t,8.91E+07,2021-02-28T05:12:43.574Z
2feb6b,2,29,6,t,8.91E+07,2021-02-28T05:12:43.574Z
9ec847,1,54,12,t,203098,2021-01-20T03:30:31.334Z
5d267b,2,40,12,t,203098,2021-01-20T03:30:31.334Z
c8d436,5,10,12,t,203098,2021-01-20T03:30:31.334Z
b9a74d,5,17,12,t,203098,2021-01-20T03:30:31.334Z
e83aa3,4,32,7,t,90d008,2021-03-05T23:12:08.150Z
e31d39,2,10,7,t,90d008,2021-03-05T23:12:08.150Z
72f5d4,2,19,7,t,90d008,2021-03-05T23:12:08.150Z
5d267b,5,40,7,t,90d008,2021-03-05T23:12:08.150Z
b9a74d,5,17,7,t,90d008,2021-03-05T23:12:08.150Z
2feb6b,5,29,7,t,90d008,2021-03-05T23:12:08.150Z
c4a632,2,13,17,f,3a7420,2021-03-13T16:43:56.956Z
e83aa3,3,32,17,f,3a7420,2021-03-13T16:43:56.956Z
e31d39,2,10,17,f,3a7420,2021-03-13T16:43:56.956Z
d5e9a6,4,23,17,f,3a7420,2021-03-13T16:43:56.956Z
72f5d4,5,19,17,f,3a7420,2021-03-13T16:43:56.956Z
c8d436,2,10,17,f,3a7420,2021-03-13T16:43:56.956Z
2a2353,1,57,17,f,3a7420,2021-03-13T16:43:56.956Z
b9a74d,5,17,17,f,3a7420,2021-03-13T16:43:56.956Z
2feb6b,2,29,17,f,3a7420,2021-03-13T16:43:56.956Z
c4a632,2,13,20,f,c08029,2021-02-27T06:03:43.084Z
d5e9a6,4,23,20,f,c08029,2021-02-27T06:03:43.084Z
72f5d4,4,19,20,f,c08029,2021-02-27T06:03:43.084Z
5d267b,1,40,20,f,c08029,2021-02-27T06:03:43.084Z
c8d436,3,10,20,f,c08029,2021-02-27T06:03:43.084Z
2a2353,3,57,20,f,c08029,2021-02-27T06:03:43.084Z
f084eb,3,36,20,f,c08029,2021-02-27T06:03:43.084Z
b9a74d,3,17,20,f,c08029,2021-02-27T06:03:43.084Z
e83aa3,1,32,12,f,3449c1,2021-02-24T02:06:48.556Z
e31d39,3,10,12,f,3449c1,2021-02-24T02:06:48.556Z
d5e9a6,1,23,12,f,3449c1,2021-02-24T02:06:48.556Z
9ec847,2,54,12,f,3449c1,2021-02-24T02:06:48.556Z
c8d436,5,10,12,f,3449c1,2021-02-24T02:06:48.556Z
2a2353,5,57,12,f,3449c1,2021-02-24T02:06:48.556Z
f084eb,1,36,12,f,3449c1,2021-02-24T02:06:48.556Z
b9a74d,4,17,12,f,3449c1,2021-02-24T02:06:48.556Z
c4a632,4,13,7,t,2d7123,2021-03-20T00:20:13.920Z
e31d39,2,10,7,t,2d7123,2021-03-20T00:20:13.920Z
d5e9a6,5,23,7,t,2d7123,2021-03-20T00:20:13.920Z
72f5d4,1,19,7,t,2d7123,2021-03-20T00:20:13.920Z
9ec847,3,54,7,t,2d7123,2021-03-20T00:20:13.920Z
2a2353,2,57,7,t,2d7123,2021-03-20T00:20:13.920Z
c4a632,3,13,4,t,53352d,2021-02-02T18:51:05.385Z
e31d39,2,10,4,t,53352d,2021-02-02T18:51:05.385Z
d5e9a6,1,23,4,t,53352d,2021-02-02T18:51:05.385Z
c8d436,2,10,4,t,53352d,2021-02-02T18:51:05.385Z
f084eb,4,36,4,t,53352d,2021-02-02T18:51:05.385Z
e83aa3,4,32,0,t,284bc3,2021-02-11T14:30:34.588Z
d5e9a6,3,23,0,t,284bc3,2021-02-11T14:30:34.588Z
9ec847,5,54,0,t,284bc3,2021-02-11T14:30:34.588Z
b9a74d,4,17,0,t,284bc3,2021-02-11T14:30:34.588Z
2feb6b,5,29,0,t,284bc3,2021-02-11T14:30:34.588Z
c4a632,4,13,22,t,fcdf29,2021-01-01T01:31:35.990Z
e83aa3,4,32,22,t,fcdf29,2021-01-01T01:31:35.990Z
d5e9a6,4,23,22,t,fcdf29,2021-01-01T01:31:35.990Z
9ec847,5,54,22,t,fcdf29,2021-01-01T01:31:35.990Z
c8d436,3,10,22,t,fcdf29,2021-01-01T01:31:35.990Z
2a2353,4,57,22,t,fcdf29,2021-01-01T01:31:35.990Z
e31d39,4,10,19,t,91ab59,2021-03-14T16:08:38.688Z
72f5d4,4,19,19,t,91ab59,2021-03-14T16:08:38.688Z
5d267b,1,40,19,t,91ab59,2021-03-14T16:08:38.688Z
2a2353,3,57,19,t,91ab59,2021-03-14T16:08:38.688Z
b9a74d,3,17,19,t,91ab59,2021-03-14T16:08:38.688Z
2feb6b,1,29,19,t,91ab59,2021-03-14T16:08:38.688Z
72f5d4,1,19,14,f,5ddfb0,2021-01-15T23:06:41.817Z
c8d436,1,10,14,f,5ddfb0,2021-01-15T23:06:41.817Z
2a2353,1,57,14,f,5ddfb0,2021-01-15T23:06:41.817Z
e31d39,5,10,14,t,190191,2021-01-17T13:26:53.462Z
d5e9a6,5,23,14,t,190191,2021-01-17T13:26:53.462Z
b9a74d,5,17,14,t,190191,2021-01-17T13:26:53.462Z
c4a632,4,13,5,t,7149c9,2021-03-20T15:30:18.028Z
e31d39,1,10,5,t,7149c9,2021-03-20T15:30:18.028Z
c8d436,2,10,5,t,7149c9,2021-03-20T15:30:18.028Z
e31d39,2,10,10,f,c1da6e,2021-03-29T15:32:51.302Z
d5e9a6,3,23,10,f,c1da6e,2021-03-29T15:32:51.302Z
9ec847,1,54,10,f,c1da6e,2021-03-29T15:32:51.302Z
5d267b,5,40,10,f,c1da6e,2021-03-29T15:32:51.302Z
c8d436,3,10,10,f,c1da6e,2021-03-29T15:32:51.302Z
f084eb,3,36,10,f,c1da6e,2021-03-29T15:32:51.302Z
2feb6b,4,29,10,f,c1da6e,2021-03-29T15:32:51.302Z
e83aa3,5,32,21,t,349d9f,2021-02-08T00:41:55.363Z
e31d39,3,10,21,t,349d9f,2021-02-08T00:41:55.363Z
5d267b,4,40,21,t,349d9f,2021-02-08T00:41:55.363Z
f084eb,5,36,21,t,349d9f,2021-02-08T00:41:55.363Z
c4a632,2,13,3,f,361c88,2021-03-10T05:03:47.894Z
e83aa3,1,32,3,f,361c88,2021-03-10T05:03:47.894Z
e31d39,1,10,3,f,361c88,2021-03-10T05:03:47.894Z
72f5d4,2,19,3,f,361c88,2021-03-10T05:03:47.894Z
b9a74d,5,17,3,f,361c88,2021-03-10T05:03:47.894Z
2feb6b,2,29,3,f,361c88,2021-03-10T05:03:47.894Z
c4a632,3,13,12,f,74263f,2021-03-02T19:53:03.004Z
e31d39,3,10,12,f,74263f,2021-03-02T19:53:03.004Z
9ec847,5,54,12,f,74263f,2021-03-02T19:53:03.004Z
5d267b,5,40,12,f,74263f,2021-03-02T19:53:03.004Z
2a2353,3,57,12,f,74263f,2021-03-02T19:53:03.004Z
b9a74d,3,17,12,f,74263f,2021-03-02T19:53:03.004Z
c4a632,2,13,18,f,b1d858,2021-01-01T02:21:16.790Z
e83aa3,3,32,18,f,b1d858,2021-01-01T02:21:16.790Z
e31d39,2,10,18,f,b1d858,2021-01-01T02:21:16.790Z
72f5d4,3,19,18,f,b1d858,2021-01-01T02:21:16.790Z
c8d436,4,10,18,f,b1d858,2021-01-01T02:21:16.790Z
2a2353,4,57,18,f,b1d858,2021-01-01T02:21:16.790Z
2feb6b,2,29,18,f,b1d858,2021-01-01T02:21:16.790Z
e31d39,1,10,10,t,54c62c,2021-02-24T18:26:16.800Z
72f5d4,5,19,10,t,54c62c,2021-02-24T18:26:16.800Z
9ec847,2,54,10,t,54c62c,2021-02-24T18:26:16.800Z
2a2353,1,57,10,t,54c62c,2021-02-24T18:26:16.800Z
f084eb,2,36,10,t,54c62c,2021-02-24T18:26:16.800Z
b9a74d,5,17,10,t,54c62c,2021-02-24T18:26:16.800Z
2feb6b,5,29,10,t,54c62c,2021-02-24T18:26:16.800Z
c4a632,5,13,19,t,04caa9,2021-02-23T03:38:40.876Z
e31d39,3,10,19,t,04caa9,2021-02-23T03:38:40.876Z
d5e9a6,3,23,19,t,04caa9,2021-02-23T03:38:40.876Z
b9a74d,1,17,19,t,04caa9,2021-02-23T03:38:40.876Z
2feb6b,3,29,19,t,04caa9,2021-02-23T03:38:40.876Z
c4a632,5,13,15,f,d87cb7,2021-01-27T08:33:05.702Z
e31d39,3,10,15,f,d87cb7,2021-01-27T08:33:05.702Z
72f5d4,2,19,15,f,d87cb7,2021-01-27T08:33:05.702Z
c8d436,3,10,15,f,d87cb7,2021-01-27T08:33:05.702Z
2a2353,3,57,15,f,d87cb7,2021-01-27T08:33:05.702Z
f084eb,3,36,15,f,d87cb7,2021-01-27T08:33:05.702Z
2feb6b,3,29,15,f,d87cb7,2021-01-27T08:33:05.702Z
d5e9a6,3,23,23,f,4561b3,2021-02-24T00:48:53.452Z
72f5d4,3,19,23,f,4561b3,2021-02-24T00:48:53.452Z
5d267b,2,40,23,f,4561b3,2021-02-24T00:48:53.452Z
c8d436,1,10,23,f,4561b3,2021-02-24T00:48:53.452Z
2a2353,1,57,23,f,4561b3,2021-02-24T00:48:53.452Z
e83aa3,5,32,3,f,acb5b7,2021-01-25T05:42:32.054Z
d5e9a6,5,23,3,f,acb5b7,2021-01-25T05:42:32.054Z
72f5d4,4,19,3,f,acb5b7,2021-01-25T05:42:32.054Z
c8d436,5,10,3,f,acb5b7,2021-01-25T05:42:32.054Z
2a2353,1,57,3,f,acb5b7,2021-01-25T05:42:32.054Z
b9a74d,3,17,3,f,acb5b7,2021-01-25T05:42:32.054Z
2feb6b,2,29,3,f,acb5b7,2021-01-25T05:42:32.054Z
c4a632,3,13,16,f,ec4337,2021-01-19T00:54:46.137Z
e83aa3,1,32,16,f,ec4337,2021-01-19T00:54:46.137Z
e31d39,1,10,16,f,ec4337,2021-01-19T00:54:46.137Z
72f5d4,5,19,16,f,ec4337,2021-01-19T00:54:46.137Z
9ec847,4,54,16,f,ec4337,2021-01-19T00:54:46.137Z
5d267b,3,40,16,f,ec4337,2021-01-19T00:54:46.137Z
c8d436,5,10,16,f,ec4337,2021-01-19T00:54:46.137Z
f084eb,1,36,16,f,ec4337,2021-01-19T00:54:46.137Z
c4a632,5,13,17,f,97c27a,2021-03-13T09:04:47.452Z
e83aa3,3,32,17,f,97c27a,2021-03-13T09:04:47.452Z
e31d39,5,10,17,f,97c27a,2021-03-13T09:04:47.452Z
d5e9a6,4,23,17,f,97c27a,2021-03-13T09:04:47.452Z
72f5d4,2,19,17,f,97c27a,2021-03-13T09:04:47.452Z
9ec847,2,54,17,f,97c27a,2021-03-13T09:04:47.452Z
c8d436,4,10,17,f,97c27a,2021-03-13T09:04:47.452Z
2a2353,5,57,17,f,97c27a,2021-03-13T09:04:47.452Z
2feb6b,5,29,17,f,97c27a,2021-03-13T09:04:47.452Z
9ec847,3,54,18,t,4ac3b5,2021-02-28T02:49:11.568Z
5d267b,4,40,18,t,4ac3b5,2021-02-28T02:49:11.568Z
b9a74d,1,17,18,t,4ac3b5,2021-02-28T02:49:11.568Z
2feb6b,1,29,18,t,4ac3b5,2021-02-28T02:49:11.568Z
e31d39,4,10,7,f,679956,2021-02-06T01:29:59.308Z
72f5d4,4,19,7,f,679956,2021-02-06T01:29:59.308Z
9ec847,1,54,7,f,679956,2021-02-06T01:29:59.308Z
5d267b,4,40,7,f,679956,2021-02-06T01:29:59.308Z
c8d436,1,10,7,f,679956,2021-02-06T01:29:59.308Z
2a2353,1,57,7,f,679956,2021-02-06T01:29:59.308Z
f084eb,5,36,7,f,679956,2021-02-06T01:29:59.308Z
b9a74d,5,17,7,f,679956,2021-02-06T01:29:59.308Z
c4a632,5,13,21,t,f94848,2021-03-30T14:56:35.923Z
e83aa3,5,32,21,t,f94848,2021-03-30T14:56:35.923Z
d5e9a6,3,23,21,t,f94848,2021-03-30T14:56:35.923Z
72f5d4,1,19,21,t,f94848,2021-03-30T14:56:35.923Z
9ec847,1,54,21,t,f94848,2021-03-30T14:56:35.923Z
2a2353,2,57,21,t,f94848,2021-03-30T14:56:35.923Z
f084eb,4,36,21,t,f94848,2021-03-30T14:56:35.923Z
b9a74d,5,17,21,t,f94848,2021-03-30T14:56:35.923Z
2feb6b,5,29,21,t,f94848,2021-03-30T14:56:35.923Z
c4a632,4,13,7,t,eefbf4,2021-03-16T00:08:04.358Z
9ec847,3,54,7,t,eefbf4,2021-03-16T00:08:04.358Z
5d267b,4,40,7,t,eefbf4,2021-03-16T00:08:04.358Z
c4a632,2,13,20,t,de1673,2021-02-12T09:02:02.515Z
e83aa3,4,32,20,t,de1673,2021-02-12T09:02:02.515Z
72f5d4,4,19,20,t,de1673,2021-02-12T09:02:02.515Z
9ec847,1,54,20,t,de1673,2021-02-12T09:02:02.515Z
f084eb,4,36,20,t,de1673,2021-02-12T09:02:02.515Z
b9a74d,1,17,20,t,de1673,2021-02-12T09:02:02.515Z
e83aa3,5,32,3,f,74d308,2021-03-27T03:16:28.761Z
e31d39,1,10,3,f,74d308,2021-03-27T03:16:28.761Z
d5e9a6,3,23,3,f,74d308,2021-03-27T03:16:28.761Z
72f5d4,3,19,3,f,74d308,2021-03-27T03:16:28.761Z
5d267b,5,40,3,f,74d308,2021-03-27T03:16:28.761Z
f084eb,2,36,3,f,74d308,2021-03-27T03:16:28.761Z
b9a74d,1,17,3,f,74d308,2021-03-27T03:16:28.761Z
2feb6b,1,29,3,f,74d308,2021-03-27T03:16:28.761Z
c4a632,2,13,24,f,2a9ac1,2021-03-20T07:57:52.012Z
e31d39,4,10,24,f,2a9ac1,2021-03-20T07:57:52.012Z
d5e9a6,2,23,24,f,2a9ac1,2021-03-20T07:57:52.012Z
72f5d4,4,19,24,f,2a9ac1,2021-03-20T07:57:52.012Z
2feb6b,1,29,24,f,2a9ac1,2021-03-20T07:57:52.012Z
e31d39,2,10,10,t,7c6cef,2021-01-21T20:45:01.094Z
72f5d4,2,19,10,t,7c6cef,2021-01-21T20:45:01.094Z
9ec847,5,54,10,t,7c6cef,2021-01-21T20:45:01.094Z
b9a74d,3,17,10,t,7c6cef,2021-01-21T20:45:01.094Z
e83aa3,1,32,4,t,2100a2,2021-02-10T18:24:33.811Z
d5e9a6,3,23,4,t,2100a2,2021-02-10T18:24:33.811Z
c8d436,5,10,4,t,2100a2,2021-02-10T18:24:33.811Z
f084eb,2,36,4,t,2100a2,2021-02-10T18:24:33.811Z
2feb6b,3,29,4,t,2100a2,2021-02-10T18:24:33.811Z
c4a632,3,13,9,t,27be1d,2021-01-18T03:08:56.630Z
e83aa3,3,32,9,t,27be1d,2021-01-18T03:08:56.630Z
e31d39,4,10,9,t,27be1d,2021-01-18T03:08:56.630Z
d5e9a6,3,23,9,t,27be1d,2021-01-18T03:08:56.630Z
5d267b,5,40,9,t,27be1d,2021-01-18T03:08:56.630Z
2a2353,2,57,9,t,27be1d,2021-01-18T03:08:56.630Z
e83aa3,1,32,22,f,f2c360,2021-03-08T19:38:27.859Z
e31d39,1,10,22,f,f2c360,2021-03-08T19:38:27.859Z
72f5d4,5,19,22,f,f2c360,2021-03-08T19:38:27.859Z
9ec847,4,54,22,f,f2c360,2021-03-08T19:38:27.859Z
5d267b,1,40,22,f,f2c360,2021-03-08T19:38:27.859Z
c8d436,3,10,22,f,f2c360,2021-03-08T19:38:27.859Z
2a2353,5,57,22,f,f2c360,2021-03-08T19:38:27.859Z
c4a632,5,13,21,t,b215ec,2021-01-22T22:17:04.732Z
9ec847,5,54,21,t,b215ec,2021-01-22T22:17:04.732Z
2a2353,2,57,21,t,b215ec,2021-01-22T22:17:04.732Z
f084eb,1,36,21,t,b215ec,2021-01-22T22:17:04.732Z
2feb6b,4,29,21,t,b215ec,2021-01-22T22:17:04.732Z
c4a632,1,13,5,t,88561d,2021-02-01T05:21:28.627Z
e31d39,2,10,5,t,88561d,2021-02-01T05:21:28.627Z
5d267b,4,40,5,t,88561d,2021-02-01T05:21:28.627Z
f084eb,1,36,5,t,88561d,2021-02-01T05:21:28.627Z
b9a74d,1,17,5,t,88561d,2021-02-01T05:21:28.627Z
2feb6b,4,29,5,t,88561d,2021-02-01T05:21:28.627Z
c4a632,2,13,5,f,1409a9,2021-03-22T11:11:36.009Z
d5e9a6,1,23,5,f,1409a9,2021-03-22T11:11:36.009Z
72f5d4,1,19,5,f,1409a9,2021-03-22T11:11:36.009Z
9ec847,4,54,5,f,1409a9,2021-03-22T11:11:36.009Z
5d267b,3,40,5,f,1409a9,2021-03-22T11:11:36.009Z
b9a74d,1,17,5,f,1409a9,2021-03-22T11:11:36.009Z
c4a632,2,13,24,t,a7ec2c,2021-03-01T18:29:05.798Z
e31d39,1,10,24,t,a7ec2c,2021-03-01T18:29:05.798Z
d5e9a6,4,23,24,t,a7ec2c,2021-03-01T18:29:05.798Z
9ec847,2,54,24,t,a7ec2c,2021-03-01T18:29:05.798Z
2a2353,1,57,24,t,a7ec2c,2021-03-01T18:29:05.798Z
f084eb,1,36,24,t,a7ec2c,2021-03-01T18:29:05.798Z
2feb6b,2,29,24,t,a7ec2c,2021-03-01T18:29:05.798Z
e83aa3,3,32,5,f,26e6b4,2021-01-08T20:15:46.828Z
72f5d4,2,19,5,f,26e6b4,2021-01-08T20:15:46.828Z
9ec847,2,54,5,f,26e6b4,2021-01-08T20:15:46.828Z
5d267b,2,40,5,f,26e6b4,2021-01-08T20:15:46.828Z
c8d436,2,10,5,f,26e6b4,2021-01-08T20:15:46.828Z
f084eb,2,36,5,f,26e6b4,2021-01-08T20:15:46.828Z
b9a74d,5,17,5,f,26e6b4,2021-01-08T20:15:46.828Z
2feb6b,2,29,5,f,26e6b4,2021-01-08T20:15:46.828Z
e31d39,2,10,22,f,918004,2021-03-29T11:16:32.448Z
d5e9a6,5,23,22,f,918004,2021-03-29T11:16:32.448Z
72f5d4,5,19,22,f,918004,2021-03-29T11:16:32.448Z
9ec847,1,54,22,f,918004,2021-03-29T11:16:32.448Z
5d267b,4,40,22,f,918004,2021-03-29T11:16:32.448Z
c8d436,1,10,22,f,918004,2021-03-29T11:16:32.448Z
2a2353,4,57,22,f,918004,2021-03-29T11:16:32.448Z
f084eb,1,36,22,f,918004,2021-03-29T11:16:32.448Z
b9a74d,5,17,22,f,918004,2021-03-29T11:16:32.448Z
9ec847,2,54,9,t,f974a3,2021-02-25T20:31:33.600Z
5d267b,2,40,9,t,f974a3,2021-02-25T20:31:33.600Z
c8d436,1,10,9,t,f974a3,2021-02-25T20:31:33.600Z
2a2353,1,57,9,t,f974a3,2021-02-25T20:31:33.600Z
f084eb,1,36,9,t,f974a3,2021-02-25T20:31:33.600Z
2feb6b,4,29,9,t,f974a3,2021-02-25T20:31:33.600Z
c4a632,1,13,14,f,e35030,2021-03-06T08:04:40.857Z
e83aa3,4,32,14,f,e35030,2021-03-06T08:04:40.857Z
5d267b,1,40,14,f,e35030,2021-03-06T08:04:40.857Z
2feb6b,4,29,14,f,e35030,2021-03-06T08:04:40.857Z
c4a632,5,13,1,t,60b9b3,2021-03-04T15:09:20.649Z
d5e9a6,2,23,1,t,60b9b3,2021-03-04T15:09:20.649Z
72f5d4,2,19,1,t,60b9b3,2021-03-04T15:09:20.649Z
9ec847,5,54,1,t,60b9b3,2021-03-04T15:09:20.649Z
5d267b,5,40,1,t,60b9b3,2021-03-04T15:09:20.649Z
c8d436,4,10,1,t,60b9b3,2021-03-04T15:09:20.649Z
b9a74d,5,17,1,t,60b9b3,2021-03-04T15:09:20.649Z
2feb6b,3,29,1,t,60b9b3,2021-03-04T15:09:20.649Z
c4a632,3,13,17,t,d5126a,2021-01-24T13:58:55.689Z
e31d39,3,10,17,t,d5126a,2021-01-24T13:58:55.689Z
d5e9a6,4,23,17,t,d5126a,2021-01-24T13:58:55.689Z
9ec847,1,54,17,t,d5126a,2021-01-24T13:58:55.689Z
5d267b,3,40,17,t,d5126a,2021-01-24T13:58:55.689Z
c8d436,2,10,17,t,d5126a,2021-01-24T13:58:55.689Z
2a2353,1,57,17,t,d5126a,2021-01-24T13:58:55.689Z
f084eb,2,36,17,t,d5126a,2021-01-24T13:58:55.689Z
2feb6b,1,29,17,t,d5126a,2021-01-24T13:58:55.689Z
e83aa3,2,32,11,t,a3d48c,2021-03-01T01:28:06.729Z
d5e9a6,1,23,11,t,a3d48c,2021-03-01T01:28:06.729Z
72f5d4,4,19,11,t,a3d48c,2021-03-01T01:28:06.729Z
9ec847,2,54,11,t,a3d48c,2021-03-01T01:28:06.729Z
c8d436,2,10,11,t,a3d48c,2021-03-01T01:28:06.729Z
2a2353,3,57,11,t,a3d48c,2021-03-01T01:28:06.729Z
b9a74d,4,17,11,t,a3d48c,2021-03-01T01:28:06.729Z
2feb6b,4,29,11,t,a3d48c,2021-03-01T01:28:06.729Z
e83aa3,1,32,16,f,4c9312,2021-03-25T22:14:49.257Z
9ec847,1,54,16,f,4c9312,2021-03-25T22:14:49.257Z
2a2353,3,57,16,f,4c9312,2021-03-25T22:14:49.257Z
f084eb,5,36,16,f,4c9312,2021-03-25T22:14:49.257Z
b9a74d,3,17,16,f,4c9312,2021-03-25T22:14:49.257Z
2feb6b,2,29,16,f,4c9312,2021-03-25T22:14:49.257Z
e83aa3,5,32,22,t,fb4750,2021-01-07T22:08:54.585Z
5d267b,3,40,22,t,fb4750,2021-01-07T22:08:54.585Z
c8d436,5,10,22,t,fb4750,2021-01-07T22:08:54.585Z
2feb6b,4,29,22,t,fb4750,2021-01-07T22:08:54.585Z
c4a632,5,13,11,t,fac1ca,2021-01-04T19:16:36.393Z
e31d39,3,10,11,t,fac1ca,2021-01-04T19:16:36.393Z
72f5d4,3,19,11,t,fac1ca,2021-01-04T19:16:36.393Z
9ec847,1,54,11,t,fac1ca,2021-01-04T19:16:36.393Z
f084eb,4,36,11,t,fac1ca,2021-01-04T19:16:36.393Z
b9a74d,1,17,11,t,fac1ca,2021-01-04T19:16:36.393Z
2feb6b,4,29,11,t,fac1ca,2021-01-04T19:16:36.393Z
e31d39,1,10,7,t,cdbb0c,2021-03-18T03:02:13.401Z
d5e9a6,5,23,7,t,cdbb0c,2021-03-18T03:02:13.401Z
72f5d4,5,19,7,t,cdbb0c,2021-03-18T03:02:13.401Z
c8d436,3,10,7,t,cdbb0c,2021-03-18T03:02:13.401Z
2a2353,4,57,7,t,cdbb0c,2021-03-18T03:02:13.401Z
b9a74d,1,17,7,t,cdbb0c,2021-03-18T03:02:13.401Z
2feb6b,5,29,7,t,cdbb0c,2021-03-18T03:02:13.401Z
e31d39,5,10,10,t,2d1bda,2021-03-28T00:43:56.409Z
d5e9a6,4,23,10,t,2d1bda,2021-03-28T00:43:56.409Z
c8d436,4,10,10,t,2d1bda,2021-03-28T00:43:56.409Z
2feb6b,4,29,10,t,2d1bda,2021-03-28T00:43:56.409Z
e83aa3,3,32,19,t,72898c,2021-02-09T15:46:02.726Z
e31d39,4,10,19,t,72898c,2021-02-09T15:46:02.726Z
72f5d4,1,19,19,t,72898c,2021-02-09T15:46:02.726Z
9ec847,1,54,19,t,72898c,2021-02-09T15:46:02.726Z
2a2353,5,57,19,t,72898c,2021-02-09T15:46:02.726Z
b9a74d,3,17,19,t,72898c,2021-02-09T15:46:02.726Z
c4a632,5,13,24,t,e7c0bd,2021-03-18T13:27:53.769Z
e83aa3,2,32,24,t,e7c0bd,2021-03-18T13:27:53.769Z
e31d39,1,10,24,t,e7c0bd,2021-03-18T13:27:53.769Z
72f5d4,3,19,24,t,e7c0bd,2021-03-18T13:27:53.769Z
5d267b,1,40,24,t,e7c0bd,2021-03-18T13:27:53.769Z
c8d436,5,10,24,t,e7c0bd,2021-03-18T13:27:53.769Z
2a2353,2,57,24,t,e7c0bd,2021-03-18T13:27:53.769Z
e83aa3,5,32,10,f,f4a4a9,2021-01-16T05:49:02.496Z
d5e9a6,5,23,10,f,f4a4a9,2021-01-16T05:49:02.496Z
72f5d4,5,19,10,f,f4a4a9,2021-01-16T05:49:02.496Z
9ec847,3,54,10,f,f4a4a9,2021-01-16T05:49:02.496Z
c8d436,5,10,10,f,f4a4a9,2021-01-16T05:49:02.496Z
f084eb,3,36,10,f,f4a4a9,2021-01-16T05:49:02.496Z
b9a74d,3,17,10,f,f4a4a9,2021-01-16T05:49:02.496Z
c4a632,4,13,1,f,07a3e4,2021-02-27T17:54:39.283Z
e31d39,2,10,1,f,07a3e4,2021-02-27T17:54:39.283Z
72f5d4,3,19,1,f,07a3e4,2021-02-27T17:54:39.283Z
9ec847,3,54,1,f,07a3e4,2021-02-27T17:54:39.283Z
5d267b,4,40,1,f,07a3e4,2021-02-27T17:54:39.283Z
c8d436,3,10,1,f,07a3e4,2021-02-27T17:54:39.283Z
2a2353,1,57,1,f,07a3e4,2021-02-27T17:54:39.283Z
f084eb,2,36,1,f,07a3e4,2021-02-27T17:54:39.283Z
c4a632,1,13,20,t,e1eb03,2021-02-17T09:49:39.849Z
e83aa3,1,32,20,t,e1eb03,2021-02-17T09:49:39.849Z
d5e9a6,3,23,20,t,e1eb03,2021-02-17T09:49:39.849Z
9ec847,2,54,20,t,e1eb03,2021-02-17T09:49:39.849Z
5d267b,4,40,20,t,e1eb03,2021-02-17T09:49:39.849Z
2a2353,3,57,20,t,e1eb03,2021-02-17T09:49:39.849Z
f084eb,4,36,20,t,e1eb03,2021-02-17T09:49:39.849Z
2feb6b,4,29,20,t,e1eb03,2021-02-17T09:49:39.849Z
c4a632,3,13,17,t,320d96,2021-02-21T12:00:55.468Z
e83aa3,4,32,17,t,320d96,2021-02-21T12:00:55.468Z
72f5d4,3,19,17,t,320d96,2021-02-21T12:00:55.468Z
5d267b,1,40,17,t,320d96,2021-02-21T12:00:55.468Z
2a2353,3,57,17,t,320d96,2021-02-21T12:00:55.468Z
2feb6b,1,29,17,t,320d96,2021-02-21T12:00:55.468Z
c4a632,1,13,19,f,83d8b9,2021-03-08T23:42:09.417Z
9ec847,3,54,19,f,83d8b9,2021-03-08T23:42:09.417Z
c8d436,2,10,19,f,83d8b9,2021-03-08T23:42:09.417Z
2a2353,3,57,19,f,83d8b9,2021-03-08T23:42:09.417Z
2feb6b,5,29,19,f,83d8b9,2021-03-08T23:42:09.417Z
c4a632,3,13,2,t,e77fcf,2021-01-16T15:15:03.830Z
e31d39,1,10,2,t,e77fcf,2021-01-16T15:15:03.830Z
72f5d4,5,19,2,t,e77fcf,2021-01-16T15:15:03.830Z
9ec847,1,54,2,t,e77fcf,2021-01-16T15:15:03.830Z
5d267b,2,40,2,t,e77fcf,2021-01-16T15:15:03.830Z
2a2353,3,57,2,t,e77fcf,2021-01-16T15:15:03.830Z
e31d39,4,10,3,t,9be1e0,2021-01-11T23:59:31.228Z
9ec847,3,54,3,t,9be1e0,2021-01-11T23:59:31.228Z
5d267b,1,40,3,t,9be1e0,2021-01-11T23:59:31.228Z
2a2353,2,57,3,t,9be1e0,2021-01-11T23:59:31.228Z
f084eb,2,36,3,t,9be1e0,2021-01-11T23:59:31.228Z
e83aa3,2,32,8,t,91bd4e,2021-02-24T23:24:14.774Z
d5e9a6,4,23,8,t,91bd4e,2021-02-24T23:24:14.774Z
c8d436,5,10,8,t,91bd4e,2021-02-24T23:24:14.774Z
2a2353,1,57,8,t,91bd4e,2021-02-24T23:24:14.774Z
b9a74d,4,17,8,t,91bd4e,2021-02-24T23:24:14.774Z
e83aa3,1,32,7,t,4a1865,2021-02-27T12:49:41.491Z
e31d39,1,10,7,t,4a1865,2021-02-27T12:49:41.491Z
f084eb,2,36,7,t,4a1865,2021-02-27T12:49:41.491Z
b9a74d,3,17,7,t,4a1865,2021-02-27T12:49:41.491Z
c4a632,2,13,4,f,6a9055,2021-02-23T22:39:26.524Z
e83aa3,4,32,4,f,6a9055,2021-02-23T22:39:26.524Z
72f5d4,4,19,4,f,6a9055,2021-02-23T22:39:26.524Z
c8d436,1,10,4,f,6a9055,2021-02-23T22:39:26.524Z
2a2353,1,57,4,f,6a9055,2021-02-23T22:39:26.524Z
f084eb,3,36,4,f,6a9055,2021-02-23T22:39:26.524Z
2feb6b,2,29,4,f,6a9055,2021-02-23T22:39:26.524Z
e83aa3,5,32,11,t,6f1652,2021-03-17T06:00:11.059Z
d5e9a6,3,23,11,t,6f1652,2021-03-17T06:00:11.059Z
9ec847,4,54,11,t,6f1652,2021-03-17T06:00:11.059Z
5d267b,2,40,11,t,6f1652,2021-03-17T06:00:11.059Z
c8d436,1,10,11,t,6f1652,2021-03-17T06:00:11.059Z
2a2353,4,57,11,t,6f1652,2021-03-17T06:00:11.059Z
e83aa3,3,32,15,t,9bb6ae,2021-01-03T20:58:23.318Z
d5e9a6,5,23,15,t,9bb6ae,2021-01-03T20:58:23.318Z
72f5d4,4,19,15,t,9bb6ae,2021-01-03T20:58:23.318Z
c8d436,2,10,15,t,9bb6ae,2021-01-03T20:58:23.318Z
f084eb,3,36,15,t,9bb6ae,2021-01-03T20:58:23.318Z
2feb6b,2,29,15,t,9bb6ae,2021-01-03T20:58:23.318Z
e83aa3,5,32,23,f,4a6205,2021-03-02T02:57:59.817Z
e31d39,2,10,23,f,4a6205,2021-03-02T02:57:59.817Z
5d267b,5,40,23,f,4a6205,2021-03-02T02:57:59.817Z
2a2353,1,57,23,f,4a6205,2021-03-02T02:57:59.817Z
f084eb,2,36,23,f,4a6205,2021-03-02T02:57:59.817Z
d5e9a6,5,23,14,t,dda903,2021-03-21T07:15:46.108Z
9ec847,4,54,14,t,dda903,2021-03-21T07:15:46.108Z
c8d436,1,10,14,t,dda903,2021-03-21T07:15:46.108Z
2a2353,5,57,14,t,dda903,2021-03-21T07:15:46.108Z
f084eb,1,36,14,t,dda903,2021-03-21T07:15:46.108Z
c4a632,1,13,7,f,e21d72,2021-02-11T13:38:41.769Z
e83aa3,5,32,7,f,e21d72,2021-02-11T13:38:41.769Z
e31d39,4,10,7,f,e21d72,2021-02-11T13:38:41.769Z
d5e9a6,1,23,7,f,e21d72,2021-02-11T13:38:41.769Z
c8d436,2,10,7,f,e21d72,2021-02-11T13:38:41.769Z
2a2353,4,57,7,f,e21d72,2021-02-11T13:38:41.769Z
b9a74d,5,17,7,f,e21d72,2021-02-11T13:38:41.769Z
c4a632,5,13,4,f,a846e9,2021-01-21T11:21:08.668Z
e83aa3,5,32,4,f,a846e9,2021-01-21T11:21:08.668Z
e31d39,5,10,4,f,a846e9,2021-01-21T11:21:08.668Z
9ec847,5,54,4,f,a846e9,2021-01-21T11:21:08.668Z
2a2353,3,57,4,f,a846e9,2021-01-21T11:21:08.668Z
2feb6b,1,29,4,f,a846e9,2021-01-21T11:21:08.668Z
72f5d4,4,19,11,t,cad361,2021-01-21T21:55:53.616Z
c8d436,3,10,11,t,cad361,2021-01-21T21:55:53.616Z
2feb6b,3,29,11,t,cad361,2021-01-21T21:55:53.616Z
c4a632,4,13,1,t,369739,2021-02-07T16:44:02.745Z
72f5d4,3,19,1,t,369739,2021-02-07T16:44:02.745Z
5d267b,4,40,1,t,369739,2021-02-07T16:44:02.745Z
c8d436,5,10,1,t,369739,2021-02-07T16:44:02.745Z
c4a632,2,13,13,t,45ab97,2021-02-03T03:56:07.440Z
e83aa3,2,32,13,t,45ab97,2021-02-03T03:56:07.440Z
72f5d4,3,19,13,t,45ab97,2021-02-03T03:56:07.440Z
9ec847,5,54,13,t,45ab97,2021-02-03T03:56:07.440Z
f084eb,1,36,13,t,45ab97,2021-02-03T03:56:07.440Z
b9a74d,4,17,13,t,45ab97,2021-02-03T03:56:07.440Z
2feb6b,1,29,13,t,45ab97,2021-02-03T03:56:07.440Z
e83aa3,5,32,14,f,2e973f,2021-03-20T20:18:54.576Z
d5e9a6,2,23,14,f,2e973f,2021-03-20T20:18:54.576Z
9ec847,3,54,14,f,2e973f,2021-03-20T20:18:54.576Z
b9a74d,5,17,14,f,2e973f,2021-03-20T20:18:54.576Z
2feb6b,5,29,14,f,2e973f,2021-03-20T20:18:54.576Z
e31d39,1,10,5,t,3ca2e0,2021-01-16T14:29:18.038Z
d5e9a6,2,23,5,t,3ca2e0,2021-01-16T14:29:18.038Z
72f5d4,2,19,5,t,3ca2e0,2021-01-16T14:29:18.038Z
5d267b,4,40,5,t,3ca2e0,2021-01-16T14:29:18.038Z
2a2353,4,57,5,t,3ca2e0,2021-01-16T14:29:18.038Z
f084eb,4,36,5,t,3ca2e0,2021-01-16T14:29:18.038Z
b9a74d,2,17,5,t,3ca2e0,2021-01-16T14:29:18.038Z
c4a632,4,13,2,t,ebe958,2021-01-10T12:13:08.745Z
e83aa3,5,32,2,t,ebe958,2021-01-10T12:13:08.745Z
e31d39,5,10,2,t,ebe958,2021-01-10T12:13:08.745Z
d5e9a6,4,23,2,t,ebe958,2021-01-10T12:13:08.745Z
9ec847,3,54,2,t,ebe958,2021-01-10T12:13:08.745Z
c8d436,2,10,2,t,ebe958,2021-01-10T12:13:08.745Z
2a2353,2,57,2,t,ebe958,2021-01-10T12:13:08.745Z
f084eb,3,36,2,t,ebe958,2021-01-10T12:13:08.745Z
2feb6b,5,29,2,t,ebe958,2021-01-10T12:13:08.745Z
c4a632,3,13,14,t,f8e600,2021-03-01T08:02:25.209Z
2a2353,2,57,14,t,f8e600,2021-03-01T08:02:25.209Z
f084eb,2,36,14,t,f8e600,2021-03-01T08:02:25.209Z
b9a74d,1,17,14,t,f8e600,2021-03-01T08:02:25.209Z
2feb6b,5,29,14,t,f8e600,2021-03-01T08:02:25.209Z
d5e9a6,1,23,16,t,7f5d1d,2021-03-01T17:17:43.296Z
72f5d4,1,19,16,t,7f5d1d,2021-03-01T17:17:43.296Z
5d267b,4,40,16,t,7f5d1d,2021-03-01T17:17:43.296Z
c8d436,1,10,16,t,7f5d1d,2021-03-01T17:17:43.296Z
2a2353,4,57,16,t,7f5d1d,2021-03-01T17:17:43.296Z
f084eb,3,36,16,t,7f5d1d,2021-03-01T17:17:43.296Z
b9a74d,4,17,16,t,7f5d1d,2021-03-01T17:17:43.296Z
c4a632,2,13,19,f,39891b,2021-02-21T12:38:52.281Z
e83aa3,4,32,19,f,39891b,2021-02-21T12:38:52.281Z
d5e9a6,1,23,19,f,39891b,2021-02-21T12:38:52.281Z
72f5d4,2,19,19,f,39891b,2021-02-21T12:38:52.281Z
9ec847,1,54,19,f,39891b,2021-02-21T12:38:52.281Z
d5e9a6,5,23,0,t,819241,2021-03-10T19:19:16.147Z
72f5d4,5,19,0,t,819241,2021-03-10T19:19:16.147Z
9ec847,1,54,0,t,819241,2021-03-10T19:19:16.147Z
b9a74d,2,17,0,t,819241,2021-03-10T19:19:16.147Z
2feb6b,1,29,0,t,819241,2021-03-10T19:19:16.147Z
c4a632,1,13,22,t,a48780,2021-02-27T05:09:11.894Z
e83aa3,1,32,22,t,a48780,2021-02-27T05:09:11.894Z
e31d39,2,10,22,t,a48780,2021-02-27T05:09:11.894Z
72f5d4,3,19,22,t,a48780,2021-02-27T05:09:11.894Z
9ec847,3,54,22,t,a48780,2021-02-27T05:09:11.894Z
5d267b,1,40,22,t,a48780,2021-02-27T05:09:11.894Z
c8d436,4,10,22,t,a48780,2021-02-27T05:09:11.894Z
2a2353,1,57,22,t,a48780,2021-02-27T05:09:11.894Z
2feb6b,5,29,22,t,a48780,2021-02-27T05:09:11.894Z
c4a632,5,13,3,t,e7cca1,2021-01-03T14:44:58.070Z
e31d39,1,10,3,t,e7cca1,2021-01-03T14:44:58.070Z
d5e9a6,1,23,3,t,e7cca1,2021-01-03T14:44:58.070Z
5d267b,1,40,3,t,e7cca1,2021-01-03T14:44:58.070Z
c8d436,2,10,3,t,e7cca1,2021-01-03T14:44:58.070Z
e31d39,1,10,2,t,d883c3,2021-01-17T23:37:49.699Z
72f5d4,4,19,2,t,d883c3,2021-01-17T23:37:49.699Z
5d267b,1,40,2,t,d883c3,2021-01-17T23:37:49.699Z
2a2353,1,57,2,t,d883c3,2021-01-17T23:37:49.699Z
2feb6b,5,29,2,t,d883c3,2021-01-17T23:37:49.699Z
e31d39,5,10,3,t,93bcb3,2021-03-25T08:41:55.161Z
d5e9a6,2,23,3,t,93bcb3,2021-03-25T08:41:55.161Z
72f5d4,2,19,3,t,93bcb3,2021-03-25T08:41:55.161Z
9ec847,4,54,3,t,93bcb3,2021-03-25T08:41:55.161Z
5d267b,1,40,3,t,93bcb3,2021-03-25T08:41:55.161Z
2a2353,4,57,3,t,93bcb3,2021-03-25T08:41:55.161Z
f084eb,1,36,3,t,93bcb3,2021-03-25T08:41:55.161Z
e83aa3,2,32,17,t,fd7636,2021-02-23T23:19:47.193Z
72f5d4,5,19,17,t,fd7636,2021-02-23T23:19:47.193Z
9ec847,1,54,17,t,fd7636,2021-02-23T23:19:47.193Z
5d267b,1,40,17,t,fd7636,2021-02-23T23:19:47.193Z
c8d436,3,10,17,t,fd7636,2021-02-23T23:19:47.193Z
2a2353,2,57,17,t,fd7636,2021-02-23T23:19:47.193Z
2feb6b,1,29,17,t,fd7636,2021-02-23T23:19:47.193Z
c4a632,1,13,14,t,02125d,2021-03-15T12:41:49.833Z
e83aa3,3,32,14,t,02125d,2021-03-15T12:41:49.833Z
e31d39,2,10,14,t,02125d,2021-03-15T12:41:49.833Z
9ec847,4,54,14,t,02125d,2021-03-15T12:41:49.833Z
2a2353,3,57,14,t,02125d,2021-03-15T12:41:49.833Z
f084eb,1,36,14,t,02125d,2021-03-15T12:41:49.833Z
2feb6b,5,29,14,t,02125d,2021-03-15T12:41:49.833Z
e83aa3,2,32,21,f,3f2289,2021-02-06T17:03:14.630Z
72f5d4,4,19,21,f,3f2289,2021-02-06T17:03:14.630Z
9ec847,5,54,21,f,3f2289,2021-02-06T17:03:14.630Z
f084eb,2,36,21,f,3f2289,2021-02-06T17:03:14.630Z
b9a74d,4,17,21,f,3f2289,2021-02-06T17:03:14.630Z
2feb6b,3,29,21,f,3f2289,2021-02-06T17:03:14.630Z
e83aa3,4,32,23,t,6bca41,2021-02-10T14:12:36.316Z
e31d39,5,10,23,t,6bca41,2021-02-10T14:12:36.316Z
d5e9a6,3,23,23,t,6bca41,2021-02-10T14:12:36.316Z
2a2353,4,57,23,t,6bca41,2021-02-10T14:12:36.316Z
f084eb,4,36,23,t,6bca41,2021-02-10T14:12:36.316Z
2feb6b,1,29,23,t,6bca41,2021-02-10T14:12:36.316Z
c4a632,5,13,17,f,aa3ea2,2021-03-19T14:37:02.870Z
e83aa3,5,32,17,f,aa3ea2,2021-03-19T14:37:02.870Z
9ec847,4,54,17,f,aa3ea2,2021-03-19T14:37:02.870Z
c8d436,3,10,17,f,aa3ea2,2021-03-19T14:37:02.870Z
2feb6b,5,29,17,f,aa3ea2,2021-03-19T14:37:02.870Z
c4a632,5,13,12,f,f196b0,2021-03-03T21:54:44.150Z
e83aa3,2,32,12,f,f196b0,2021-03-03T21:54:44.150Z
e31d39,2,10,12,f,f196b0,2021-03-03T21:54:44.150Z
9ec847,4,54,12,f,f196b0,2021-03-03T21:54:44.150Z
2a2353,3,57,12,f,f196b0,2021-03-03T21:54:44.150Z
b9a74d,4,17,12,f,f196b0,2021-03-03T21:54:44.150Z
c4a632,3,13,18,t,799198,2021-03-24T20:16:49.296Z
e83aa3,1,32,18,t,799198,2021-03-24T20:16:49.296Z
e31d39,2,10,18,t,799198,2021-03-24T20:16:49.296Z
72f5d4,5,19,18,t,799198,2021-03-24T20:16:49.296Z
9ec847,1,54,18,t,799198,2021-03-24T20:16:49.296Z
5d267b,4,40,18,t,799198,2021-03-24T20:16:49.296Z
c8d436,2,10,18,t,799198,2021-03-24T20:16:49.296Z
f084eb,3,36,18,t,799198,2021-03-24T20:16:49.296Z
b9a74d,4,17,18,t,799198,2021-03-24T20:16:49.296Z
c4a632,1,13,11,t,b2efc2,2021-03-13T23:36:45.417Z
e83aa3,3,32,11,t,b2efc2,2021-03-13T23:36:45.417Z
e31d39,3,10,11,t,b2efc2,2021-03-13T23:36:45.417Z
d5e9a6,1,23,11,t,b2efc2,2021-03-13T23:36:45.417Z
72f5d4,4,19,11,t,b2efc2,2021-03-13T23:36:45.417Z
c8d436,3,10,11,t,b2efc2,2021-03-13T23:36:45.417Z
f084eb,4,36,11,t,b2efc2,2021-03-13T23:36:45.417Z
9ec847,4,54,2,f,182260,2021-03-16T05:20:14.150Z
5d267b,4,40,2,f,182260,2021-03-16T05:20:14.150Z
f084eb,1,36,2,f,182260,2021-03-16T05:20:14.150Z
b9a74d,2,17,2,f,182260,2021-03-16T05:20:14.150Z
2feb6b,1,29,2,f,182260,2021-03-16T05:20:14.150Z
e83aa3,1,32,23,t,6083b5,2021-03-02T14:17:45.628Z
d5e9a6,1,23,23,t,6083b5,2021-03-02T14:17:45.628Z
9ec847,5,54,23,t,6083b5,2021-03-02T14:17:45.628Z
5d267b,4,40,23,t,6083b5,2021-03-02T14:17:45.628Z
c8d436,5,10,23,t,6083b5,2021-03-02T14:17:45.628Z
f084eb,1,36,23,t,6083b5,2021-03-02T14:17:45.628Z
e83aa3,5,32,21,f,f46097,2021-03-02T18:41:24.086Z
d5e9a6,5,23,21,f,f46097,2021-03-02T18:41:24.086Z
5d267b,4,40,21,f,f46097,2021-03-02T18:41:24.086Z
c8d436,1,10,21,f,f46097,2021-03-02T18:41:24.086Z
b9a74d,4,17,21,f,f46097,2021-03-02T18:41:24.086Z
2feb6b,3,29,21,f,f46097,2021-03-02T18:41:24.086Z
e31d39,2,10,13,f,e6c20d,2021-03-22T16:52:08.745Z
72f5d4,5,19,13,f,e6c20d,2021-03-22T16:52:08.745Z
9ec847,3,54,13,f,e6c20d,2021-03-22T16:52:08.745Z
5d267b,1,40,13,f,e6c20d,2021-03-22T16:52:08.745Z
c8d436,2,10,13,f,e6c20d,2021-03-22T16:52:08.745Z
f084eb,4,36,13,f,e6c20d,2021-03-22T16:52:08.745Z
b9a74d,2,17,13,f,e6c20d,2021-03-22T16:52:08.745Z
2feb6b,4,29,13,f,e6c20d,2021-03-22T16:52:08.745Z
e31d39,3,10,15,t,48f43a,2021-02-15T08:14:29.760Z
d5e9a6,4,23,15,t,48f43a,2021-02-15T08:14:29.760Z
72f5d4,5,19,15,t,48f43a,2021-02-15T08:14:29.760Z
9ec847,4,54,15,t,48f43a,2021-02-15T08:14:29.760Z
5d267b,2,40,15,t,48f43a,2021-02-15T08:14:29.760Z
2a2353,4,57,15,t,48f43a,2021-02-15T08:14:29.760Z
e31d39,1,10,19,f,b313cb,2021-03-29T13:15:08.352Z
d5e9a6,2,23,19,f,b313cb,2021-03-29T13:15:08.352Z
72f5d4,4,19,19,f,b313cb,2021-03-29T13:15:08.352Z
9ec847,3,54,19,f,b313cb,2021-03-29T13:15:08.352Z
5d267b,2,40,19,f,b313cb,2021-03-29T13:15:08.352Z
c8d436,5,10,19,f,b313cb,2021-03-29T13:15:08.352Z
f084eb,4,36,19,f,b313cb,2021-03-29T13:15:08.352Z
2feb6b,3,29,19,f,b313cb,2021-03-29T13:15:08.352Z
e83aa3,4,32,20,t,455d20,2021-01-05T18:37:41.001Z
d5e9a6,3,23,20,t,455d20,2021-01-05T18:37:41.001Z
9ec847,5,54,20,t,455d20,2021-01-05T18:37:41.001Z
f084eb,4,36,20,t,455d20,2021-01-05T18:37:41.001Z
b9a74d,3,17,20,t,455d20,2021-01-05T18:37:41.001Z
2feb6b,5,29,20,t,455d20,2021-01-05T18:37:41.001Z
e83aa3,4,32,24,t,543ffd,2021-01-23T20:57:23.011Z
e31d39,4,10,24,t,543ffd,2021-01-23T20:57:23.011Z
9ec847,3,54,24,t,543ffd,2021-01-23T20:57:23.011Z
f084eb,3,36,24,t,543ffd,2021-01-23T20:57:23.011Z
b9a74d,4,17,24,t,543ffd,2021-01-23T20:57:23.011Z
2feb6b,3,29,24,t,543ffd,2021-01-23T20:57:23.011Z
d5e9a6,5,23,6,f,e978e1,2021-01-06T09:48:07.315Z
72f5d4,4,19,6,f,e978e1,2021-01-06T09:48:07.315Z
5d267b,1,40,6,f,e978e1,2021-01-06T09:48:07.315Z
c8d436,1,10,6,f,e978e1,2021-01-06T09:48:07.315Z
2a2353,4,57,6,f,e978e1,2021-01-06T09:48:07.315Z
f084eb,3,36,6,f,e978e1,2021-01-06T09:48:07.315Z
c4a632,3,13,6,t,2f7bd0,2021-02-03T09:53:23.452Z
e83aa3,2,32,6,t,2f7bd0,2021-02-03T09:53:23.452Z
e31d39,1,10,6,t,2f7bd0,2021-02-03T09:53:23.452Z
9ec847,5,54,6,t,2f7bd0,2021-02-03T09:53:23.452Z
5d267b,3,40,6,t,2f7bd0,2021-02-03T09:53:23.452Z
c8d436,2,10,6,t,2f7bd0,2021-02-03T09:53:23.452Z
2a2353,5,57,6,t,2f7bd0,2021-02-03T09:53:23.452Z
b9a74d,4,17,6,t,2f7bd0,2021-02-03T09:53:23.452Z
2feb6b,5,29,6,t,2f7bd0,2021-02-03T09:53:23.452Z
e31d39,2,10,20,t,b11df3,2021-03-10T22:55:40.944Z
72f5d4,1,19,20,t,b11df3,2021-03-10T22:55:40.944Z
9ec847,1,54,20,t,b11df3,2021-03-10T22:55:40.944Z
c8d436,4,10,20,t,b11df3,2021-03-10T22:55:40.944Z
2a2353,2,57,20,t,b11df3,2021-03-10T22:55:40.944Z
f084eb,5,36,20,t,b11df3,2021-03-10T22:55:40.944Z
2feb6b,5,29,20,t,b11df3,2021-03-10T22:55:40.944Z
e83aa3,2,32,13,f,3419f2,2021-03-08T14:44:45.456Z
72f5d4,5,19,13,f,3419f2,2021-03-08T14:44:45.456Z
9ec847,5,54,13,f,3419f2,2021-03-08T14:44:45.456Z
5d267b,1,40,13,f,3419f2,2021-03-08T14:44:45.456Z
c8d436,2,10,13,f,3419f2,2021-03-08T14:44:45.456Z
2a2353,5,57,13,f,3419f2,2021-03-08T14:44:45.456Z
f084eb,5,36,13,f,3419f2,2021-03-08T14:44:45.456Z
b9a74d,5,17,13,f,3419f2,2021-03-08T14:44:45.456Z
c4a632,1,13,21,f,17662d,2021-01-25T13:00:28.195Z
e83aa3,4,32,21,f,17662d,2021-01-25T13:00:28.195Z
e31d39,2,10,21,f,17662d,2021-01-25T13:00:28.195Z
5d267b,4,40,21,f,17662d,2021-01-25T13:00:28.195Z
c8d436,3,10,21,f,17662d,2021-01-25T13:00:28.195Z
f084eb,1,36,21,f,17662d,2021-01-25T13:00:28.195Z
b9a74d,3,17,21,f,17662d,2021-01-25T13:00:28.195Z
2feb6b,1,29,21,f,17662d,2021-01-25T13:00:28.195Z
c4a632,2,13,22,t,bbe92b,2021-03-18T10:38:09.628Z
e83aa3,4,32,22,t,bbe92b,2021-03-18T10:38:09.628Z
9ec847,3,54,22,t,bbe92b,2021-03-18T10:38:09.628Z
c8d436,5,10,22,t,bbe92b,2021-03-18T10:38:09.628Z
f084eb,1,36,22,t,bbe92b,2021-03-18T10:38:09.628Z
2feb6b,3,29,22,t,bbe92b,2021-03-18T10:38:09.628Z
c4a632,5,13,13,t,f51e02,2021-03-25T01:26:00.585Z
e31d39,3,10,13,t,f51e02,2021-03-25T01:26:00.585Z
d5e9a6,4,23,13,t,f51e02,2021-03-25T01:26:00.585Z
72f5d4,5,19,13,t,f51e02,2021-03-25T01:26:00.585Z
5d267b,4,40,13,t,f51e02,2021-03-25T01:26:00.585Z
f084eb,3,36,13,t,f51e02,2021-03-25T01:26:00.585Z
b9a74d,3,17,13,t,f51e02,2021-03-25T01:26:00.585Z
e83aa3,2,32,4,t,790f32,2021-02-26T00:25:54.768Z
e31d39,5,10,4,t,790f32,2021-02-26T00:25:54.768Z
d5e9a6,1,23,4,t,790f32,2021-02-26T00:25:54.768Z
2a2353,1,57,4,t,790f32,2021-02-26T00:25:54.768Z
f084eb,3,36,4,t,790f32,2021-02-26T00:25:54.768Z
c4a632,4,13,19,t,513df6,2021-02-23T23:11:49.401Z
e83aa3,1,32,19,t,513df6,2021-02-23T23:11:49.401Z
d5e9a6,2,23,19,t,513df6,2021-02-23T23:11:49.401Z
72f5d4,3,19,19,t,513df6,2021-02-23T23:11:49.401Z
5d267b,3,40,19,t,513df6,2021-02-23T23:11:49.401Z
2a2353,4,57,19,t,513df6,2021-02-23T23:11:49.401Z
c4a632,5,13,14,t,b822e8,2021-01-28T21:43:34.896Z
e83aa3,3,32,14,t,b822e8,2021-01-28T21:43:34.896Z
9ec847,3,54,14,t,b822e8,2021-01-28T21:43:34.896Z
f084eb,2,36,14,t,b822e8,2021-01-28T21:43:34.896Z
b9a74d,5,17,14,t,b822e8,2021-01-28T21:43:34.896Z
e31d39,5,10,21,f,c7b12c,2021-01-24T23:12:12.470Z
d5e9a6,2,23,21,f,c7b12c,2021-01-24T23:12:12.470Z
72f5d4,3,19,21,f,c7b12c,2021-01-24T23:12:12.470Z
2feb6b,1,29,21,f,c7b12c,2021-01-24T23:12:12.470Z
c4a632,2,13,12,f,a81c02,2021-01-30T02:42:25.142Z
e83aa3,1,32,12,f,a81c02,2021-01-30T02:42:25.142Z
d5e9a6,5,23,12,f,a81c02,2021-01-30T02:42:25.142Z
9ec847,2,54,12,f,a81c02,2021-01-30T02:42:25.142Z
c8d436,5,10,12,f,a81c02,2021-01-30T02:42:25.142Z
e83aa3,4,32,10,t,882a67,2021-02-25T11:02:16.742Z
9ec847,2,54,10,t,882a67,2021-02-25T11:02:16.742Z
5d267b,5,40,10,t,882a67,2021-02-25T11:02:16.742Z
f084eb,4,36,10,t,882a67,2021-02-25T11:02:16.742Z
b9a74d,3,17,10,t,882a67,2021-02-25T11:02:16.742Z
2feb6b,1,29,10,t,882a67,2021-02-25T11:02:16.742Z
e83aa3,4,32,1,t,c53469,2021-01-02T13:13:18.105Z
e31d39,5,10,1,t,c53469,2021-01-02T13:13:18.105Z
d5e9a6,3,23,1,t,c53469,2021-01-02T13:13:18.105Z
9ec847,4,54,1,t,c53469,2021-01-02T13:13:18.105Z
5d267b,5,40,1,t,c53469,2021-01-02T13:13:18.105Z
2a2353,5,57,1,t,c53469,2021-01-02T13:13:18.105Z
b9a74d,1,17,1,t,c53469,2021-01-02T13:13:18.105Z
e83aa3,4,32,21,f,b3eff9,2021-01-11T06:43:15.628Z
e31d39,5,10,21,f,b3eff9,2021-01-11T06:43:15.628Z
d5e9a6,4,23,21,f,b3eff9,2021-01-11T06:43:15.628Z
72f5d4,4,19,21,f,b3eff9,2021-01-11T06:43:15.628Z
c8d436,4,10,21,f,b3eff9,2021-01-11T06:43:15.628Z
c4a632,5,13,22,t,a20e18,2021-03-16T22:15:25.459Z
e83aa3,3,32,22,t,a20e18,2021-03-16T22:15:25.459Z
e31d39,2,10,22,t,a20e18,2021-03-16T22:15:25.459Z
b9a74d,1,17,22,t,a20e18,2021-03-16T22:15:25.459Z
2feb6b,5,29,22,t,a20e18,2021-03-16T22:15:25.459Z
e83aa3,1,32,16,f,2d017f,2021-03-22T05:28:14.016Z
9ec847,1,54,16,f,2d017f,2021-03-22T05:28:14.016Z
5d267b,3,40,16,f,2d017f,2021-03-22T05:28:14.016Z
c8d436,1,10,16,f,2d017f,2021-03-22T05:28:14.016Z
2feb6b,4,29,16,f,2d017f,2021-03-22T05:28:14.016Z
e83aa3,2,32,19,f,e73280,2021-03-24T14:33:59.788Z
9ec847,5,54,19,f,e73280,2021-03-24T14:33:59.788Z
5d267b,5,40,19,f,e73280,2021-03-24T14:33:59.788Z
2a2353,1,57,19,f,e73280,2021-03-24T14:33:59.788Z
b9a74d,1,17,19,f,e73280,2021-03-24T14:33:59.788Z
2feb6b,4,29,19,f,e73280,2021-03-24T14:33:59.788Z
e83aa3,5,32,3,t,2ebc85,2021-03-07T05:42:05.356Z
d5e9a6,4,23,3,t,2ebc85,2021-03-07T05:42:05.356Z
9ec847,3,54,3,t,2ebc85,2021-03-07T05:42:05.356Z
5d267b,2,40,3,t,2ebc85,2021-03-07T05:42:05.356Z
c8d436,3,10,3,t,2ebc85,2021-03-07T05:42:05.356Z
2a2353,2,57,3,t,2ebc85,2021-03-07T05:42:05.356Z
e31d39,2,10,18,t,394387,2021-02-22T20:31:02.841Z
d5e9a6,2,23,18,t,394387,2021-02-22T20:31:02.841Z
9ec847,2,54,18,t,394387,2021-02-22T20:31:02.841Z
2a2353,5,57,18,t,394387,2021-02-22T20:31:02.841Z
f084eb,4,36,18,t,394387,2021-02-22T20:31:02.841Z
e83aa3,4,32,8,t,388ace,2021-02-07T23:11:19.852Z
72f5d4,5,19,8,t,388ace,2021-02-07T23:11:19.852Z
9ec847,4,54,8,t,388ace,2021-02-07T23:11:19.852Z
2a2353,2,57,8,t,388ace,2021-02-07T23:11:19.852Z
f084eb,3,36,8,t,388ace,2021-02-07T23:11:19.852Z
b9a74d,1,17,8,t,388ace,2021-02-07T23:11:19.852Z
72f5d4,4,19,13,f,5d032f,2021-03-01T12:04:35.356Z
9ec847,4,54,13,f,5d032f,2021-03-01T12:04:35.356Z
5d267b,3,40,13,f,5d032f,2021-03-01T12:04:35.356Z
b9a74d,4,17,13,f,5d032f,2021-03-01T12:04:35.356Z
e83aa3,3,32,22,t,c57647,2021-02-17T22:57:02.851Z
e31d39,1,10,22,t,c57647,2021-02-17T22:57:02.851Z
d5e9a6,3,23,22,t,c57647,2021-02-17T22:57:02.851Z
72f5d4,4,19,22,t,c57647,2021-02-17T22:57:02.851Z
9ec847,5,54,22,t,c57647,2021-02-17T22:57:02.851Z
5d267b,4,40,22,t,c57647,2021-02-17T22:57:02.851Z
2a2353,3,57,22,t,c57647,2021-02-17T22:57:02.851Z
f084eb,5,36,22,t,c57647,2021-02-17T22:57:02.851Z
2feb6b,5,29,22,t,c57647,2021-02-17T22:57:02.851Z
e83aa3,3,32,6,t,9b0710,2021-03-11T01:31:57.504Z
e31d39,5,10,6,t,9b0710,2021-03-11T01:31:57.504Z
d5e9a6,3,23,6,t,9b0710,2021-03-11T01:31:57.504Z
72f5d4,3,19,6,t,9b0710,2021-03-11T01:31:57.504Z
c8d436,5,10,6,t,9b0710,2021-03-11T01:31:57.504Z
b9a74d,2,17,6,t,9b0710,2021-03-11T01:31:57.504Z
2feb6b,1,29,6,t,9b0710,2021-03-11T01:31:57.504Z
c4a632,3,13,4,t,9bf6c4,2021-03-28T02:40:09.840Z
e31d39,3,10,4,t,9bf6c4,2021-03-28T02:40:09.840Z
9ec847,2,54,4,t,9bf6c4,2021-03-28T02:40:09.840Z
c8d436,1,10,4,t,9bf6c4,2021-03-28T02:40:09.840Z
2a2353,4,57,4,t,9bf6c4,2021-03-28T02:40:09.840Z
b9a74d,1,17,4,t,9bf6c4,2021-03-28T02:40:09.840Z
2feb6b,5,29,4,t,9bf6c4,2021-03-28T02:40:09.840Z
e83aa3,2,32,24,t,7629da,2021-01-19T01:51:57.945Z
e31d39,4,10,24,t,7629da,2021-01-19T01:51:57.945Z
d5e9a6,4,23,24,t,7629da,2021-01-19T01:51:57.945Z
72f5d4,5,19,24,t,7629da,2021-01-19T01:51:57.945Z
9ec847,2,54,24,t,7629da,2021-01-19T01:51:57.945Z
2a2353,3,57,24,t,7629da,2021-01-19T01:51:57.945Z
f084eb,3,36,24,t,7629da,2021-01-19T01:51:57.945Z
2feb6b,2,29,24,t,7629da,2021-01-19T01:51:57.945Z
e31d39,3,10,10,f,119a3c,2021-03-03T08:50:07.555Z
72f5d4,2,19,10,f,119a3c,2021-03-03T08:50:07.555Z
f084eb,3,36,10,f,119a3c,2021-03-03T08:50:07.555Z
2feb6b,3,29,10,f,119a3c,2021-03-03T08:50:07.555Z
72f5d4,2,19,3,f,9ef316,2021-02-27T06:40:47.625Z
5d267b,4,40,3,f,9ef316,2021-02-27T06:40:47.625Z
f084eb,5,36,3,f,9ef316,2021-02-27T06:40:47.625Z
b9a74d,2,17,3,f,9ef316,2021-02-27T06:40:47.625Z
d5e9a6,4,23,14,t,d31e25,2021-01-16T16:19:53.472Z
9ec847,2,54,14,t,d31e25,2021-01-16T16:19:53.472Z
c8d436,4,10,14,t,d31e25,2021-01-16T16:19:53.472Z
2a2353,4,57,14,t,d31e25,2021-01-16T16:19:53.472Z
f084eb,1,36,14,t,d31e25,2021-01-16T16:19:53.472Z
e83aa3,4,32,11,f,650fa3,2021-03-29T13:32:47.529Z
e31d39,5,10,11,f,650fa3,2021-03-29T13:32:47.529Z
72f5d4,3,19,11,f,650fa3,2021-03-29T13:32:47.529Z
c8d436,4,10,11,f,650fa3,2021-03-29T13:32:47.529Z
f084eb,4,36,11,f,650fa3,2021-03-29T13:32:47.529Z
b9a74d,4,17,11,f,650fa3,2021-03-29T13:32:47.529Z
2feb6b,3,29,11,f,650fa3,2021-03-29T13:32:47.529Z
9ec847,3,54,21,t,5c2edb,2021-02-28T12:29:18.844Z
5d267b,1,40,21,t,5c2edb,2021-02-28T12:29:18.844Z
c8d436,2,10,21,t,5c2edb,2021-02-28T12:29:18.844Z
f084eb,1,36,21,t,5c2edb,2021-02-28T12:29:18.844Z
b9a74d,5,17,21,t,5c2edb,2021-02-28T12:29:18.844Z
2feb6b,3,29,21,t,5c2edb,2021-02-28T12:29:18.844Z
c4a632,5,13,15,t,b27f25,2021-03-09T22:13:22.512Z
e83aa3,3,32,15,t,b27f25,2021-03-09T22:13:22.512Z
e31d39,5,10,15,t,b27f25,2021-03-09T22:13:22.512Z
5d267b,2,40,15,t,b27f25,2021-03-09T22:13:22.512Z
2a2353,2,57,15,t,b27f25,2021-03-09T22:13:22.512Z
e31d39,1,10,8,t,a037d3,2021-03-14T18:45:34.819Z
d5e9a6,2,23,8,t,a037d3,2021-03-14T18:45:34.819Z
9ec847,4,54,8,t,a037d3,2021-03-14T18:45:34.819Z
5d267b,2,40,8,t,a037d3,2021-03-14T18:45:34.819Z
2a2353,5,57,8,t,a037d3,2021-03-14T18:45:34.819Z
b9a74d,5,17,8,t,a037d3,2021-03-14T18:45:34.819Z
c4a632,2,13,17,t,790140,2021-01-21T08:15:34.473Z
72f5d4,5,19,17,t,790140,2021-01-21T08:15:34.473Z
5d267b,2,40,17,t,790140,2021-01-21T08:15:34.473Z
c8d436,5,10,17,t,790140,2021-01-21T08:15:34.473Z
2a2353,5,57,17,t,790140,2021-01-21T08:15:34.473Z
e83aa3,5,32,19,f,895233,2021-02-02T18:52:29.280Z
e31d39,4,10,19,f,895233,2021-02-02T18:52:29.280Z
9ec847,5,54,19,f,895233,2021-02-02T18:52:29.280Z
5d267b,3,40,19,f,895233,2021-02-02T18:52:29.280Z
c8d436,4,10,19,f,895233,2021-02-02T18:52:29.280Z
2a2353,4,57,19,f,895233,2021-02-02T18:52:29.280Z
f084eb,3,36,19,f,895233,2021-02-02T18:52:29.280Z
c4a632,4,13,8,t,aa2b36,2021-02-03T08:48:46.166Z
72f5d4,4,19,8,t,aa2b36,2021-02-03T08:48:46.166Z
9ec847,4,54,8,t,aa2b36,2021-02-03T08:48:46.166Z
5d267b,5,40,8,t,aa2b36,2021-02-03T08:48:46.166Z
f084eb,1,36,8,t,aa2b36,2021-02-03T08:48:46.166Z
b9a74d,2,17,8,t,aa2b36,2021-02-03T08:48:46.166Z
e83aa3,4,32,1,t,2bd71a,2021-01-30T03:14:15.446Z
e31d39,4,10,1,t,2bd71a,2021-01-30T03:14:15.446Z
72f5d4,4,19,1,t,2bd71a,2021-01-30T03:14:15.446Z
5d267b,2,40,1,t,2bd71a,2021-01-30T03:14:15.446Z
f084eb,5,36,1,t,2bd71a,2021-01-30T03:14:15.446Z
2feb6b,5,29,1,t,2bd71a,2021-01-30T03:14:15.446Z
9ec847,4,54,11,t,fc7f84,2021-01-23T16:09:57.312Z
5d267b,2,40,11,t,fc7f84,2021-01-23T16:09:57.312Z
f084eb,5,36,11,t,fc7f84,2021-01-23T16:09:57.312Z
c4a632,1,13,24,f,638e0b,2021-03-20T19:41:08.649Z
e83aa3,5,32,24,f,638e0b,2021-03-20T19:41:08.649Z
e31d39,1,10,24,f,638e0b,2021-03-20T19:41:08.649Z
d5e9a6,3,23,24,f,638e0b,2021-03-20T19:41:08.649Z
72f5d4,2,19,24,f,638e0b,2021-03-20T19:41:08.649Z
5d267b,2,40,24,f,638e0b,2021-03-20T19:41:08.649Z
c8d436,2,10,24,f,638e0b,2021-03-20T19:41:08.649Z
2a2353,5,57,24,f,638e0b,2021-03-20T19:41:08.649Z
f084eb,3,36,24,f,638e0b,2021-03-20T19:41:08.649Z
b9a74d,4,17,24,f,638e0b,2021-03-20T19:41:08.649Z
2feb6b,3,29,24,f,638e0b,2021-03-20T19:41:08.649Z
c4a632,4,13,12,f,ca0b7e,2021-03-19T10:46:33.945Z
d5e9a6,5,23,12,f,ca0b7e,2021-03-19T10:46:33.945Z
72f5d4,2,19,12,f,ca0b7e,2021-03-19T10:46:33.945Z
c8d436,2,10,12,f,ca0b7e,2021-03-19T10:46:33.945Z
b9a74d,4,17,12,f,ca0b7e,2021-03-19T10:46:33.945Z
e83aa3,4,32,8,t,c68b0e,2021-02-21T08:21:50.659Z
d5e9a6,4,23,8,t,c68b0e,2021-02-21T08:21:50.659Z
5d267b,5,40,8,t,c68b0e,2021-02-21T08:21:50.659Z
c8d436,1,10,8,t,c68b0e,2021-02-21T08:21:50.659Z
f084eb,1,36,8,t,c68b0e,2021-02-21T08:21:50.659Z
e83aa3,4,32,7,f,0b3460,2021-02-18T07:49:56.121Z
e31d39,4,10,7,f,0b3460,2021-02-18T07:49:56.121Z
d5e9a6,4,23,7,f,0b3460,2021-02-18T07:49:56.121Z
72f5d4,4,19,7,f,0b3460,2021-02-18T07:49:56.121Z
5d267b,5,40,7,f,0b3460,2021-02-18T07:49:56.121Z
c8d436,4,10,7,f,0b3460,2021-02-18T07:49:56.121Z
f084eb,1,36,7,f,0b3460,2021-02-18T07:49:56.121Z
b9a74d,5,17,7,f,0b3460,2021-02-18T07:49:56.121Z
2feb6b,2,29,7,f,0b3460,2021-02-18T07:49:56.121Z
e31d39,1,10,16,f,707929,2021-03-13T03:07:02.236Z
d5e9a6,4,23,16,f,707929,2021-03-13T03:07:02.236Z
72f5d4,3,19,16,f,707929,2021-03-13T03:07:02.236Z
9ec847,1,54,16,f,707929,2021-03-13T03:07:02.236Z
5d267b,3,40,16,f,707929,2021-03-13T03:07:02.236Z
e83aa3,2,32,16,t,1058c1,2021-03-13T18:41:27.628Z
e31d39,3,10,16,t,1058c1,2021-03-13T18:41:27.628Z
d5e9a6,1,23,16,t,1058c1,2021-03-13T18:41:27.628Z
5d267b,4,40,16,t,1058c1,2021-03-13T18:41:27.628Z
2a2353,5,57,16,t,1058c1,2021-03-13T18:41:27.628Z
2feb6b,3,29,16,t,1058c1,2021-03-13T18:41:27.628Z
e83aa3,1,32,18,t,327597,2021-02-02T06:57:07.747Z
72f5d4,1,19,18,t,327597,2021-02-02T06:57:07.747Z
2a2353,3,57,18,t,327597,2021-02-02T06:57:07.747Z
b9a74d,1,17,18,t,327597,2021-02-02T06:57:07.747Z
2feb6b,1,29,18,t,327597,2021-02-02T06:57:07.747Z
c4a632,4,13,2,t,d80692,2021-01-08T19:57:08.121Z
e83aa3,2,32,2,t,d80692,2021-01-08T19:57:08.121Z
d5e9a6,2,23,2,t,d80692,2021-01-08T19:57:08.121Z
9ec847,4,54,2,t,d80692,2021-01-08T19:57:08.121Z
f084eb,1,36,2,t,d80692,2021-01-08T19:57:08.121Z
2feb6b,1,29,2,t,d80692,2021-01-08T19:57:08.121Z
c4a632,5,13,23,f,ef9c69,2021-01-22T13:16:34.406Z
d5e9a6,3,23,23,f,ef9c69,2021-01-22T13:16:34.406Z
72f5d4,1,19,23,f,ef9c69,2021-01-22T13:16:34.406Z
c8d436,1,10,23,f,ef9c69,2021-01-22T13:16:34.406Z
2a2353,3,57,23,f,ef9c69,2021-01-22T13:16:34.406Z
b9a74d,5,17,23,f,ef9c69,2021-01-22T13:16:34.406Z
2feb6b,5,29,23,f,ef9c69,2021-01-22T13:16:34.406Z
d5e9a6,4,23,16,f,2b0ff7,2021-01-21T22:53:42.144Z
9ec847,2,54,16,f,2b0ff7,2021-01-21T22:53:42.144Z
5d267b,1,40,16,f,2b0ff7,2021-01-21T22:53:42.144Z
c8d436,5,10,16,f,2b0ff7,2021-01-21T22:53:42.144Z
2feb6b,2,29,16,f,2b0ff7,2021-01-21T22:53:42.144Z
c4a632,1,13,6,f,8cc137,2021-01-29T05:27:22.003Z
e83aa3,4,32,6,f,8cc137,2021-01-29T05:27:22.003Z
e31d39,2,10,6,f,8cc137,2021-01-29T05:27:22.003Z
9ec847,1,54,6,f,8cc137,2021-01-29T05:27:22.003Z
5d267b,1,40,6,f,8cc137,2021-01-29T05:27:22.003Z
c8d436,1,10,6,f,8cc137,2021-01-29T05:27:22.003Z
f084eb,5,36,6,f,8cc137,2021-01-29T05:27:22.003Z
2feb6b,3,29,6,f,8cc137,2021-01-29T05:27:22.003Z
e31d39,5,10,18,f,1cac77,2021-01-29T02:02:39.552Z
72f5d4,2,19,18,f,1cac77,2021-01-29T02:02:39.552Z
9ec847,5,54,18,f,1cac77,2021-01-29T02:02:39.552Z
5d267b,3,40,18,f,1cac77,2021-01-29T02:02:39.552Z
c8d436,5,10,18,f,1cac77,2021-01-29T02:02:39.552Z
2a2353,2,57,18,f,1cac77,2021-01-29T02:02:39.552Z
f084eb,4,36,18,f,1cac77,2021-01-29T02:02:39.552Z
b9a74d,1,17,18,f,1cac77,2021-01-29T02:02:39.552Z
5d267b,1,40,13,t,ca644e,2021-01-14T13:16:24.038Z
2a2353,4,57,13,t,ca644e,2021-01-14T13:16:24.038Z
f084eb,4,36,13,t,ca644e,2021-01-14T13:16:24.038Z
b9a74d,5,17,13,t,ca644e,2021-01-14T13:16:24.038Z
e83aa3,4,32,3,f,f84f5e,2021-01-26T08:44:18.585Z
e31d39,1,10,3,f,f84f5e,2021-01-26T08:44:18.585Z
d5e9a6,4,23,3,f,f84f5e,2021-01-26T08:44:18.585Z
5d267b,1,40,3,f,f84f5e,2021-01-26T08:44:18.585Z
c8d436,4,10,3,f,f84f5e,2021-01-26T08:44:18.585Z
f084eb,3,36,3,f,f84f5e,2021-01-26T08:44:18.585Z
b9a74d,5,17,3,f,f84f5e,2021-01-26T08:44:18.585Z
c4a632,3,13,24,t,58f28f,2021-03-23T08:31:12.864Z
e83aa3,4,32,24,t,58f28f,2021-03-23T08:31:12.864Z
e31d39,2,10,24,t,58f28f,2021-03-23T08:31:12.864Z
72f5d4,2,19,24,t,58f28f,2021-03-23T08:31:12.864Z
9ec847,4,54,24,t,58f28f,2021-03-23T08:31:12.864Z
5d267b,1,40,24,t,58f28f,2021-03-23T08:31:12.864Z
c8d436,3,10,24,t,58f28f,2021-03-23T08:31:12.864Z
f084eb,4,36,24,t,58f28f,2021-03-23T08:31:12.864Z
2feb6b,5,29,24,t,58f28f,2021-03-23T08:31:12.864Z
e31d39,4,10,22,t,3fd0fa,2021-01-16T21:01:25.622Z
d5e9a6,4,23,22,t,3fd0fa,2021-01-16T21:01:25.622Z
5d267b,3,40,22,t,3fd0fa,2021-01-16T21:01:25.622Z
2a2353,5,57,21,f,ff344f,2021-03-02T12:11:10.550Z
f084eb,3,36,21,f,ff344f,2021-03-02T12:11:10.550Z
b9a74d,5,17,21,f,ff344f,2021-03-02T12:11:10.550Z
2feb6b,2,29,21,f,ff344f,2021-03-02T12:11:10.550Z
c4a632,4,13,7,t,a57e50,2021-01-16T14:31:39.734Z
9ec847,3,54,7,t,a57e50,2021-01-16T14:31:39.734Z
2a2353,2,57,7,t,a57e50,2021-01-16T14:31:39.734Z
b9a74d,5,17,7,t,a57e50,2021-01-16T14:31:39.734Z
e83aa3,3,32,20,t,ed671f,2021-02-02T23:04:21.504Z
72f5d4,2,19,20,t,ed671f,2021-02-02T23:04:21.504Z
5d267b,3,40,20,t,ed671f,2021-02-02T23:04:21.504Z
c8d436,3,10,20,t,ed671f,2021-02-02T23:04:21.504Z
b9a74d,5,17,20,t,ed671f,2021-02-02T23:04:21.504Z
e31d39,1,10,4,t,fa232b,2021-01-04T09:48:43.171Z
9ec847,1,54,4,t,fa232b,2021-01-04T09:48:43.171Z
2a2353,4,57,4,t,fa232b,2021-01-04T09:48:43.171Z
b9a74d,4,17,4,t,fa232b,2021-01-04T09:48:43.171Z
c4a632,4,13,1,f,7854fa,2021-03-01T14:58:09.667Z
e83aa3,3,32,1,f,7854fa,2021-03-01T14:58:09.667Z
e31d39,4,10,1,f,7854fa,2021-03-01T14:58:09.667Z
9ec847,1,54,1,f,7854fa,2021-03-01T14:58:09.667Z
2a2353,2,57,1,f,7854fa,2021-03-01T14:58:09.667Z
f084eb,4,36,1,f,7854fa,2021-03-01T14:58:09.667Z
b9a74d,4,17,1,f,7854fa,2021-03-01T14:58:09.667Z
2feb6b,4,29,1,f,7854fa,2021-03-01T14:58:09.667Z
c4a632,3,13,22,f,a89869,2021-03-30T07:33:11.548Z
72f5d4,3,19,22,f,a89869,2021-03-30T07:33:11.548Z
2a2353,3,57,22,f,a89869,2021-03-30T07:33:11.548Z
f084eb,3,36,22,f,a89869,2021-03-30T07:33:11.548Z
c4a632,1,13,3,t,58365d,2021-02-20T15:08:54.211Z
72f5d4,3,19,3,t,58365d,2021-02-20T15:08:54.211Z
9ec847,4,54,3,t,58365d,2021-02-20T15:08:54.211Z
c8d436,3,10,3,t,58365d,2021-02-20T15:08:54.211Z
2a2353,3,57,3,t,58365d,2021-02-20T15:08:54.211Z
c4a632,3,13,6,t,e01fd3,2021-03-11T23:50:02.889Z
e83aa3,5,32,6,t,e01fd3,2021-03-11T23:50:02.889Z
5d267b,2,40,6,t,e01fd3,2021-03-11T23:50:02.889Z
2a2353,2,57,6,t,e01fd3,2021-03-11T23:50:02.889Z
2feb6b,5,29,6,t,e01fd3,2021-03-11T23:50:02.889Z
c4a632,2,13,0,t,d22fd0,2021-03-08T09:11:59.107Z
72f5d4,3,19,0,t,d22fd0,2021-03-08T09:11:59.107Z
5d267b,1,40,0,t,d22fd0,2021-03-08T09:11:59.107Z
b9a74d,4,17,0,t,d22fd0,2021-03-08T09:11:59.107Z
2feb6b,3,29,0,t,d22fd0,2021-03-08T09:11:59.107Z
e31d39,3,10,23,t,929712,2021-03-05T11:52:26.659Z
72f5d4,2,19,23,t,929712,2021-03-05T11:52:26.659Z
9ec847,3,54,23,t,929712,2021-03-05T11:52:26.659Z
5d267b,5,40,23,t,929712,2021-03-05T11:52:26.659Z
c8d436,2,10,23,t,929712,2021-03-05T11:52:26.659Z
2a2353,2,57,23,t,929712,2021-03-05T11:52:26.659Z
f084eb,5,36,23,t,929712,2021-03-05T11:52:26.659Z
2feb6b,2,29,23,t,929712,2021-03-05T11:52:26.659Z
c4a632,3,13,24,t,e32656,2021-01-15T19:19:10.963Z
e83aa3,3,32,24,t,e32656,2021-01-15T19:19:10.963Z
72f5d4,4,19,24,t,e32656,2021-01-15T19:19:10.963Z
5d267b,1,40,24,t,e32656,2021-01-15T19:19:10.963Z
c8d436,3,10,24,t,e32656,2021-01-15T19:19:10.963Z
2a2353,1,57,24,t,e32656,2021-01-15T19:19:10.963Z
f084eb,2,36,24,t,e32656,2021-01-15T19:19:10.963Z
c4a632,2,13,13,f,965a82,2021-01-03T12:25:46.128Z
e83aa3,3,32,13,f,965a82,2021-01-03T12:25:46.128Z
72f5d4,2,19,13,f,965a82,2021-01-03T12:25:46.128Z
9ec847,5,54,13,f,965a82,2021-01-03T12:25:46.128Z
5d267b,5,40,13,f,965a82,2021-01-03T12:25:46.128Z
2feb6b,1,29,13,f,965a82,2021-01-03T12:25:46.128Z
c4a632,4,13,10,f,be6741,2021-03-04T18:59:44.995Z
e31d39,1,10,10,f,be6741,2021-03-04T18:59:44.995Z
5d267b,5,40,10,f,be6741,2021-03-04T18:59:44.995Z
c8d436,5,10,10,f,be6741,2021-03-04T18:59:44.995Z
b9a74d,4,17,10,f,be6741,2021-03-04T18:59:44.995Z
e83aa3,1,32,7,f,9.36E+06,2021-03-15T18:42:21.110Z
d5e9a6,2,23,7,f,9.36E+06,2021-03-15T18:42:21.110Z
9ec847,3,54,7,f,9.36E+06,2021-03-15T18:42:21.110Z
c8d436,5,10,7,f,9.36E+06,2021-03-15T18:42:21.110Z
2a2353,4,57,7,f,9.36E+06,2021-03-15T18:42:21.110Z
f084eb,2,36,7,f,9.36E+06,2021-03-15T18:42:21.110Z
e83aa3,1,32,9,f,7ed8b0,2021-01-20T04:17:56.140Z
e31d39,2,10,9,f,7ed8b0,2021-01-20T04:17:56.140Z
9ec847,5,54,9,f,7ed8b0,2021-01-20T04:17:56.140Z
5d267b,4,40,9,f,7ed8b0,2021-01-20T04:17:56.140Z
2a2353,5,57,9,f,7ed8b0,2021-01-20T04:17:56.140Z
b9a74d,5,17,9,f,7ed8b0,2021-01-20T04:17:56.140Z
2feb6b,3,29,9,f,7ed8b0,2021-01-20T04:17:56.140Z
e83aa3,5,32,18,t,9cb861,2021-02-13T20:59:04.963Z
d5e9a6,3,23,18,t,9cb861,2021-02-13T20:59:04.963Z
9ec847,3,54,18,t,9cb861,2021-02-13T20:59:04.963Z
5d267b,1,40,18,t,9cb861,2021-02-13T20:59:04.963Z
f084eb,4,36,18,t,9cb861,2021-02-13T20:59:04.963Z
e83aa3,4,32,18,f,368071,2021-01-20T18:47:24.028Z
e31d39,4,10,18,f,368071,2021-01-20T18:47:24.028Z
72f5d4,4,19,18,f,368071,2021-01-20T18:47:24.028Z
9ec847,3,54,18,f,368071,2021-01-20T18:47:24.028Z
5d267b,4,40,18,f,368071,2021-01-20T18:47:24.028Z
c8d436,5,10,18,f,368071,2021-01-20T18:47:24.028Z
2a2353,5,57,18,f,368071,2021-01-20T18:47:24.028Z
f084eb,1,36,18,f,368071,2021-01-20T18:47:24.028Z
d5e9a6,4,23,4,t,227b2b,2021-01-04T15:49:47.712Z
72f5d4,2,19,4,t,227b2b,2021-01-04T15:49:47.712Z
c8d436,5,10,4,t,227b2b,2021-01-04T15:49:47.712Z
2a2353,5,57,4,t,227b2b,2021-01-04T15:49:47.712Z
9ec847,3,54,8,t,ce3e22,2021-01-14T15:58:04.771Z
2a2353,5,57,8,t,ce3e22,2021-01-14T15:58:04.771Z
c4a632,1,13,10,t,f4a616,2021-02-12T13:05:21.955Z
e83aa3,4,32,10,t,f4a616,2021-02-12T13:05:21.955Z
e31d39,4,10,10,t,f4a616,2021-02-12T13:05:21.955Z
d5e9a6,1,23,10,t,f4a616,2021-02-12T13:05:21.955Z
72f5d4,2,19,10,t,f4a616,2021-02-12T13:05:21.955Z
9ec847,2,54,10,t,f4a616,2021-02-12T13:05:21.955Z
2a2353,5,57,10,t,f4a616,2021-02-12T13:05:21.955Z
f084eb,1,36,10,t,f4a616,2021-02-12T13:05:21.955Z
b9a74d,4,17,10,t,f4a616,2021-02-12T13:05:21.955Z
e83aa3,1,32,19,t,5b30d4,2021-02-20T08:51:51.235Z
9ec847,2,54,19,t,5b30d4,2021-02-20T08:51:51.235Z
c8d436,5,10,19,t,5b30d4,2021-02-20T08:51:51.235Z
2a2353,3,57,19,t,5b30d4,2021-02-20T08:51:51.235Z
c4a632,3,13,9,f,08c150,2021-03-29T06:23:13.977Z
e83aa3,5,32,9,f,08c150,2021-03-29T06:23:13.977Z
e31d39,5,10,9,f,08c150,2021-03-29T06:23:13.977Z
9ec847,5,54,9,f,08c150,2021-03-29T06:23:13.977Z
5d267b,4,40,9,f,08c150,2021-03-29T06:23:13.977Z
c8d436,5,10,9,f,08c150,2021-03-29T06:23:13.977Z
f084eb,1,36,9,f,08c150,2021-03-29T06:23:13.977Z
2feb6b,1,29,9,f,08c150,2021-03-29T06:23:13.977Z
c4a632,5,13,20,t,6909ab,2021-03-28T07:57:50.284Z
e83aa3,1,32,20,t,6909ab,2021-03-28T07:57:50.284Z
d5e9a6,5,23,20,t,6909ab,2021-03-28T07:57:50.284Z
9ec847,3,54,20,t,6909ab,2021-03-28T07:57:50.284Z
5d267b,2,40,20,t,6909ab,2021-03-28T07:57:50.284Z
b9a74d,1,17,20,t,6909ab,2021-03-28T07:57:50.284Z
2feb6b,1,29,20,t,6909ab,2021-03-28T07:57:50.284Z
c4a632,4,13,19,t,46075b,2021-03-12T06:07:09.926Z
e31d39,4,10,19,t,46075b,2021-03-12T06:07:09.926Z
d5e9a6,4,23,19,t,46075b,2021-03-12T06:07:09.926Z
72f5d4,4,19,19,t,46075b,2021-03-12T06:07:09.926Z
5d267b,1,40,19,t,46075b,2021-03-12T06:07:09.926Z
c8d436,4,10,19,t,46075b,2021-03-12T06:07:09.926Z
2a2353,5,57,19,t,46075b,2021-03-12T06:07:09.926Z
f084eb,1,36,19,t,46075b,2021-03-12T06:07:09.926Z
2feb6b,4,29,19,t,46075b,2021-03-12T06:07:09.926Z
c4a632,5,13,10,f,0a7de7,2021-01-30T16:49:55.257Z
d5e9a6,2,23,10,f,0a7de7,2021-01-30T16:49:55.257Z
72f5d4,4,19,10,f,0a7de7,2021-01-30T16:49:55.257Z
5d267b,2,40,10,f,0a7de7,2021-01-30T16:49:55.257Z
b9a74d,5,17,10,f,0a7de7,2021-01-30T16:49:55.257Z
e83aa3,1,32,17,f,587c78,2021-02-21T20:29:59.596Z
72f5d4,3,19,17,f,587c78,2021-02-21T20:29:59.596Z
9ec847,3,54,17,f,587c78,2021-02-21T20:29:59.596Z
5d267b,1,40,17,f,587c78,2021-02-21T20:29:59.596Z
c8d436,1,10,17,f,587c78,2021-02-21T20:29:59.596Z
f084eb,4,36,17,f,587c78,2021-02-21T20:29:59.596Z
c4a632,3,13,18,t,2f6534,2021-01-10T13:44:18.384Z
e31d39,2,10,18,t,2f6534,2021-01-10T13:44:18.384Z
d5e9a6,5,23,18,t,2f6534,2021-01-10T13:44:18.384Z
72f5d4,5,19,18,t,2f6534,2021-01-10T13:44:18.384Z
9ec847,2,54,18,t,2f6534,2021-01-10T13:44:18.384Z
5d267b,1,40,18,t,2f6534,2021-01-10T13:44:18.384Z
c8d436,2,10,18,t,2f6534,2021-01-10T13:44:18.384Z
f084eb,5,36,18,t,2f6534,2021-01-10T13:44:18.384Z
c4a632,1,13,21,f,65f8a0,2021-02-04T10:25:06.931Z
e31d39,1,10,21,f,65f8a0,2021-02-04T10:25:06.931Z
9ec847,4,54,21,f,65f8a0,2021-02-04T10:25:06.931Z
c8d436,3,10,21,f,65f8a0,2021-02-04T10:25:06.931Z
b9a74d,2,17,21,f,65f8a0,2021-02-04T10:25:06.931Z
c4a632,4,13,2,t,6e4317,2021-02-28T21:01:06.009Z
e83aa3,3,32,2,t,6e4317,2021-02-28T21:01:06.009Z
e31d39,5,10,2,t,6e4317,2021-02-28T21:01:06.009Z
72f5d4,4,19,2,t,6e4317,2021-02-28T21:01:06.009Z
f084eb,2,36,2,t,6e4317,2021-02-28T21:01:06.009Z
c4a632,1,13,3,t,c25e21,2021-02-21T17:46:12.115Z
d5e9a6,2,23,3,t,c25e21,2021-02-21T17:46:12.115Z
72f5d4,3,19,3,t,c25e21,2021-02-21T17:46:12.115Z
c8d436,2,10,3,t,c25e21,2021-02-21T17:46:12.115Z
2a2353,2,57,3,t,c25e21,2021-02-21T17:46:12.115Z
b9a74d,5,17,3,t,c25e21,2021-02-21T17:46:12.115Z
e83aa3,2,32,19,f,abae68,2021-03-30T04:14:19.190Z
e31d39,2,10,19,f,abae68,2021-03-30T04:14:19.190Z
d5e9a6,2,23,19,f,abae68,2021-03-30T04:14:19.190Z
9ec847,3,54,19,f,abae68,2021-03-30T04:14:19.190Z
c8d436,3,10,19,f,abae68,2021-03-30T04:14:19.190Z
f084eb,2,36,19,f,abae68,2021-03-30T04:14:19.190Z
2feb6b,2,29,19,f,abae68,2021-03-30T04:14:19.190Z
c4a632,2,13,13,t,b9e86c,2021-03-03T14:45:55.612Z
e83aa3,1,32,13,t,b9e86c,2021-03-03T14:45:55.612Z
e31d39,4,10,13,t,b9e86c,2021-03-03T14:45:55.612Z
d5e9a6,3,23,13,t,b9e86c,2021-03-03T14:45:55.612Z
2a2353,2,57,13,t,b9e86c,2021-03-03T14:45:55.612Z
f084eb,5,36,13,t,b9e86c,2021-03-03T14:45:55.612Z
b9a74d,2,17,13,t,b9e86c,2021-03-03T14:45:55.612Z
d5e9a6,2,23,22,t,79dcdf,2021-02-20T07:51:18.979Z
72f5d4,3,19,22,t,79dcdf,2021-02-20T07:51:18.979Z
9ec847,3,54,22,t,79dcdf,2021-02-20T07:51:18.979Z
b9a74d,5,17,22,t,79dcdf,2021-02-20T07:51:18.979Z
c4a632,1,13,17,f,e94732,2021-01-14T10:31:43.420Z
d5e9a6,5,23,17,f,e94732,2021-01-14T10:31:43.420Z
9ec847,1,54,17,f,e94732,2021-01-14T10:31:43.420Z
f084eb,1,36,17,f,e94732,2021-01-14T10:31:43.420Z
b9a74d,2,17,17,f,e94732,2021-01-14T10:31:43.420Z
e31d39,4,10,21,f,87cc64,2021-03-04T13:37:53.212Z
9ec847,2,54,21,f,87cc64,2021-03-04T13:37:53.212Z
2feb6b,1,29,21,f,87cc64,2021-03-04T13:37:53.212Z
c4a632,2,13,11,f,40cd67,2021-01-01T03:27:06.220Z
e83aa3,3,32,11,f,40cd67,2021-01-01T03:27:06.220Z
e31d39,1,10,11,f,40cd67,2021-01-01T03:27:06.220Z
d5e9a6,1,23,11,f,40cd67,2021-01-01T03:27:06.220Z
72f5d4,2,19,11,f,40cd67,2021-01-01T03:27:06.220Z
9ec847,2,54,11,f,40cd67,2021-01-01T03:27:06.220Z
c8d436,3,10,11,f,40cd67,2021-01-01T03:27:06.220Z
2a2353,5,57,11,f,40cd67,2021-01-01T03:27:06.220Z
b9a74d,3,17,11,f,40cd67,2021-01-01T03:27:06.220Z
e83aa3,1,32,24,t,32df56,2021-01-08T11:08:34.051Z
e31d39,2,10,24,t,32df56,2021-01-08T11:08:34.051Z
72f5d4,1,19,24,t,32df56,2021-01-08T11:08:34.051Z
9ec847,2,54,24,t,32df56,2021-01-08T11:08:34.051Z
5d267b,1,40,24,t,32df56,2021-01-08T11:08:34.051Z
c8d436,3,10,24,t,32df56,2021-01-08T11:08:34.051Z
f084eb,4,36,24,t,32df56,2021-01-08T11:08:34.051Z
b9a74d,1,17,24,t,32df56,2021-01-08T11:08:34.051Z
e31d39,4,10,3,f,2012cb,2021-02-23T12:49:28.358Z
d5e9a6,3,23,3,f,2012cb,2021-02-23T12:49:28.358Z
9ec847,2,54,3,f,2012cb,2021-02-23T12:49:28.358Z
5d267b,1,40,3,f,2012cb,2021-02-23T12:49:28.358Z
c8d436,5,10,3,f,2012cb,2021-02-23T12:49:28.358Z
2a2353,5,57,3,f,2012cb,2021-02-23T12:49:28.358Z
f084eb,1,36,3,f,2012cb,2021-02-23T12:49:28.358Z
c4a632,4,13,2,f,12bbbd,2021-01-04T18:32:40.848Z
e83aa3,2,32,2,f,12bbbd,2021-01-04T18:32:40.848Z
e31d39,2,10,2,f,12bbbd,2021-01-04T18:32:40.848Z
d5e9a6,3,23,2,f,12bbbd,2021-01-04T18:32:40.848Z
9ec847,5,54,2,f,12bbbd,2021-01-04T18:32:40.848Z
c8d436,2,10,2,f,12bbbd,2021-01-04T18:32:40.848Z
2a2353,3,57,2,f,12bbbd,2021-01-04T18:32:40.848Z
b9a74d,4,17,2,f,12bbbd,2021-01-04T18:32:40.848Z
e31d39,3,10,18,t,381367,2021-01-25T18:08:26.908Z
d5e9a6,2,23,18,t,381367,2021-01-25T18:08:26.908Z
72f5d4,3,19,18,t,381367,2021-01-25T18:08:26.908Z
9ec847,4,54,18,t,381367,2021-01-25T18:08:26.908Z
b9a74d,2,17,18,t,381367,2021-01-25T18:08:26.908Z
2feb6b,4,29,18,t,381367,2021-01-25T18:08:26.908Z
e31d39,5,10,17,f,b6ed4f,2021-01-20T23:18:02.044Z
d5e9a6,1,23,17,f,b6ed4f,2021-01-20T23:18:02.044Z
72f5d4,2,19,17,f,b6ed4f,2021-01-20T23:18:02.044Z
9ec847,1,54,17,f,b6ed4f,2021-01-20T23:18:02.044Z
c8d436,2,10,17,f,b6ed4f,2021-01-20T23:18:02.044Z
2a2353,3,57,17,f,b6ed4f,2021-01-20T23:18:02.044Z
2feb6b,3,29,17,f,b6ed4f,2021-01-20T23:18:02.044Z
e83aa3,3,32,4,t,1407b4,2021-01-20T06:05:56.054Z
e31d39,4,10,4,t,1407b4,2021-01-20T06:05:56.054Z
d5e9a6,4,23,4,t,1407b4,2021-01-20T06:05:56.054Z
9ec847,5,54,4,t,1407b4,2021-01-20T06:05:56.054Z
c8d436,3,10,4,t,1407b4,2021-01-20T06:05:56.054Z
f084eb,4,36,4,t,1407b4,2021-01-20T06:05:56.054Z
b9a74d,3,17,4,t,1407b4,2021-01-20T06:05:56.054Z
d5e9a6,5,23,1,t,85a7ed,2021-01-09T03:06:35.366Z
72f5d4,5,19,1,t,85a7ed,2021-01-09T03:06:35.366Z
9ec847,4,54,1,t,85a7ed,2021-01-09T03:06:35.366Z
c8d436,4,10,1,t,85a7ed,2021-01-09T03:06:35.366Z
2a2353,1,57,1,t,85a7ed,2021-01-09T03:06:35.366Z
e83aa3,3,32,11,t,61b6c6,2021-01-08T20:13:20.294Z
e31d39,5,10,11,t,61b6c6,2021-01-08T20:13:20.294Z
9ec847,5,54,11,t,61b6c6,2021-01-08T20:13:20.294Z
2a2353,3,57,11,t,61b6c6,2021-01-08T20:13:20.294Z
b9a74d,1,17,11,t,61b6c6,2021-01-08T20:13:20.294Z
2feb6b,3,29,11,t,61b6c6,2021-01-08T20:13:20.294Z
d5e9a6,5,23,8,f,52ce10,2021-02-27T20:28:59.030Z
72f5d4,4,19,8,f,52ce10,2021-02-27T20:28:59.030Z
9ec847,1,54,8,f,52ce10,2021-02-27T20:28:59.030Z
5d267b,1,40,8,f,52ce10,2021-02-27T20:28:59.030Z
c8d436,2,10,8,f,52ce10,2021-02-27T20:28:59.030Z
2a2353,5,57,8,f,52ce10,2021-02-27T20:28:59.030Z
f084eb,1,36,8,f,52ce10,2021-02-27T20:28:59.030Z
b9a74d,2,17,8,f,52ce10,2021-02-27T20:28:59.030Z
2feb6b,3,29,8,f,52ce10,2021-02-27T20:28:59.030Z
c4a632,2,13,14,t,60ba8a,2021-03-17T00:53:07.209Z
e83aa3,1,32,14,t,60ba8a,2021-03-17T00:53:07.209Z
e31d39,4,10,14,t,60ba8a,2021-03-17T00:53:07.209Z
9ec847,5,54,14,t,60ba8a,2021-03-17T00:53:07.209Z
5d267b,1,40,14,t,60ba8a,2021-03-17T00:53:07.209Z
2a2353,5,57,14,t,60ba8a,2021-03-17T00:53:07.209Z
f084eb,1,36,14,t,60ba8a,2021-03-17T00:53:07.209Z
2feb6b,1,29,14,t,60ba8a,2021-03-17T00:53:07.209Z
c4a632,3,13,21,f,cf2b76,2021-03-24T14:39:13.420Z
e31d39,3,10,21,f,cf2b76,2021-03-24T14:39:13.420Z
d5e9a6,5,23,21,f,cf2b76,2021-03-24T14:39:13.420Z
9ec847,2,54,21,f,cf2b76,2021-03-24T14:39:13.420Z
2a2353,2,57,21,f,cf2b76,2021-03-24T14:39:13.420Z
c4a632,4,13,14,t,940a8b,2021-02-19T09:55:56.899Z
72f5d4,3,19,14,t,940a8b,2021-02-19T09:55:56.899Z
5d267b,5,40,14,t,940a8b,2021-02-19T09:55:56.899Z
2a2353,5,57,14,t,940a8b,2021-02-19T09:55:56.899Z
f084eb,3,36,14,t,940a8b,2021-02-19T09:55:56.899Z
b9a74d,2,17,14,t,940a8b,2021-02-19T09:55:56.899Z
e31d39,1,10,2,f,15cbca,2021-01-18T19:31:17.328Z
d5e9a6,5,23,2,f,15cbca,2021-01-18T19:31:17.328Z
72f5d4,4,19,2,f,15cbca,2021-01-18T19:31:17.328Z
9ec847,2,54,2,f,15cbca,2021-01-18T19:31:17.328Z
5d267b,3,40,2,f,15cbca,2021-01-18T19:31:17.328Z
c8d436,1,10,2,f,15cbca,2021-01-18T19:31:17.328Z
2a2353,2,57,2,f,15cbca,2021-01-18T19:31:17.328Z
f084eb,4,36,2,f,15cbca,2021-01-18T19:31:17.328Z
b9a74d,2,17,2,f,15cbca,2021-01-18T19:31:17.328Z
c4a632,4,13,5,f,ae098d,2021-01-09T04:40:45.494Z
72f5d4,2,19,5,f,ae098d,2021-01-09T04:40:45.494Z
2a2353,2,57,5,f,ae098d,2021-01-09T04:40:45.494Z
f084eb,1,36,5,f,ae098d,2021-01-09T04:40:45.494Z
b9a74d,3,17,5,f,ae098d,2021-01-09T04:40:45.494Z
c4a632,5,13,1,t,7ed828,2021-02-24T05:51:48.038Z
e31d39,2,10,1,t,7ed828,2021-02-24T05:51:48.038Z
d5e9a6,2,23,1,t,7ed828,2021-02-24T05:51:48.038Z
72f5d4,5,19,1,t,7ed828,2021-02-24T05:51:48.038Z
9ec847,4,54,1,t,7ed828,2021-02-24T05:51:48.038Z
2a2353,3,57,1,t,7ed828,2021-02-24T05:51:48.038Z
f084eb,5,36,1,t,7ed828,2021-02-24T05:51:48.038Z
b9a74d,5,17,1,t,7ed828,2021-02-24T05:51:48.038Z
e83aa3,2,32,10,t,fdbd07,2021-01-25T13:46:36.710Z
d5e9a6,1,23,10,t,fdbd07,2021-01-25T13:46:36.710Z
c8d436,5,10,10,t,fdbd07,2021-01-25T13:46:36.710Z
f084eb,3,36,10,t,fdbd07,2021-01-25T13:46:36.710Z
b9a74d,3,17,10,t,fdbd07,2021-01-25T13:46:36.710Z
2feb6b,2,29,10,t,fdbd07,2021-01-25T13:46:36.710Z
c4a632,5,13,14,f,64d5c6,2021-03-11T02:36:02.908Z
e83aa3,1,32,14,f,64d5c6,2021-03-11T02:36:02.908Z
e31d39,4,10,14,f,64d5c6,2021-03-11T02:36:02.908Z
d5e9a6,4,23,14,f,64d5c6,2021-03-11T02:36:02.908Z
9ec847,1,54,14,f,64d5c6,2021-03-11T02:36:02.908Z
2a2353,4,57,14,f,64d5c6,2021-03-11T02:36:02.908Z
f084eb,3,36,14,f,64d5c6,2021-03-11T02:36:02.908Z
b9a74d,5,17,14,f,64d5c6,2021-03-11T02:36:02.908Z
c4a632,2,13,21,f,116ded,2021-02-01T13:59:50.553Z
e83aa3,2,32,21,f,116ded,2021-02-01T13:59:50.553Z
e31d39,5,10,21,f,116ded,2021-02-01T13:59:50.553Z
d5e9a6,4,23,21,f,116ded,2021-02-01T13:59:50.553Z
72f5d4,4,19,21,f,116ded,2021-02-01T13:59:50.553Z
2a2353,4,57,21,f,116ded,2021-02-01T13:59:50.553Z
f084eb,1,36,21,f,116ded,2021-02-01T13:59:50.553Z
b9a74d,5,17,21,f,116ded,2021-02-01T13:59:50.553Z
2feb6b,4,29,21,f,116ded,2021-02-01T13:59:50.553Z
c4a632,5,13,10,f,87eb38,2021-03-16T17:08:57.292Z
e83aa3,1,32,10,f,87eb38,2021-03-16T17:08:57.292Z
d5e9a6,4,23,10,f,87eb38,2021-03-16T17:08:57.292Z
5d267b,1,40,10,f,87eb38,2021-03-16T17:08:57.292Z
c8d436,1,10,10,f,87eb38,2021-03-16T17:08:57.292Z
2a2353,5,57,10,f,87eb38,2021-03-16T17:08:57.292Z
f084eb,3,36,10,f,87eb38,2021-03-16T17:08:57.292Z
2feb6b,2,29,10,f,87eb38,2021-03-16T17:08:57.292Z
c4a632,1,13,20,f,bddead,2021-03-09T12:46:46.963Z
d5e9a6,3,23,20,f,bddead,2021-03-09T12:46:46.963Z
f084eb,4,36,20,f,bddead,2021-03-09T12:46:46.963Z
b9a74d,4,17,20,f,bddead,2021-03-09T12:46:46.963Z
2feb6b,5,29,20,f,bddead,2021-03-09T12:46:46.963Z
e83aa3,3,32,24,f,a5ee22,2021-01-20T21:14:26.419Z
e31d39,1,10,24,f,a5ee22,2021-01-20T21:14:26.419Z
d5e9a6,5,23,24,f,a5ee22,2021-01-20T21:14:26.419Z
72f5d4,3,19,24,f,a5ee22,2021-01-20T21:14:26.419Z
9ec847,5,54,24,f,a5ee22,2021-01-20T21:14:26.419Z
f084eb,5,36,24,f,a5ee22,2021-01-20T21:14:26.419Z
2feb6b,4,29,24,f,a5ee22,2021-01-20T21:14:26.419Z
c4a632,3,13,3,t,0ed217,2021-03-03T06:54:16.329Z
e83aa3,3,32,3,t,0ed217,2021-03-03T06:54:16.329Z
e31d39,4,10,3,t,0ed217,2021-03-03T06:54:16.329Z
d5e9a6,4,23,3,t,0ed217,2021-03-03T06:54:16.329Z
72f5d4,4,19,3,t,0ed217,2021-03-03T06:54:16.329Z
9ec847,3,54,3,t,0ed217,2021-03-03T06:54:16.329Z
5d267b,2,40,3,t,0ed217,2021-03-03T06:54:16.329Z
b9a74d,3,17,3,t,0ed217,2021-03-03T06:54:16.329Z
e31d39,1,10,10,f,464283,2021-02-27T20:56:47.932Z
72f5d4,2,19,10,f,464283,2021-02-27T20:56:47.932Z
5d267b,2,40,10,f,464283,2021-02-27T20:56:47.932Z
f084eb,2,36,10,f,464283,2021-02-27T20:56:47.932Z
c4a632,3,13,24,f,bc7a2f,2021-01-23T15:53:45.225Z
e83aa3,5,32,24,f,bc7a2f,2021-01-23T15:53:45.225Z
d5e9a6,2,23,24,f,bc7a2f,2021-01-23T15:53:45.225Z
5d267b,3,40,24,f,bc7a2f,2021-01-23T15:53:45.225Z
2a2353,4,57,24,f,bc7a2f,2021-01-23T15:53:45.225Z
b9a74d,3,17,24,f,bc7a2f,2021-01-23T15:53:45.225Z
2feb6b,2,29,24,f,bc7a2f,2021-01-23T15:53:45.225Z
c4a632,5,13,22,t,81c230,2021-02-25T17:28:21.532Z
d5e9a6,3,23,22,t,81c230,2021-02-25T17:28:21.532Z
9ec847,3,54,22,t,81c230,2021-02-25T17:28:21.532Z
5d267b,3,40,22,t,81c230,2021-02-25T17:28:21.532Z
c8d436,5,10,22,t,81c230,2021-02-25T17:28:21.532Z
b9a74d,1,17,22,t,81c230,2021-02-25T17:28:21.532Z
e83aa3,2,32,11,t,06f466,2021-02-22T22:35:44.736Z
9ec847,3,54,11,t,06f466,2021-02-22T22:35:44.736Z
5d267b,2,40,11,t,06f466,2021-02-22T22:35:44.736Z
c8d436,3,10,11,t,06f466,2021-02-22T22:35:44.736Z
b9a74d,3,17,11,t,06f466,2021-02-22T22:35:44.736Z
2feb6b,5,29,11,t,06f466,2021-02-22T22:35:44.736Z
c4a632,5,13,8,f,05edba,2021-03-29T06:32:44.649Z
d5e9a6,2,23,8,f,05edba,2021-03-29T06:32:44.649Z
5d267b,2,40,8,f,05edba,2021-03-29T06:32:44.649Z
c8d436,1,10,8,f,05edba,2021-03-29T06:32:44.649Z
f084eb,4,36,8,f,05edba,2021-03-29T06:32:44.649Z
b9a74d,5,17,8,f,05edba,2021-03-29T06:32:44.649Z
e31d39,4,10,7,t,448134,2021-03-29T01:14:55.305Z
72f5d4,2,19,7,t,448134,2021-03-29T01:14:55.305Z
5d267b,2,40,7,t,448134,2021-03-29T01:14:55.305Z
c8d436,1,10,7,t,448134,2021-03-29T01:14:55.305Z
2a2353,3,57,7,t,448134,2021-03-29T01:14:55.305Z
f084eb,5,36,7,t,448134,2021-03-29T01:14:55.305Z
c4a632,4,13,19,t,2eec0a,2021-02-06T07:26:49.142Z
e83aa3,1,32,19,t,2eec0a,2021-02-06T07:26:49.142Z
72f5d4,4,19,19,t,2eec0a,2021-02-06T07:26:49.142Z
9ec847,3,54,19,t,2eec0a,2021-02-06T07:26:49.142Z
5d267b,1,40,19,t,2eec0a,2021-02-06T07:26:49.142Z
c8d436,4,10,19,t,2eec0a,2021-02-06T07:26:49.142Z
2a2353,4,57,19,t,2eec0a,2021-02-06T07:26:49.142Z
c4a632,2,13,21,t,e23de9,2021-03-17T13:05:29.126Z
e31d39,4,10,21,t,e23de9,2021-03-17T13:05:29.126Z
d5e9a6,3,23,21,t,e23de9,2021-03-17T13:05:29.126Z
9ec847,1,54,21,t,e23de9,2021-03-17T13:05:29.126Z
c8d436,4,10,21,t,e23de9,2021-03-17T13:05:29.126Z
2a2353,5,57,21,t,e23de9,2021-03-17T13:05:29.126Z
f084eb,1,36,21,t,e23de9,2021-03-17T13:05:29.126Z
e83aa3,2,32,10,t,1479f8,2021-02-10T17:31:18.652Z
e31d39,2,10,10,t,1479f8,2021-02-10T17:31:18.652Z
d5e9a6,1,23,10,t,1479f8,2021-02-10T17:31:18.652Z
2a2353,5,57,10,t,1479f8,2021-02-10T17:31:18.652Z
b9a74d,5,17,10,t,1479f8,2021-02-10T17:31:18.652Z
c4a632,2,13,23,f,8c2050,2021-01-12T09:38:29.644Z
e83aa3,5,32,23,f,8c2050,2021-01-12T09:38:29.644Z
e31d39,4,10,23,f,8c2050,2021-01-12T09:38:29.644Z
9ec847,5,54,23,f,8c2050,2021-01-12T09:38:29.644Z
5d267b,1,40,23,f,8c2050,2021-01-12T09:38:29.644Z
f084eb,1,36,23,f,8c2050,2021-01-12T09:38:29.644Z
b9a74d,1,17,23,f,8c2050,2021-01-12T09:38:29.644Z
e83aa3,5,32,3,t,8.72E+30,2021-01-30T03:26:18.355Z
d5e9a6,1,23,3,t,8.72E+30,2021-01-30T03:26:18.355Z
9ec847,4,54,3,t,8.72E+30,2021-01-30T03:26:18.355Z
c8d436,3,10,3,t,8.72E+30,2021-01-30T03:26:18.355Z
2a2353,2,57,3,t,8.72E+30,2021-01-30T03:26:18.355Z
f084eb,1,36,3,t,8.72E+30,2021-01-30T03:26:18.355Z
2feb6b,3,29,3,t,8.72E+30,2021-01-30T03:26:18.355Z
c4a632,2,13,8,f,6b8acf,2021-03-03T16:57:45.964Z
e31d39,3,10,8,f,6b8acf,2021-03-03T16:57:45.964Z
d5e9a6,2,23,8,f,6b8acf,2021-03-03T16:57:45.964Z
5d267b,3,40,8,f,6b8acf,2021-03-03T16:57:45.964Z
2a2353,5,57,8,f,6b8acf,2021-03-03T16:57:45.964Z
2feb6b,1,29,8,f,6b8acf,2021-03-03T16:57:45.964Z
d5e9a6,5,23,15,f,476803,2021-03-09T16:53:35.664Z
72f5d4,1,19,15,f,476803,2021-03-09T16:53:35.664Z
5d267b,3,40,15,f,476803,2021-03-09T16:53:35.664Z
c8d436,3,10,15,f,476803,2021-03-09T16:53:35.664Z
2a2353,4,57,15,f,476803,2021-03-09T16:53:35.664Z
f084eb,5,36,15,f,476803,2021-03-09T16:53:35.664Z
e83aa3,3,32,24,f,e899bb,2021-03-14T07:39:19.267Z
e31d39,5,10,24,f,e899bb,2021-03-14T07:39:19.267Z
5d267b,3,40,24,f,e899bb,2021-03-14T07:39:19.267Z
2a2353,2,57,24,f,e899bb,2021-03-14T07:39:19.267Z
f084eb,2,36,24,f,e899bb,2021-03-14T07:39:19.267Z
e31d39,5,10,20,f,9c0f96,2021-01-03T16:58:13.526Z
d5e9a6,4,23,20,f,9c0f96,2021-01-03T16:58:13.526Z
72f5d4,5,19,20,f,9c0f96,2021-01-03T16:58:13.526Z
5d267b,2,40,20,f,9c0f96,2021-01-03T16:58:13.526Z
2a2353,3,57,20,f,9c0f96,2021-01-03T16:58:13.526Z
f084eb,4,36,20,f,9c0f96,2021-01-03T16:58:13.526Z
c4a632,5,13,6,t,5bf551,2021-03-29T00:42:55.843Z
e31d39,1,10,6,t,5bf551,2021-03-29T00:42:55.843Z
72f5d4,2,19,6,t,5bf551,2021-03-29T00:42:55.843Z
2a2353,3,57,6,t,5bf551,2021-03-29T00:42:55.843Z
f084eb,1,36,6,t,5bf551,2021-03-29T00:42:55.843Z
b9a74d,4,17,6,t,5bf551,2021-03-29T00:42:55.843Z
2feb6b,1,29,6,t,5bf551,2021-03-29T00:42:55.843Z
c4a632,3,13,22,t,2f3736,2021-01-09T16:59:10.896Z
d5e9a6,1,23,22,t,2f3736,2021-01-09T16:59:10.896Z
9ec847,1,54,22,t,2f3736,2021-01-09T16:59:10.896Z
2a2353,5,57,22,t,2f3736,2021-01-09T16:59:10.896Z
b9a74d,5,17,22,t,2f3736,2021-01-09T16:59:10.896Z
c4a632,1,13,18,t,3b3b20,2021-03-07T03:29:40.531Z
d5e9a6,1,23,18,t,3b3b20,2021-03-07T03:29:40.531Z
9ec847,1,54,18,t,3b3b20,2021-03-07T03:29:40.531Z
2a2353,3,57,18,t,3b3b20,2021-03-07T03:29:40.531Z
f084eb,3,36,18,t,3b3b20,2021-03-07T03:29:40.531Z
b9a74d,3,17,18,t,3b3b20,2021-03-07T03:29:40.531Z
e31d39,5,10,18,t,786902,2021-03-20T21:03:17.942Z
5d267b,3,40,18,t,786902,2021-03-20T21:03:17.942Z
f084eb,4,36,18,t,786902,2021-03-20T21:03:17.942Z
b9a74d,1,17,18,t,786902,2021-03-20T21:03:17.942Z
c4a632,2,13,11,t,bbc29a,2021-01-30T04:50:48.998Z
e83aa3,5,32,11,t,bbc29a,2021-01-30T04:50:48.998Z
d5e9a6,3,23,11,t,bbc29a,2021-01-30T04:50:48.998Z
5d267b,5,40,11,t,bbc29a,2021-01-30T04:50:48.998Z
2a2353,3,57,11,t,bbc29a,2021-01-30T04:50:48.998Z
f084eb,4,36,11,t,bbc29a,2021-01-30T04:50:48.998Z
c4a632,1,13,8,t,c75816,2021-03-14T22:35:13.545Z
e83aa3,3,32,8,t,c75816,2021-03-14T22:35:13.545Z
72f5d4,2,19,8,t,c75816,2021-03-14T22:35:13.545Z
9ec847,2,54,8,t,c75816,2021-03-14T22:35:13.545Z
2feb6b,3,29,8,t,c75816,2021-03-14T22:35:13.545Z
c4a632,2,13,20,t,93cd8d,2021-01-21T04:09:13.593Z
9ec847,1,54,20,t,93cd8d,2021-01-21T04:09:13.593Z
5d267b,2,40,20,t,93cd8d,2021-01-21T04:09:13.593Z
c8d436,2,10,20,t,93cd8d,2021-01-21T04:09:13.593Z
d5e9a6,3,23,14,t,87faf2,2021-01-18T14:46:41.577Z
72f5d4,2,19,14,t,87faf2,2021-01-18T14:46:41.577Z
9ec847,1,54,14,t,87faf2,2021-01-18T14:46:41.577Z
5d267b,1,40,14,t,87faf2,2021-01-18T14:46:41.577Z
c8d436,2,10,14,t,87faf2,2021-01-18T14:46:41.577Z
2a2353,4,57,14,t,87faf2,2021-01-18T14:46:41.577Z
c4a632,5,13,24,f,d631a7,2021-02-08T04:16:37.862Z
e31d39,1,10,24,f,d631a7,2021-02-08T04:16:37.862Z
72f5d4,5,19,24,f,d631a7,2021-02-08T04:16:37.862Z
5d267b,5,40,24,f,d631a7,2021-02-08T04:16:37.862Z
c8d436,4,10,24,f,d631a7,2021-02-08T04:16:37.862Z
2a2353,3,57,24,f,d631a7,2021-02-08T04:16:37.862Z
b9a74d,2,17,24,f,d631a7,2021-02-08T04:16:37.862Z
2feb6b,2,29,24,f,d631a7,2021-02-08T04:16:37.862Z
c4a632,1,13,21,f,a3952f,2021-01-24T15:04:16.262Z
e83aa3,3,32,21,f,a3952f,2021-01-24T15:04:16.262Z
e31d39,1,10,21,f,a3952f,2021-01-24T15:04:16.262Z
5d267b,2,40,21,f,a3952f,2021-01-24T15:04:16.262Z
2feb6b,4,29,21,f,a3952f,2021-01-24T15:04:16.262Z
e83aa3,3,32,7,t,61fd20,2021-01-30T15:56:34.224Z
e31d39,2,10,7,t,61fd20,2021-01-30T15:56:34.224Z
d5e9a6,4,23,7,t,61fd20,2021-01-30T15:56:34.224Z
72f5d4,3,19,7,t,61fd20,2021-01-30T15:56:34.224Z
c8d436,1,10,7,t,61fd20,2021-01-30T15:56:34.224Z
2a2353,4,57,7,t,61fd20,2021-01-30T15:56:34.224Z
f084eb,4,36,7,t,61fd20,2021-01-30T15:56:34.224Z
c4a632,1,13,11,f,2ab1fd,2021-01-13T12:50:55.276Z
d5e9a6,3,23,11,f,2ab1fd,2021-01-13T12:50:55.276Z
9ec847,5,54,11,f,2ab1fd,2021-01-13T12:50:55.276Z
f084eb,5,36,11,f,2ab1fd,2021-01-13T12:50:55.276Z
b9a74d,1,17,11,f,2ab1fd,2021-01-13T12:50:55.276Z
c4a632,2,13,21,f,c68014,2021-01-07T16:34:45.206Z
d5e9a6,5,23,21,f,c68014,2021-01-07T16:34:45.206Z
5d267b,2,40,21,f,c68014,2021-01-07T16:34:45.206Z
c8d436,3,10,21,f,c68014,2021-01-07T16:34:45.206Z
2a2353,5,57,21,f,c68014,2021-01-07T16:34:45.206Z
2feb6b,3,29,21,f,c68014,2021-01-07T16:34:45.206Z
c4a632,2,13,13,f,f5faa9,2021-03-05T08:20:36.096Z
d5e9a6,5,23,13,f,f5faa9,2021-03-05T08:20:36.096Z
9ec847,3,54,13,f,f5faa9,2021-03-05T08:20:36.096Z
5d267b,4,40,13,f,f5faa9,2021-03-05T08:20:36.096Z
c8d436,2,10,13,f,f5faa9,2021-03-05T08:20:36.096Z
2a2353,1,57,13,f,f5faa9,2021-03-05T08:20:36.096Z
f084eb,4,36,13,f,f5faa9,2021-03-05T08:20:36.096Z
2feb6b,5,29,13,f,f5faa9,2021-03-05T08:20:36.096Z
e83aa3,4,32,14,f,d6855b,2021-03-06T16:20:01.852Z
e31d39,5,10,14,f,d6855b,2021-03-06T16:20:01.852Z
d5e9a6,4,23,14,f,d6855b,2021-03-06T16:20:01.852Z
5d267b,1,40,14,f,d6855b,2021-03-06T16:20:01.852Z
f084eb,3,36,14,f,d6855b,2021-03-06T16:20:01.852Z
e83aa3,4,32,16,f,3e4cb2,2021-01-23T20:21:19.382Z
e31d39,1,10,16,f,3e4cb2,2021-01-23T20:21:19.382Z
72f5d4,4,19,16,f,3e4cb2,2021-01-23T20:21:19.382Z
5d267b,4,40,16,f,3e4cb2,2021-01-23T20:21:19.382Z
c4a632,2,13,21,t,887ea1,2021-02-27T09:55:23.894Z
e83aa3,3,32,21,t,887ea1,2021-02-27T09:55:23.894Z
e31d39,3,10,21,t,887ea1,2021-02-27T09:55:23.894Z
72f5d4,2,19,21,t,887ea1,2021-02-27T09:55:23.894Z
9ec847,3,54,21,t,887ea1,2021-02-27T09:55:23.894Z
2a2353,3,57,21,t,887ea1,2021-02-27T09:55:23.894Z
2feb6b,5,29,21,t,887ea1,2021-02-27T09:55:23.894Z
e83aa3,5,32,13,t,35bd01,2021-02-25T16:09:15.062Z
e31d39,1,10,13,t,35bd01,2021-02-25T16:09:15.062Z
d5e9a6,4,23,13,t,35bd01,2021-02-25T16:09:15.062Z
9ec847,3,54,13,t,35bd01,2021-02-25T16:09:15.062Z
5d267b,3,40,13,t,35bd01,2021-02-25T16:09:15.062Z
c8d436,2,10,13,t,35bd01,2021-02-25T16:09:15.062Z
2a2353,3,57,13,t,35bd01,2021-02-25T16:09:15.062Z
f084eb,2,36,13,t,35bd01,2021-02-25T16:09:15.062Z
b9a74d,3,17,13,t,35bd01,2021-02-25T16:09:15.062Z
c4a632,2,13,14,t,c1b8fb,2021-02-21T15:40:12.288Z
e83aa3,3,32,14,t,c1b8fb,2021-02-21T15:40:12.288Z
e31d39,3,10,14,t,c1b8fb,2021-02-21T15:40:12.288Z
d5e9a6,5,23,14,t,c1b8fb,2021-02-21T15:40:12.288Z
72f5d4,1,19,14,t,c1b8fb,2021-02-21T15:40:12.288Z
c8d436,4,10,14,t,c1b8fb,2021-02-21T15:40:12.288Z
f084eb,5,36,14,t,c1b8fb,2021-02-21T15:40:12.288Z
b9a74d,1,17,14,t,c1b8fb,2021-02-21T15:40:12.288Z
c4a632,4,13,19,t,510f24,2021-01-16T15:51:59.040Z
e31d39,5,10,19,t,510f24,2021-01-16T15:51:59.040Z
d5e9a6,1,23,19,t,510f24,2021-01-16T15:51:59.040Z
72f5d4,2,19,19,t,510f24,2021-01-16T15:51:59.040Z
5d267b,5,40,19,t,510f24,2021-01-16T15:51:59.040Z
c8d436,2,10,19,t,510f24,2021-01-16T15:51:59.040Z
2a2353,4,57,19,t,510f24,2021-01-16T15:51:59.040Z
b9a74d,1,17,19,t,510f24,2021-01-16T15:51:59.040Z
c4a632,5,13,14,t,4c6a1b,2021-03-01T07:11:23.193Z
e83aa3,1,32,14,t,4c6a1b,2021-03-01T07:11:23.193Z
e31d39,3,10,14,t,4c6a1b,2021-03-01T07:11:23.193Z
5d267b,3,40,14,t,4c6a1b,2021-03-01T07:11:23.193Z
e83aa3,1,32,24,t,030b14,2021-02-21T22:05:34.051Z
72f5d4,1,19,24,t,030b14,2021-02-21T22:05:34.051Z
f084eb,5,36,24,t,030b14,2021-02-21T22:05:34.051Z
c4a632,4,13,5,t,ac3c6f,2021-01-08T11:18:50.947Z
e83aa3,4,32,5,t,ac3c6f,2021-01-08T11:18:50.947Z
d5e9a6,1,23,5,t,ac3c6f,2021-01-08T11:18:50.947Z
72f5d4,2,19,5,t,ac3c6f,2021-01-08T11:18:50.947Z
9ec847,5,54,5,t,ac3c6f,2021-01-08T11:18:50.947Z
c8d436,1,10,5,t,ac3c6f,2021-01-08T11:18:50.947Z
b9a74d,4,17,5,t,ac3c6f,2021-01-08T11:18:50.947Z
2feb6b,2,29,5,t,ac3c6f,2021-01-08T11:18:50.947Z
e83aa3,3,32,3,f,43cd4a,2021-01-07T04:25:39.763Z
e31d39,5,10,3,f,43cd4a,2021-01-07T04:25:39.763Z
5d267b,3,40,3,f,43cd4a,2021-01-07T04:25:39.763Z
c8d436,5,10,3,f,43cd4a,2021-01-07T04:25:39.763Z
2a2353,4,57,3,f,43cd4a,2021-01-07T04:25:39.763Z
f084eb,1,36,3,f,43cd4a,2021-01-07T04:25:39.763Z
b9a74d,5,17,3,f,43cd4a,2021-01-07T04:25:39.763Z
e83aa3,3,32,5,f,5b361b,2021-02-04T12:54:41.126Z
e31d39,5,10,5,f,5b361b,2021-02-04T12:54:41.126Z
d5e9a6,3,23,5,f,5b361b,2021-02-04T12:54:41.126Z
72f5d4,1,19,5,f,5b361b,2021-02-04T12:54:41.126Z
9ec847,2,54,5,f,5b361b,2021-02-04T12:54:41.126Z
5d267b,4,40,5,f,5b361b,2021-02-04T12:54:41.126Z
f084eb,4,36,5,f,5b361b,2021-02-04T12:54:41.126Z
b9a74d,3,17,5,f,5b361b,2021-02-04T12:54:41.126Z
72f5d4,1,19,11,t,e39b1d,2021-01-08T06:51:54.892Z
9ec847,2,54,11,t,e39b1d,2021-01-08T06:51:54.892Z
5d267b,5,40,11,t,e39b1d,2021-01-08T06:51:54.892Z
c8d436,5,10,11,t,e39b1d,2021-01-08T06:51:54.892Z
f084eb,1,36,11,t,e39b1d,2021-01-08T06:51:54.892Z
c4a632,4,13,0,f,5604ae,2021-02-03T13:22:04.022Z
e83aa3,5,32,0,f,5604ae,2021-02-03T13:22:04.022Z
c8d436,4,10,0,f,5604ae,2021-02-03T13:22:04.022Z
2feb6b,1,29,0,f,5604ae,2021-02-03T13:22:04.022Z
e31d39,3,10,22,t,b1be19,2021-03-22T03:05:03.177Z
72f5d4,1,19,22,t,b1be19,2021-03-22T03:05:03.177Z
9ec847,1,54,22,t,b1be19,2021-03-22T03:05:03.177Z
2a2353,3,57,22,t,b1be19,2021-03-22T03:05:03.177Z
f084eb,4,36,22,t,b1be19,2021-03-22T03:05:03.177Z
b9a74d,1,17,22,t,b1be19,2021-03-22T03:05:03.177Z
d5e9a6,5,23,15,t,e601c8,2021-02-11T04:18:09.100Z
9ec847,2,54,15,t,e601c8,2021-02-11T04:18:09.100Z
5d267b,5,40,15,t,e601c8,2021-02-11T04:18:09.100Z
c8d436,5,10,15,t,e601c8,2021-02-11T04:18:09.100Z
b9a74d,4,17,15,t,e601c8,2021-02-11T04:18:09.100Z
e83aa3,3,32,13,t,a6210b,2021-01-12T00:21:54.057Z
e31d39,1,10,13,t,a6210b,2021-01-12T00:21:54.057Z
9ec847,2,54,13,t,a6210b,2021-01-12T00:21:54.057Z
f084eb,2,36,13,t,a6210b,2021-01-12T00:21:54.057Z
b9a74d,1,17,13,t,a6210b,2021-01-12T00:21:54.057Z
9ec847,3,54,5,f,95ae03,2021-01-04T16:32:31.286Z
5d267b,4,40,5,f,95ae03,2021-01-04T16:32:31.286Z
2a2353,2,57,5,f,95ae03,2021-01-04T16:32:31.286Z
b9a74d,5,17,5,f,95ae03,2021-01-04T16:32:31.286Z
c4a632,5,13,17,t,42f465,2021-02-20T01:27:50.313Z
e83aa3,1,32,17,t,42f465,2021-02-20T01:27:50.313Z
72f5d4,5,19,17,t,42f465,2021-02-20T01:27:50.313Z
9ec847,2,54,17,t,42f465,2021-02-20T01:27:50.313Z
2feb6b,3,29,17,t,42f465,2021-02-20T01:27:50.313Z
9ec847,5,54,7,f,0fb02e,2021-03-08T15:35:49.718Z
2a2353,5,57,7,f,0fb02e,2021-03-08T15:35:49.718Z
f084eb,3,36,7,f,0fb02e,2021-03-08T15:35:49.718Z
c4a632,3,13,18,t,3c2e0c,2021-02-09T20:23:19.996Z
e83aa3,5,32,18,t,3c2e0c,2021-02-09T20:23:19.996Z
72f5d4,3,19,18,t,3c2e0c,2021-02-09T20:23:19.996Z
5d267b,1,40,18,t,3c2e0c,2021-02-09T20:23:19.996Z
c8d436,3,10,18,t,3c2e0c,2021-02-09T20:23:19.996Z
f084eb,3,36,18,t,3c2e0c,2021-02-09T20:23:19.996Z
2feb6b,3,29,18,t,3c2e0c,2021-02-09T20:23:19.996Z
c4a632,4,13,13,t,b0cc2e,2021-01-10T11:38:59.251Z
e83aa3,4,32,13,t,b0cc2e,2021-01-10T11:38:59.251Z
d5e9a6,5,23,13,t,b0cc2e,2021-01-10T11:38:59.251Z
72f5d4,3,19,13,t,b0cc2e,2021-01-10T11:38:59.251Z
9ec847,2,54,13,t,b0cc2e,2021-01-10T11:38:59.251Z
5d267b,5,40,13,t,b0cc2e,2021-01-10T11:38:59.251Z
c8d436,4,10,13,t,b0cc2e,2021-01-10T11:38:59.251Z
2a2353,4,57,13,t,b0cc2e,2021-01-10T11:38:59.251Z
b9a74d,4,17,13,t,b0cc2e,2021-01-10T11:38:59.251Z
2feb6b,1,29,13,t,b0cc2e,2021-01-10T11:38:59.251Z
c4a632,2,13,3,t,033de4,2021-02-24T23:54:36.345Z
e83aa3,1,32,3,t,033de4,2021-02-24T23:54:36.345Z
d5e9a6,5,23,3,t,033de4,2021-02-24T23:54:36.345Z
9ec847,1,54,3,t,033de4,2021-02-24T23:54:36.345Z
c8d436,3,10,3,t,033de4,2021-02-24T23:54:36.345Z
f084eb,1,36,3,t,033de4,2021-02-24T23:54:36.345Z
2feb6b,4,29,3,t,033de4,2021-02-24T23:54:36.345Z
c4a632,1,13,2,t,c99a44,2021-02-09T00:46:09.465Z
e31d39,3,10,2,t,c99a44,2021-02-09T00:46:09.465Z
d5e9a6,1,23,2,t,c99a44,2021-02-09T00:46:09.465Z
5d267b,3,40,2,t,c99a44,2021-02-09T00:46:09.465Z
c8d436,3,10,2,t,c99a44,2021-02-09T00:46:09.465Z
2a2353,3,57,2,t,c99a44,2021-02-09T00:46:09.465Z
2feb6b,3,29,2,t,c99a44,2021-02-09T00:46:09.465Z
c4a632,3,13,1,f,86a7cc,2021-02-25T12:02:04.934Z
e83aa3,2,32,1,f,86a7cc,2021-02-25T12:02:04.934Z
d5e9a6,4,23,1,f,86a7cc,2021-02-25T12:02:04.934Z
72f5d4,5,19,1,f,86a7cc,2021-02-25T12:02:04.934Z
5d267b,4,40,1,f,86a7cc,2021-02-25T12:02:04.934Z
2a2353,2,57,1,f,86a7cc,2021-02-25T12:02:04.934Z
c4a632,4,13,9,t,924bc9,2021-01-13T16:15:45.676Z
72f5d4,1,19,9,t,924bc9,2021-01-13T16:15:45.676Z
c8d436,3,10,9,t,924bc9,2021-01-13T16:15:45.676Z
e83aa3,5,32,8,f,cd0983,2021-01-28T14:52:53.961Z
d5e9a6,4,23,8,f,cd0983,2021-01-28T14:52:53.961Z
9ec847,1,54,8,f,cd0983,2021-01-28T14:52:53.961Z
f084eb,3,36,8,f,cd0983,2021-01-28T14:52:53.961Z
2feb6b,4,29,8,f,cd0983,2021-01-28T14:52:53.961Z
e83aa3,5,32,2,t,1b5d58,2021-03-29T06:56:40.185Z
e31d39,4,10,2,t,1b5d58,2021-03-29T06:56:40.185Z
9ec847,2,54,2,t,1b5d58,2021-03-29T06:56:40.185Z
2a2353,5,57,2,t,1b5d58,2021-03-29T06:56:40.185Z
e31d39,4,10,19,f,3ad147,2021-01-13T06:30:26.668Z
d5e9a6,1,23,19,f,3ad147,2021-01-13T06:30:26.668Z
72f5d4,5,19,19,f,3ad147,2021-01-13T06:30:26.668Z
c8d436,4,10,19,f,3ad147,2021-01-13T06:30:26.668Z
2a2353,5,57,19,f,3ad147,2021-01-13T06:30:26.668Z
e83aa3,1,32,22,f,7af81c,2021-02-18T19:32:19.449Z
72f5d4,1,19,22,f,7af81c,2021-02-18T19:32:19.449Z
9ec847,5,54,22,f,7af81c,2021-02-18T19:32:19.449Z
5d267b,4,40,22,f,7af81c,2021-02-18T19:32:19.449Z
2a2353,5,57,22,f,7af81c,2021-02-18T19:32:19.449Z
e31d39,3,10,23,f,e375f9,2021-01-05T10:51:59.414Z
d5e9a6,3,23,23,f,e375f9,2021-01-05T10:51:59.414Z
9ec847,4,54,23,f,e375f9,2021-01-05T10:51:59.414Z
5d267b,5,40,23,f,e375f9,2021-01-05T10:51:59.414Z
2feb6b,3,29,23,f,e375f9,2021-01-05T10:51:59.414Z
c4a632,3,13,20,t,9e0c76,2021-02-01T00:52:26.774Z
d5e9a6,5,23,20,t,9e0c76,2021-02-01T00:52:26.774Z
72f5d4,5,19,20,t,9e0c76,2021-02-01T00:52:26.774Z
2a2353,3,57,20,t,9e0c76,2021-02-01T00:52:26.774Z
e31d39,4,10,11,f,2c947b,2021-02-08T15:23:59.424Z
d5e9a6,3,23,11,f,2c947b,2021-02-08T15:23:59.424Z
5d267b,3,40,11,f,2c947b,2021-02-08T15:23:59.424Z
c8d436,5,10,11,f,2c947b,2021-02-08T15:23:59.424Z
2a2353,4,57,11,f,2c947b,2021-02-08T15:23:59.424Z
c4a632,4,13,16,f,95af8d,2021-02-14T13:26:37.651Z
e83aa3,1,32,16,f,95af8d,2021-02-14T13:26:37.651Z
d5e9a6,5,23,16,f,95af8d,2021-02-14T13:26:37.651Z
72f5d4,3,19,16,f,95af8d,2021-02-14T13:26:37.651Z
9ec847,2,54,16,f,95af8d,2021-02-14T13:26:37.651Z
c8d436,2,10,16,f,95af8d,2021-02-14T13:26:37.651Z
b9a74d,5,17,16,f,95af8d,2021-02-14T13:26:37.651Z
e31d39,3,10,23,f,5e3925,2021-02-08T06:32:58.905Z
d5e9a6,1,23,23,f,5e3925,2021-02-08T06:32:58.905Z
72f5d4,4,19,23,f,5e3925,2021-02-08T06:32:58.905Z
9ec847,4,54,23,f,5e3925,2021-02-08T06:32:58.905Z
c8d436,3,10,23,f,5e3925,2021-02-08T06:32:58.905Z
c4a632,5,13,17,f,8c7281,2021-01-14T19:14:28.348Z
e83aa3,1,32,17,f,8c7281,2021-01-14T19:14:28.348Z
9ec847,1,54,17,f,8c7281,2021-01-14T19:14:28.348Z
5d267b,1,40,17,f,8c7281,2021-01-14T19:14:28.348Z
c8d436,2,10,17,f,8c7281,2021-01-14T19:14:28.348Z
c4a632,4,13,16,t,2c2335,2021-03-26T04:48:31.795Z
e83aa3,4,32,16,t,2c2335,2021-03-26T04:48:31.795Z
e31d39,5,10,16,t,2c2335,2021-03-26T04:48:31.795Z
72f5d4,1,19,16,t,2c2335,2021-03-26T04:48:31.795Z
f084eb,2,36,16,t,2c2335,2021-03-26T04:48:31.795Z
c4a632,5,13,7,f,45fc26,2021-01-30T03:56:49.862Z
e83aa3,5,32,7,f,45fc26,2021-01-30T03:56:49.862Z
e31d39,2,10,7,f,45fc26,2021-01-30T03:56:49.862Z
d5e9a6,2,23,7,f,45fc26,2021-01-30T03:56:49.862Z
72f5d4,4,19,7,f,45fc26,2021-01-30T03:56:49.862Z
9ec847,1,54,7,f,45fc26,2021-01-30T03:56:49.862Z
c4a632,3,13,20,t,3e8cfb,2021-01-15T17:07:29.078Z
e31d39,4,10,20,t,3e8cfb,2021-01-15T17:07:29.078Z
72f5d4,3,19,20,t,3e8cfb,2021-01-15T17:07:29.078Z
c8d436,1,10,20,t,3e8cfb,2021-01-15T17:07:29.078Z
2feb6b,4,29,20,t,3e8cfb,2021-01-15T17:07:29.078Z
c4a632,1,13,9,t,92f2aa,2021-02-08T15:06:43.660Z
e83aa3,1,32,9,t,92f2aa,2021-02-08T15:06:43.660Z
e31d39,2,10,9,t,92f2aa,2021-02-08T15:06:43.660Z
9ec847,1,54,9,t,92f2aa,2021-02-08T15:06:43.660Z
c8d436,5,10,9,t,92f2aa,2021-02-08T15:06:43.660Z
2a2353,3,57,9,t,92f2aa,2021-02-08T15:06:43.660Z
f084eb,2,36,9,t,92f2aa,2021-02-08T15:06:43.660Z
b9a74d,4,17,9,t,92f2aa,2021-02-08T15:06:43.660Z
2feb6b,2,29,9,t,92f2aa,2021-02-08T15:06:43.660Z
72f5d4,3,19,19,f,d4c88b,2021-03-14T04:27:23.788Z
f084eb,4,36,19,f,d4c88b,2021-03-14T04:27:23.788Z
b9a74d,1,17,19,f,d4c88b,2021-03-14T04:27:23.788Z
c4a632,5,13,9,t,d4b4ca,2021-03-13T19:32:21.868Z
e83aa3,3,32,9,t,d4b4ca,2021-03-13T19:32:21.868Z
72f5d4,2,19,9,t,d4b4ca,2021-03-13T19:32:21.868Z
5d267b,2,40,9,t,d4b4ca,2021-03-13T19:32:21.868Z
f084eb,3,36,9,t,d4b4ca,2021-03-13T19:32:21.868Z
2feb6b,2,29,9,t,d4b4ca,2021-03-13T19:32:21.868Z
c4a632,4,13,16,t,212770,2021-01-19T16:38:17.318Z
d5e9a6,2,23,16,t,212770,2021-01-19T16:38:17.318Z
b9a74d,2,17,16,t,212770,2021-01-19T16:38:17.318Z
e83aa3,3,32,17,t,4955f9,2021-03-03T05:55:46.675Z
e31d39,3,10,17,t,4955f9,2021-03-03T05:55:46.675Z
d5e9a6,3,23,17,t,4955f9,2021-03-03T05:55:46.675Z
72f5d4,3,19,17,t,4955f9,2021-03-03T05:55:46.675Z
9ec847,5,54,17,t,4955f9,2021-03-03T05:55:46.675Z
5d267b,3,40,17,t,4955f9,2021-03-03T05:55:46.675Z
2feb6b,4,29,17,t,4955f9,2021-03-03T05:55:46.675Z
c4a632,3,13,6,f,f31aec,2021-01-24T21:06:26.294Z
9ec847,3,54,6,f,f31aec,2021-01-24T21:06:26.294Z
5d267b,1,40,6,f,f31aec,2021-01-24T21:06:26.294Z
2a2353,3,57,6,f,f31aec,2021-01-24T21:06:26.294Z
f084eb,2,36,6,f,f31aec,2021-01-24T21:06:26.294Z
e31d39,5,10,3,f,e6488f,2021-02-22T16:53:32.812Z
d5e9a6,5,23,3,f,e6488f,2021-02-22T16:53:32.812Z
72f5d4,3,19,3,f,e6488f,2021-02-22T16:53:32.812Z
5d267b,3,40,3,f,e6488f,2021-02-22T16:53:32.812Z
c8d436,1,10,3,f,e6488f,2021-02-22T16:53:32.812Z
2a2353,3,57,3,f,e6488f,2021-02-22T16:53:32.812Z
2feb6b,4,29,3,f,e6488f,2021-02-22T16:53:32.812Z
c4a632,4,13,20,t,2.94E+05,2021-03-16T22:17:34.540Z
e83aa3,1,32,20,t,2.94E+05,2021-03-16T22:17:34.540Z
e31d39,2,10,20,t,2.94E+05,2021-03-16T22:17:34.540Z
9ec847,4,54,20,t,2.94E+05,2021-03-16T22:17:34.540Z
2a2353,5,57,20,t,2.94E+05,2021-03-16T22:17:34.540Z
f084eb,5,36,20,t,2.94E+05,2021-03-16T22:17:34.540Z
2feb6b,5,29,20,t,2.94E+05,2021-03-16T22:17:34.540Z
c4a632,2,13,19,t,2d8f11,2021-03-17T07:13:18.537Z
e83aa3,4,32,19,t,2d8f11,2021-03-17T07:13:18.537Z
d5e9a6,4,23,19,t,2d8f11,2021-03-17T07:13:18.537Z
9ec847,4,54,19,t,2d8f11,2021-03-17T07:13:18.537Z
f084eb,1,36,19,t,2d8f11,2021-03-17T07:13:18.537Z
c4a632,1,13,20,t,14442e,2021-03-23T10:55:37.488Z
e31d39,4,10,20,t,14442e,2021-03-23T10:55:37.488Z
d5e9a6,1,23,20,t,14442e,2021-03-23T10:55:37.488Z
72f5d4,5,19,20,t,14442e,2021-03-23T10:55:37.488Z
5d267b,2,40,20,t,14442e,2021-03-23T10:55:37.488Z
c8d436,1,10,20,t,14442e,2021-03-23T10:55:37.488Z
2a2353,1,57,20,t,14442e,2021-03-23T10:55:37.488Z
f084eb,4,36,20,t,14442e,2021-03-23T10:55:37.488Z
2feb6b,2,29,20,t,14442e,2021-03-23T10:55:37.488Z
e31d39,2,10,7,t,99563f,2021-02-15T18:36:31.795Z
f084eb,4,36,7,t,99563f,2021-02-15T18:36:31.795Z
c4a632,4,13,18,f,95df60,2021-02-04T07:23:50.985Z
e31d39,4,10,18,f,95df60,2021-02-04T07:23:50.985Z
d5e9a6,1,23,18,f,95df60,2021-02-04T07:23:50.985Z
72f5d4,2,19,18,f,95df60,2021-02-04T07:23:50.985Z
9ec847,5,54,18,f,95df60,2021-02-04T07:23:50.985Z
5d267b,2,40,18,f,95df60,2021-02-04T07:23:50.985Z
c8d436,1,10,18,f,95df60,2021-02-04T07:23:50.985Z
2a2353,1,57,18,f,95df60,2021-02-04T07:23:50.985Z
e83aa3,3,32,1,f,9a5a66,2021-01-20T01:16:16.521Z
d5e9a6,1,23,1,f,9a5a66,2021-01-20T01:16:16.521Z
9ec847,1,54,1,f,9a5a66,2021-01-20T01:16:16.521Z
5d267b,5,40,1,f,9a5a66,2021-01-20T01:16:16.521Z
c8d436,1,10,1,f,9a5a66,2021-01-20T01:16:16.521Z
f084eb,2,36,1,f,9a5a66,2021-01-20T01:16:16.521Z
b9a74d,1,17,1,f,9a5a66,2021-01-20T01:16:16.521Z
c4a632,5,13,23,t,3766cc,2021-02-25T07:25:25.766Z
72f5d4,5,19,23,t,3766cc,2021-02-25T07:25:25.766Z
c8d436,4,10,23,t,3766cc,2021-02-25T07:25:25.766Z
2a2353,2,57,23,t,3766cc,2021-02-25T07:25:25.766Z
f084eb,3,36,23,t,3766cc,2021-02-25T07:25:25.766Z
c4a632,2,13,13,t,aecc00,2021-03-17T03:59:20.198Z
e83aa3,4,32,13,t,aecc00,2021-03-17T03:59:20.198Z
e31d39,2,10,13,t,aecc00,2021-03-17T03:59:20.198Z
72f5d4,2,19,13,t,aecc00,2021-03-17T03:59:20.198Z
9ec847,4,54,13,t,aecc00,2021-03-17T03:59:20.198Z
5d267b,5,40,13,t,aecc00,2021-03-17T03:59:20.198Z
c8d436,1,10,13,t,aecc00,2021-03-17T03:59:20.198Z
2feb6b,5,29,13,t,aecc00,2021-03-17T03:59:20.198Z
e83aa3,1,32,6,f,b51d44,2021-01-14T17:09:03.600Z
e31d39,2,10,6,f,b51d44,2021-01-14T17:09:03.600Z
d5e9a6,4,23,6,f,b51d44,2021-01-14T17:09:03.600Z
c8d436,2,10,6,f,b51d44,2021-01-14T17:09:03.600Z
f084eb,4,36,6,f,b51d44,2021-01-14T17:09:03.600Z
2feb6b,2,29,6,f,b51d44,2021-01-14T17:09:03.600Z
d5e9a6,3,23,18,f,2.61E+03,2021-02-19T04:58:30.115Z
c8d436,4,10,18,f,2.61E+03,2021-02-19T04:58:30.115Z
b9a74d,4,17,18,f,2.61E+03,2021-02-19T04:58:30.115Z
c4a632,5,13,13,f,7f398d,2021-03-03T23:14:58.963Z
e31d39,4,10,13,f,7f398d,2021-03-03T23:14:58.963Z
d5e9a6,1,23,13,f,7f398d,2021-03-03T23:14:58.963Z
c8d436,1,10,13,f,7f398d,2021-03-03T23:14:58.963Z
2a2353,4,57,13,f,7f398d,2021-03-03T23:14:58.963Z
f084eb,4,36,13,f,7f398d,2021-03-03T23:14:58.963Z
e83aa3,2,32,22,t,3c5145,2021-02-16T02:24:39.312Z
d5e9a6,5,23,22,t,3c5145,2021-02-16T02:24:39.312Z
9ec847,4,54,22,t,3c5145,2021-02-16T02:24:39.312Z
c8d436,4,10,22,t,3c5145,2021-02-16T02:24:39.312Z
f084eb,2,36,22,t,3c5145,2021-02-16T02:24:39.312Z
d5e9a6,4,23,22,t,17be75,2021-01-11T22:17:43.094Z
72f5d4,1,19,22,t,17be75,2021-01-11T22:17:43.094Z
5d267b,4,40,22,t,17be75,2021-01-11T22:17:43.094Z
c8d436,3,10,22,t,17be75,2021-01-11T22:17:43.094Z
2a2353,1,57,22,t,17be75,2021-01-11T22:17:43.094Z
f084eb,5,36,22,t,17be75,2021-01-11T22:17:43.094Z
b9a74d,4,17,22,t,17be75,2021-01-11T22:17:43.094Z
2feb6b,3,29,22,t,17be75,2021-01-11T22:17:43.094Z
e83aa3,3,32,22,t,a5fbc6,2021-01-06T21:00:19.958Z
9ec847,3,54,22,t,a5fbc6,2021-01-06T21:00:19.958Z
5d267b,3,40,22,t,a5fbc6,2021-01-06T21:00:19.958Z
f084eb,5,36,22,t,a5fbc6,2021-01-06T21:00:19.958Z
b9a74d,5,17,22,t,a5fbc6,2021-01-06T21:00:19.958Z
2feb6b,2,29,22,t,a5fbc6,2021-01-06T21:00:19.958Z
c4a632,2,13,12,t,451862,2021-01-14T21:25:03.792Z
e83aa3,3,32,12,t,451862,2021-01-14T21:25:03.792Z
72f5d4,4,19,12,t,451862,2021-01-14T21:25:03.792Z
9ec847,1,54,12,t,451862,2021-01-14T21:25:03.792Z
5d267b,4,40,12,t,451862,2021-01-14T21:25:03.792Z
c8d436,1,10,12,t,451862,2021-01-14T21:25:03.792Z
2a2353,4,57,12,t,451862,2021-01-14T21:25:03.792Z
b9a74d,2,17,12,t,451862,2021-01-14T21:25:03.792Z
e31d39,3,10,3,t,47a9fe,2021-02-10T20:58:16.492Z
5d267b,4,40,3,t,47a9fe,2021-02-10T20:58:16.492Z
c8d436,4,10,3,t,47a9fe,2021-02-10T20:58:16.492Z
2feb6b,1,29,3,t,47a9fe,2021-02-10T20:58:16.492Z
e83aa3,5,32,17,f,e56309,2021-01-07T03:51:40.118Z
e31d39,4,10,17,f,e56309,2021-01-07T03:51:40.118Z
72f5d4,3,19,17,f,e56309,2021-01-07T03:51:40.118Z
5d267b,5,40,17,f,e56309,2021-01-07T03:51:40.118Z
2a2353,1,57,17,f,e56309,2021-01-07T03:51:40.118Z
c4a632,2,13,20,t,f97d0f,2021-01-23T09:23:57.350Z
d5e9a6,2,23,20,t,f97d0f,2021-01-23T09:23:57.350Z
9ec847,3,54,20,t,f97d0f,2021-01-23T09:23:57.350Z
c8d436,2,10,20,t,f97d0f,2021-01-23T09:23:57.350Z
2a2353,3,57,20,t,f97d0f,2021-01-23T09:23:57.350Z
f084eb,3,36,20,t,f97d0f,2021-01-23T09:23:57.350Z
b9a74d,1,17,20,t,f97d0f,2021-01-23T09:23:57.350Z
e83aa3,3,32,2,f,18ee25,2021-03-22T20:23:39.177Z
d5e9a6,1,23,2,f,18ee25,2021-03-22T20:23:39.177Z
9ec847,3,54,2,f,18ee25,2021-03-22T20:23:39.177Z
f084eb,3,36,2,f,18ee25,2021-03-22T20:23:39.177Z
d5e9a6,2,23,8,f,a25cec,2021-03-27T10:23:46.060Z
72f5d4,5,19,8,f,a25cec,2021-03-27T10:23:46.060Z
9ec847,5,54,8,f,a25cec,2021-03-27T10:23:46.060Z
c8d436,2,10,8,f,a25cec,2021-03-27T10:23:46.060Z
2feb6b,5,29,8,f,a25cec,2021-03-27T10:23:46.060Z
c4a632,4,13,7,f,ac5b25,2021-02-02T04:26:54.672Z
e31d39,4,10,7,f,ac5b25,2021-02-02T04:26:54.672Z
d5e9a6,1,23,7,f,ac5b25,2021-02-02T04:26:54.672Z
72f5d4,1,19,7,f,ac5b25,2021-02-02T04:26:54.672Z
c8d436,1,10,7,f,ac5b25,2021-02-02T04:26:54.672Z
2a2353,5,57,7,f,ac5b25,2021-02-02T04:26:54.672Z
f084eb,5,36,7,f,ac5b25,2021-02-02T04:26:54.672Z
b9a74d,2,17,7,f,ac5b25,2021-02-02T04:26:54.672Z
2feb6b,3,29,7,f,ac5b25,2021-02-02T04:26:54.672Z
c4a632,4,13,10,t,aa161f,2021-01-24T04:28:15.888Z
5d267b,1,40,10,t,aa161f,2021-01-24T04:28:15.888Z
b9a74d,3,17,10,t,aa161f,2021-01-24T04:28:15.888Z
2feb6b,4,29,10,t,aa161f,2021-01-24T04:28:15.888Z
c4a632,5,13,20,t,e9c23d,2021-02-02T20:35:50.553Z
9ec847,4,54,20,t,e9c23d,2021-02-02T20:35:50.553Z
2a2353,1,57,20,t,e9c23d,2021-02-02T20:35:50.553Z
f084eb,3,36,20,t,e9c23d,2021-02-02T20:35:50.553Z
b9a74d,1,17,20,t,e9c23d,2021-02-02T20:35:50.553Z
2feb6b,2,29,20,t,e9c23d,2021-02-02T20:35:50.553Z
e83aa3,4,32,9,f,541772,2021-02-08T07:31:49.123Z
e31d39,1,10,9,f,541772,2021-02-08T07:31:49.123Z
d5e9a6,2,23,9,f,541772,2021-02-08T07:31:49.123Z
72f5d4,1,19,9,f,541772,2021-02-08T07:31:49.123Z
9ec847,5,54,9,f,541772,2021-02-08T07:31:49.123Z
5d267b,1,40,9,f,541772,2021-02-08T07:31:49.123Z
c8d436,5,10,9,f,541772,2021-02-08T07:31:49.123Z
2a2353,5,57,9,f,541772,2021-02-08T07:31:49.123Z
f084eb,3,36,9,f,541772,2021-02-08T07:31:49.123Z
c4a632,4,13,19,f,15f208,2021-03-28T14:48:52.732Z
e83aa3,4,32,19,f,15f208,2021-03-28T14:48:52.732Z
d5e9a6,2,23,19,f,15f208,2021-03-28T14:48:52.732Z
5d267b,3,40,19,f,15f208,2021-03-28T14:48:52.732Z
c8d436,1,10,19,f,15f208,2021-03-28T14:48:52.732Z
2feb6b,2,29,19,f,15f208,2021-03-28T14:48:52.732Z
e83aa3,3,32,19,f,0ccdf6,2021-03-22T08:11:24.259Z
72f5d4,3,19,19,f,0ccdf6,2021-03-22T08:11:24.259Z
9ec847,3,54,19,f,0ccdf6,2021-03-22T08:11:24.259Z
5d267b,5,40,19,f,0ccdf6,2021-03-22T08:11:24.259Z
b9a74d,1,17,19,f,0ccdf6,2021-03-22T08:11:24.259Z
2feb6b,3,29,19,f,0ccdf6,2021-03-22T08:11:24.259Z
e31d39,2,10,14,f,a00000,2021-01-13T19:36:58.694Z
d5e9a6,2,23,14,f,a00000,2021-01-13T19:36:58.694Z
72f5d4,2,19,14,f,a00000,2021-01-13T19:36:58.694Z
9ec847,2,54,14,f,a00000,2021-01-13T19:36:58.694Z
5d267b,2,40,14,f,a00000,2021-01-13T19:36:58.694Z
2feb6b,4,29,14,f,a00000,2021-01-13T19:36:58.694Z
c4a632,2,13,10,f,8d7f95,2021-03-26T21:55:45.148Z
e31d39,3,10,10,f,8d7f95,2021-03-26T21:55:45.148Z
d5e9a6,1,23,10,f,8d7f95,2021-03-26T21:55:45.148Z
5d267b,2,40,10,f,8d7f95,2021-03-26T21:55:45.148Z
b9a74d,1,17,10,f,8d7f95,2021-03-26T21:55:45.148Z
2feb6b,2,29,10,f,8d7f95,2021-03-26T21:55:45.148Z
c4a632,3,13,21,f,8e69ee,2021-03-14T07:46:52.521Z
e83aa3,1,32,21,f,8e69ee,2021-03-14T07:46:52.521Z
d5e9a6,4,23,21,f,8e69ee,2021-03-14T07:46:52.521Z
5d267b,1,40,21,f,8e69ee,2021-03-14T07:46:52.521Z
2a2353,4,57,21,f,8e69ee,2021-03-14T07:46:52.521Z
b9a74d,2,17,21,f,8e69ee,2021-03-14T07:46:52.521Z
2feb6b,1,29,21,f,8e69ee,2021-03-14T07:46:52.521Z
e83aa3,3,32,16,t,88a46c,2021-02-06T06:39:46.972Z
e31d39,2,10,16,t,88a46c,2021-02-06T06:39:46.972Z
72f5d4,1,19,16,t,88a46c,2021-02-06T06:39:46.972Z
c4a632,3,13,18,t,7dd891,2021-01-06T18:58:52.204Z
e31d39,5,10,18,t,7dd891,2021-01-06T18:58:52.204Z
d5e9a6,3,23,18,t,7dd891,2021-01-06T18:58:52.204Z
72f5d4,2,19,18,t,7dd891,2021-01-06T18:58:52.204Z
9ec847,5,54,18,t,7dd891,2021-01-06T18:58:52.204Z
f084eb,4,36,18,t,7dd891,2021-01-06T18:58:52.204Z
c4a632,4,13,4,f,934c71,2021-02-15T09:05:03.868Z
e31d39,4,10,4,f,934c71,2021-02-15T09:05:03.868Z
72f5d4,5,19,4,f,934c71,2021-02-15T09:05:03.868Z
9ec847,3,54,4,f,934c71,2021-02-15T09:05:03.868Z
c8d436,4,10,4,f,934c71,2021-02-15T09:05:03.868Z
2a2353,5,57,4,f,934c71,2021-02-15T09:05:03.868Z
b9a74d,4,17,4,f,934c71,2021-02-15T09:05:03.868Z
2feb6b,3,29,4,f,934c71,2021-02-15T09:05:03.868Z
c4a632,3,13,17,f,e32454,2021-02-11T05:40:57.100Z
e83aa3,4,32,17,f,e32454,2021-02-11T05:40:57.100Z
72f5d4,2,19,17,f,e32454,2021-02-11T05:40:57.100Z
9ec847,5,54,17,f,e32454,2021-02-11T05:40:57.100Z
5d267b,3,40,17,f,e32454,2021-02-11T05:40:57.100Z
2a2353,2,57,17,f,e32454,2021-02-11T05:40:57.100Z
b9a74d,5,17,17,f,e32454,2021-02-11T05:40:57.100Z
2feb6b,5,29,17,f,e32454,2021-02-11T05:40:57.100Z
c4a632,2,13,18,f,fcac52,2021-02-07T09:35:53.952Z
d5e9a6,3,23,18,f,fcac52,2021-02-07T09:35:53.952Z
72f5d4,4,19,18,f,fcac52,2021-02-07T09:35:53.952Z
9ec847,5,54,18,f,fcac52,2021-02-07T09:35:53.952Z
2a2353,5,57,18,f,fcac52,2021-02-07T09:35:53.952Z
f084eb,2,36,18,f,fcac52,2021-02-07T09:35:53.952Z
2feb6b,3,29,18,f,fcac52,2021-02-07T09:35:53.952Z
c4a632,5,13,15,t,a0726a,2021-01-09T05:48:14.457Z
9ec847,1,54,15,t,a0726a,2021-01-09T05:48:14.457Z
5d267b,5,40,15,t,a0726a,2021-01-09T05:48:14.457Z
c8d436,4,10,15,t,a0726a,2021-01-09T05:48:14.457Z
2a2353,5,57,15,t,a0726a,2021-01-09T05:48:14.457Z
b9a74d,3,17,15,t,a0726a,2021-01-09T05:48:14.457Z
e31d39,4,10,10,t,abc8b9,2021-02-20T12:49:40.454Z
d5e9a6,3,23,10,t,abc8b9,2021-02-20T12:49:40.454Z
5d267b,4,40,10,t,abc8b9,2021-02-20T12:49:40.454Z
2a2353,1,57,10,t,abc8b9,2021-02-20T12:49:40.454Z
2feb6b,3,29,10,t,abc8b9,2021-02-20T12:49:40.454Z
d5e9a6,3,23,14,t,657fd0,2021-03-15T09:59:42.144Z
72f5d4,2,19,14,t,657fd0,2021-03-15T09:59:42.144Z
9ec847,1,54,14,t,657fd0,2021-03-15T09:59:42.144Z
5d267b,4,40,14,t,657fd0,2021-03-15T09:59:42.144Z
2a2353,4,57,14,t,657fd0,2021-03-15T09:59:42.144Z
f084eb,1,36,14,t,657fd0,2021-03-15T09:59:42.144Z
b9a74d,5,17,14,t,657fd0,2021-03-15T09:59:42.144Z
c4a632,1,13,16,t,5ba070,2021-01-20T03:28:36.768Z
e83aa3,2,32,16,t,5ba070,2021-01-20T03:28:36.768Z
d5e9a6,2,23,16,t,5ba070,2021-01-20T03:28:36.768Z
9ec847,4,54,16,t,5ba070,2021-01-20T03:28:36.768Z
2a2353,5,57,16,t,5ba070,2021-01-20T03:28:36.768Z
f084eb,5,36,16,t,5ba070,2021-01-20T03:28:36.768Z
2feb6b,1,29,16,t,5ba070,2021-01-20T03:28:36.768Z
c4a632,2,13,13,f,843a09,2021-02-27T01:11:38.400Z
72f5d4,5,19,13,f,843a09,2021-02-27T01:11:38.400Z
5d267b,5,40,13,f,843a09,2021-02-27T01:11:38.400Z
c8d436,1,10,13,f,843a09,2021-02-27T01:11:38.400Z
2feb6b,4,29,13,f,843a09,2021-02-27T01:11:38.400Z
c4a632,3,13,3,f,17d88b,2021-01-12T08:08:33.878Z
e31d39,1,10,3,f,17d88b,2021-01-12T08:08:33.878Z
d5e9a6,3,23,3,f,17d88b,2021-01-12T08:08:33.878Z
9ec847,1,54,3,f,17d88b,2021-01-12T08:08:33.878Z
5d267b,1,40,3,f,17d88b,2021-01-12T08:08:33.878Z
2a2353,5,57,3,f,17d88b,2021-01-12T08:08:33.878Z
f084eb,5,36,3,f,17d88b,2021-01-12T08:08:33.878Z
b9a74d,2,17,3,f,17d88b,2021-01-12T08:08:33.878Z
d5e9a6,1,23,4,f,18f45f,2021-02-26T18:12:17.683Z
72f5d4,3,19,4,f,18f45f,2021-02-26T18:12:17.683Z
5d267b,4,40,4,f,18f45f,2021-02-26T18:12:17.683Z
c4a632,4,13,14,t,3aaf56,2021-03-10T05:14:20.601Z
e31d39,1,10,14,t,3aaf56,2021-03-10T05:14:20.601Z
72f5d4,1,19,14,t,3aaf56,2021-03-10T05:14:20.601Z
9ec847,5,54,14,t,3aaf56,2021-03-10T05:14:20.601Z
c8d436,3,10,14,t,3aaf56,2021-03-10T05:14:20.601Z
2a2353,4,57,14,t,3aaf56,2021-03-10T05:14:20.601Z
f084eb,1,36,14,t,3aaf56,2021-03-10T05:14:20.601Z
b9a74d,4,17,14,t,3aaf56,2021-03-10T05:14:20.601Z
2feb6b,5,29,14,t,3aaf56,2021-03-10T05:14:20.601Z
e31d39,5,10,16,t,3d8d69,2021-02-15T14:03:43.833Z
d5e9a6,3,23,16,t,3d8d69,2021-02-15T14:03:43.833Z
f084eb,5,36,16,t,3d8d69,2021-02-15T14:03:43.833Z
2feb6b,5,29,16,t,3d8d69,2021-02-15T14:03:43.833Z
c4a632,5,13,21,t,9ed326,2021-03-12T09:31:00.364Z
e31d39,3,10,21,t,9ed326,2021-03-12T09:31:00.364Z
9ec847,3,54,21,t,9ed326,2021-03-12T09:31:00.364Z
5d267b,3,40,21,t,9ed326,2021-03-12T09:31:00.364Z
b9a74d,4,17,21,t,9ed326,2021-03-12T09:31:00.364Z
2feb6b,5,29,21,t,9ed326,2021-03-12T09:31:00.364Z
c4a632,2,13,21,f,5c3a72,2021-01-15T16:20:08.851Z
d5e9a6,5,23,21,f,5c3a72,2021-01-15T16:20:08.851Z
72f5d4,5,19,21,f,5c3a72,2021-01-15T16:20:08.851Z
9ec847,4,54,21,f,5c3a72,2021-01-15T16:20:08.851Z
5d267b,1,40,21,f,5c3a72,2021-01-15T16:20:08.851Z
c8d436,1,10,21,f,5c3a72,2021-01-15T16:20:08.851Z
2a2353,4,57,21,f,5c3a72,2021-01-15T16:20:08.851Z
b9a74d,4,17,21,f,5c3a72,2021-01-15T16:20:08.851Z
c4a632,4,13,8,t,65ce70,2021-01-12T04:50:35.433Z
e31d39,3,10,8,t,65ce70,2021-01-12T04:50:35.433Z
d5e9a6,1,23,8,t,65ce70,2021-01-12T04:50:35.433Z
72f5d4,3,19,8,t,65ce70,2021-01-12T04:50:35.433Z
5d267b,1,40,8,t,65ce70,2021-01-12T04:50:35.433Z
2a2353,1,57,8,t,65ce70,2021-01-12T04:50:35.433Z
f084eb,2,36,8,t,65ce70,2021-01-12T04:50:35.433Z
b9a74d,5,17,8,t,65ce70,2021-01-12T04:50:35.433Z
c4a632,2,13,20,t,c9be24,2021-01-16T04:46:31.353Z
72f5d4,2,19,20,t,c9be24,2021-01-16T04:46:31.353Z
c8d436,1,10,20,t,c9be24,2021-01-16T04:46:31.353Z
f084eb,3,36,20,t,c9be24,2021-01-16T04:46:31.353Z
b9a74d,2,17,20,t,c9be24,2021-01-16T04:46:31.353Z
c4a632,5,13,19,t,99a93c,2021-01-03T17:47:16.915Z
e83aa3,4,32,19,t,99a93c,2021-01-03T17:47:16.915Z
e31d39,3,10,19,t,99a93c,2021-01-03T17:47:16.915Z
72f5d4,4,19,19,t,99a93c,2021-01-03T17:47:16.915Z
9ec847,2,54,19,t,99a93c,2021-01-03T17:47:16.915Z
c8d436,4,10,19,t,99a93c,2021-01-03T17:47:16.915Z
b9a74d,3,17,19,t,99a93c,2021-01-03T17:47:16.915Z
2feb6b,3,29,19,t,99a93c,2021-01-03T17:47:16.915Z
c4a632,5,13,10,t,38ee59,2021-03-27T10:20:45.398Z
72f5d4,5,19,10,t,38ee59,2021-03-27T10:20:45.398Z
9ec847,2,54,10,t,38ee59,2021-03-27T10:20:45.398Z
5d267b,4,40,10,t,38ee59,2021-03-27T10:20:45.398Z
2a2353,2,57,10,t,38ee59,2021-03-27T10:20:45.398Z
2feb6b,4,29,10,t,38ee59,2021-03-27T10:20:45.398Z
c4a632,4,13,14,t,b79f0a,2021-02-16T08:11:51.388Z
e83aa3,4,32,14,t,b79f0a,2021-02-16T08:11:51.388Z
5d267b,1,40,14,t,b79f0a,2021-02-16T08:11:51.388Z
e83aa3,1,32,10,t,8f368e,2021-02-03T11:11:37.392Z
e31d39,3,10,10,t,8f368e,2021-02-03T11:11:37.392Z
d5e9a6,4,23,10,t,8f368e,2021-02-03T11:11:37.392Z
72f5d4,5,19,10,t,8f368e,2021-02-03T11:11:37.392Z
9ec847,4,54,10,t,8f368e,2021-02-03T11:11:37.392Z
5d267b,5,40,10,t,8f368e,2021-02-03T11:11:37.392Z
f084eb,3,36,10,t,8f368e,2021-02-03T11:11:37.392Z
b9a74d,3,17,10,t,8f368e,2021-02-03T11:11:37.392Z
c4a632,3,13,13,f,8720b2,2021-03-23T02:56:04.387Z
e83aa3,3,32,13,f,8720b2,2021-03-23T02:56:04.387Z
d5e9a6,2,23,13,f,8720b2,2021-03-23T02:56:04.387Z
5d267b,4,40,13,f,8720b2,2021-03-23T02:56:04.387Z
c8d436,3,10,13,f,8720b2,2021-03-23T02:56:04.387Z
f084eb,2,36,13,f,8720b2,2021-03-23T02:56:04.387Z
2feb6b,1,29,13,f,8720b2,2021-03-23T02:56:04.387Z
c4a632,2,13,14,f,af5bce,2021-01-20T22:23:51.763Z
e31d39,2,10,14,f,af5bce,2021-01-20T22:23:51.763Z
72f5d4,1,19,14,f,af5bce,2021-01-20T22:23:51.763Z
5d267b,3,40,14,f,af5bce,2021-01-20T22:23:51.763Z
c8d436,4,10,14,f,af5bce,2021-01-20T22:23:51.763Z
f084eb,3,36,14,f,af5bce,2021-01-20T22:23:51.763Z
b9a74d,3,17,14,f,af5bce,2021-01-20T22:23:51.763Z
2feb6b,4,29,14,f,af5bce,2021-01-20T22:23:51.763Z
e83aa3,3,32,11,t,1ad53e,2021-01-27T17:59:32.092Z
d5e9a6,5,23,11,t,1ad53e,2021-01-27T17:59:32.092Z
72f5d4,1,19,11,t,1ad53e,2021-01-27T17:59:32.092Z
9ec847,5,54,11,t,1ad53e,2021-01-27T17:59:32.092Z
5d267b,5,40,11,t,1ad53e,2021-01-27T17:59:32.092Z
c8d436,3,10,11,t,1ad53e,2021-01-27T17:59:32.092Z
2a2353,2,57,11,t,1ad53e,2021-01-27T17:59:32.092Z
f084eb,2,36,11,t,1ad53e,2021-01-27T17:59:32.092Z
c4a632,4,13,16,f,a28586,2021-03-14T09:50:13.891Z
e83aa3,2,32,16,f,a28586,2021-03-14T09:50:13.891Z
e31d39,5,10,16,f,a28586,2021-03-14T09:50:13.891Z
d5e9a6,2,23,16,f,a28586,2021-03-14T09:50:13.891Z
72f5d4,4,19,16,f,a28586,2021-03-14T09:50:13.891Z
9ec847,1,54,16,f,a28586,2021-03-14T09:50:13.891Z
5d267b,2,40,16,f,a28586,2021-03-14T09:50:13.891Z
2a2353,4,57,16,f,a28586,2021-03-14T09:50:13.891Z
b9a74d,3,17,16,f,a28586,2021-03-14T09:50:13.891Z
2feb6b,4,29,16,f,a28586,2021-03-14T09:50:13.891Z
e31d39,5,10,0,f,6b724b,2021-01-16T12:58:18.595Z
5d267b,4,40,0,f,6b724b,2021-01-16T12:58:18.595Z
2a2353,4,57,0,f,6b724b,2021-01-16T12:58:18.595Z
f084eb,1,36,0,f,6b724b,2021-01-16T12:58:18.595Z
b9a74d,1,17,0,f,6b724b,2021-01-16T12:58:18.595Z
2feb6b,3,29,0,f,6b724b,2021-01-16T12:58:18.595Z
d5e9a6,3,23,14,t,a97017,2021-02-19T05:11:18.038Z
72f5d4,5,19,14,t,a97017,2021-02-19T05:11:18.038Z
9ec847,5,54,14,t,a97017,2021-02-19T05:11:18.038Z
2a2353,3,57,14,t,a97017,2021-02-19T05:11:18.038Z
f084eb,4,36,14,t,a97017,2021-02-19T05:11:18.038Z
b9a74d,2,17,14,t,a97017,2021-02-19T05:11:18.038Z
c4a632,3,13,23,t,584b2d,2021-02-01T14:21:17.136Z
e83aa3,5,32,23,t,584b2d,2021-02-01T14:21:17.136Z
e31d39,2,10,23,t,584b2d,2021-02-01T14:21:17.136Z
d5e9a6,3,23,23,t,584b2d,2021-02-01T14:21:17.136Z
72f5d4,5,19,23,t,584b2d,2021-02-01T14:21:17.136Z
c8d436,3,10,23,t,584b2d,2021-02-01T14:21:17.136Z
b9a74d,2,17,23,t,584b2d,2021-02-01T14:21:17.136Z
d5e9a6,4,23,14,t,4ffd74,2021-01-05T04:24:28.396Z
c8d436,2,10,14,t,4ffd74,2021-01-05T04:24:28.396Z
2a2353,2,57,14,t,4ffd74,2021-01-05T04:24:28.396Z
b9a74d,4,17,14,t,4ffd74,2021-01-05T04:24:28.396Z
e83aa3,4,32,19,t,727c7c,2021-02-16T16:54:32.601Z
e31d39,1,10,19,t,727c7c,2021-02-16T16:54:32.601Z
9ec847,5,54,19,t,727c7c,2021-02-16T16:54:32.601Z
c8d436,4,10,19,t,727c7c,2021-02-16T16:54:32.601Z
f084eb,5,36,19,t,727c7c,2021-02-16T16:54:32.601Z
b9a74d,3,17,19,t,727c7c,2021-02-16T16:54:32.601Z
2feb6b,2,29,19,t,727c7c,2021-02-16T16:54:32.601Z
c4a632,1,13,4,t,69f153,2021-03-10T22:13:32.793Z
e83aa3,4,32,4,t,69f153,2021-03-10T22:13:32.793Z
e31d39,4,10,4,t,69f153,2021-03-10T22:13:32.793Z
72f5d4,2,19,4,t,69f153,2021-03-10T22:13:32.793Z
9ec847,4,54,4,t,69f153,2021-03-10T22:13:32.793Z
c8d436,2,10,4,t,69f153,2021-03-10T22:13:32.793Z
f084eb,5,36,4,t,69f153,2021-03-10T22:13:32.793Z
b9a74d,4,17,4,t,69f153,2021-03-10T22:13:32.793Z
2feb6b,5,29,4,t,69f153,2021-03-10T22:13:32.793Z
e83aa3,5,32,11,t,237adf,2021-03-02T09:17:40.300Z
d5e9a6,1,23,11,t,237adf,2021-03-02T09:17:40.300Z
9ec847,5,54,11,t,237adf,2021-03-02T09:17:40.300Z
5d267b,3,40,11,t,237adf,2021-03-02T09:17:40.300Z
2a2353,4,57,11,t,237adf,2021-03-02T09:17:40.300Z
c4a632,4,13,18,f,175619,2021-01-26T05:35:08.822Z
d5e9a6,5,23,18,f,175619,2021-01-26T05:35:08.822Z
c8d436,3,10,18,f,175619,2021-01-26T05:35:08.822Z
2a2353,3,57,18,f,175619,2021-01-26T05:35:08.822Z
f084eb,3,36,18,f,175619,2021-01-26T05:35:08.822Z
b9a74d,4,17,18,f,175619,2021-01-26T05:35:08.822Z
e83aa3,5,32,3,t,f50748,2021-03-03T01:18:00.115Z
e31d39,3,10,3,t,f50748,2021-03-03T01:18:00.115Z
72f5d4,1,19,3,t,f50748,2021-03-03T01:18:00.115Z
5d267b,1,40,3,t,f50748,2021-03-03T01:18:00.115Z
2feb6b,1,29,3,t,f50748,2021-03-03T01:18:00.115Z
e31d39,1,10,3,t,0c87b0,2021-01-15T07:00:38.044Z
d5e9a6,3,23,3,t,0c87b0,2021-01-15T07:00:38.044Z
c8d436,4,10,3,t,0c87b0,2021-01-15T07:00:38.044Z
2a2353,4,57,3,t,0c87b0,2021-01-15T07:00:38.044Z
f084eb,2,36,3,t,0c87b0,2021-01-15T07:00:38.044Z
b9a74d,2,17,3,t,0c87b0,2021-01-15T07:00:38.044Z
c4a632,1,13,5,t,c55cdb,2021-03-17T09:42:02.016Z
e31d39,2,10,5,t,c55cdb,2021-03-17T09:42:02.016Z
d5e9a6,2,23,5,t,c55cdb,2021-03-17T09:42:02.016Z
9ec847,4,54,5,t,c55cdb,2021-03-17T09:42:02.016Z
f084eb,5,36,5,t,c55cdb,2021-03-17T09:42:02.016Z
b9a74d,5,17,5,t,c55cdb,2021-03-17T09:42:02.016Z
c4a632,4,13,4,t,1f72b2,2021-02-14T02:22:35.760Z
72f5d4,2,19,4,t,1f72b2,2021-02-14T02:22:35.760Z
5d267b,5,40,4,t,1f72b2,2021-02-14T02:22:35.760Z
2a2353,1,57,4,t,1f72b2,2021-02-14T02:22:35.760Z
2feb6b,2,29,4,t,1f72b2,2021-02-14T02:22:35.760Z
c4a632,3,13,20,t,fe7029,2021-01-21T22:03:00.691Z
e31d39,1,10,20,t,fe7029,2021-01-21T22:03:00.691Z
d5e9a6,4,23,20,t,fe7029,2021-01-21T22:03:00.691Z
72f5d4,4,19,20,t,fe7029,2021-01-21T22:03:00.691Z
9ec847,5,54,20,t,fe7029,2021-01-21T22:03:00.691Z
5d267b,1,40,20,t,fe7029,2021-01-21T22:03:00.691Z
c8d436,1,10,20,t,fe7029,2021-01-21T22:03:00.691Z
f084eb,2,36,20,t,fe7029,2021-01-21T22:03:00.691Z
b9a74d,1,17,20,t,fe7029,2021-01-21T22:03:00.691Z
c4a632,2,13,20,t,c6670c,2021-03-20T09:55:00.566Z
e83aa3,5,32,20,t,c6670c,2021-03-20T09:55:00.566Z
e31d39,5,10,20,t,c6670c,2021-03-20T09:55:00.566Z
d5e9a6,2,23,20,t,c6670c,2021-03-20T09:55:00.566Z
9ec847,2,54,20,t,c6670c,2021-03-20T09:55:00.566Z
c8d436,1,10,20,t,c6670c,2021-03-20T09:55:00.566Z
2a2353,4,57,20,t,c6670c,2021-03-20T09:55:00.566Z
b9a74d,5,17,20,t,c6670c,2021-03-20T09:55:00.566Z
c4a632,5,13,13,f,d3d832,2021-02-25T14:20:53.808Z
e31d39,4,10,13,f,d3d832,2021-02-25T14:20:53.808Z
9ec847,5,54,13,f,d3d832,2021-02-25T14:20:53.808Z
2a2353,4,57,13,f,d3d832,2021-02-25T14:20:53.808Z
b9a74d,1,17,13,f,d3d832,2021-02-25T14:20:53.808Z
2feb6b,1,29,13,f,d3d832,2021-02-25T14:20:53.808Z
c4a632,4,13,6,f,fa573c,2021-02-06T23:10:26.284Z
9ec847,2,54,6,f,fa573c,2021-02-06T23:10:26.284Z
f084eb,5,36,6,f,fa573c,2021-02-06T23:10:26.284Z
b9a74d,5,17,6,f,fa573c,2021-02-06T23:10:26.284Z
2feb6b,3,29,6,f,fa573c,2021-02-06T23:10:26.284Z
e83aa3,4,32,18,f,fafd31,2021-02-15T01:33:50.342Z
e31d39,5,10,18,f,fafd31,2021-02-15T01:33:50.342Z
72f5d4,2,19,18,f,fafd31,2021-02-15T01:33:50.342Z
9ec847,3,54,18,f,fafd31,2021-02-15T01:33:50.342Z
f084eb,4,36,18,f,fafd31,2021-02-15T01:33:50.342Z
b9a74d,2,17,18,f,fafd31,2021-02-15T01:33:50.342Z
2feb6b,3,29,18,f,fafd31,2021-02-15T01:33:50.342Z
c4a632,2,13,11,t,364ee3,2021-03-17T01:12:00.777Z
e83aa3,4,32,11,t,364ee3,2021-03-17T01:12:00.777Z
d5e9a6,3,23,11,t,364ee3,2021-03-17T01:12:00.777Z
9ec847,2,54,11,t,364ee3,2021-03-17T01:12:00.777Z
5d267b,4,40,11,t,364ee3,2021-03-17T01:12:00.777Z
c8d436,4,10,11,t,364ee3,2021-03-17T01:12:00.777Z
f084eb,5,36,11,t,364ee3,2021-03-17T01:12:00.777Z
2feb6b,1,29,11,t,364ee3,2021-03-17T01:12:00.777Z
c4a632,2,13,0,t,9c0827,2021-02-15T12:23:30.998Z
e83aa3,4,32,0,t,9c0827,2021-02-15T12:23:30.998Z
e31d39,4,10,0,t,9c0827,2021-02-15T12:23:30.998Z
9ec847,2,54,0,t,9c0827,2021-02-15T12:23:30.998Z
5d267b,1,40,0,t,9c0827,2021-02-15T12:23:30.998Z
c8d436,3,10,0,t,9c0827,2021-02-15T12:23:30.998Z
f084eb,4,36,0,t,9c0827,2021-02-15T12:23:30.998Z
2feb6b,5,29,0,t,9c0827,2021-02-15T12:23:30.998Z
e83aa3,4,32,24,t,fbd243,2021-01-12T00:57:56.217Z
d5e9a6,4,23,24,t,fbd243,2021-01-12T00:57:56.217Z
72f5d4,1,19,24,t,fbd243,2021-01-12T00:57:56.217Z
5d267b,3,40,24,t,fbd243,2021-01-12T00:57:56.217Z
c8d436,1,10,24,t,fbd243,2021-01-12T00:57:56.217Z
2a2353,2,57,24,t,fbd243,2021-01-12T00:57:56.217Z
c4a632,2,13,19,t,5268b2,2021-02-04T10:10:46.473Z
e31d39,1,10,19,t,5268b2,2021-02-04T10:10:46.473Z
2a2353,2,57,19,t,5268b2,2021-02-04T10:10:46.473Z
f084eb,4,36,19,t,5268b2,2021-02-04T10:10:46.473Z
2feb6b,5,29,19,t,5268b2,2021-02-04T10:10:46.473Z
72f5d4,4,19,23,t,1c0a27,2021-02-15T11:09:46.886Z
9ec847,3,54,23,t,1c0a27,2021-02-15T11:09:46.886Z
c8d436,1,10,23,t,1c0a27,2021-02-15T11:09:46.886Z
f084eb,1,36,23,t,1c0a27,2021-02-15T11:09:46.886Z
2feb6b,5,29,23,t,1c0a27,2021-02-15T11:09:46.886Z
c4a632,5,13,6,t,2ef481,2021-03-20T19:23:23.251Z
e83aa3,2,32,6,t,2ef481,2021-03-20T19:23:23.251Z
e31d39,5,10,6,t,2ef481,2021-03-20T19:23:23.251Z
2a2353,5,57,6,t,2ef481,2021-03-20T19:23:23.251Z
f084eb,1,36,6,t,2ef481,2021-03-20T19:23:23.251Z
2feb6b,3,29,6,t,2ef481,2021-03-20T19:23:23.251Z
c4a632,1,13,8,t,b7f6a2,2021-03-01T15:23:27.888Z
e83aa3,1,32,8,t,b7f6a2,2021-03-01T15:23:27.888Z
e31d39,4,10,8,t,b7f6a2,2021-03-01T15:23:27.888Z
72f5d4,5,19,8,t,b7f6a2,2021-03-01T15:23:27.888Z
9ec847,3,54,8,t,b7f6a2,2021-03-01T15:23:27.888Z
5d267b,2,40,8,t,b7f6a2,2021-03-01T15:23:27.888Z
2a2353,3,57,8,t,b7f6a2,2021-03-01T15:23:27.888Z
f084eb,1,36,8,t,b7f6a2,2021-03-01T15:23:27.888Z
b9a74d,2,17,8,t,b7f6a2,2021-03-01T15:23:27.888Z
c4a632,4,13,1,t,e01635,2021-03-15T10:10:57.532Z
d5e9a6,2,23,1,t,e01635,2021-03-15T10:10:57.532Z
9ec847,3,54,1,t,e01635,2021-03-15T10:10:57.532Z
5d267b,1,40,1,t,e01635,2021-03-15T10:10:57.532Z
c8d436,3,10,1,t,e01635,2021-03-15T10:10:57.532Z
2a2353,2,57,1,t,e01635,2021-03-15T10:10:57.532Z
b9a74d,3,17,1,t,e01635,2021-03-15T10:10:57.532Z
2feb6b,5,29,1,t,e01635,2021-03-15T10:10:57.532Z
c4a632,4,13,19,t,0d0814,2021-02-19T18:05:10.867Z
e31d39,2,10,19,t,0d0814,2021-02-19T18:05:10.867Z
d5e9a6,1,23,19,t,0d0814,2021-02-19T18:05:10.867Z
72f5d4,1,19,19,t,0d0814,2021-02-19T18:05:10.867Z
2a2353,2,57,19,t,0d0814,2021-02-19T18:05:10.867Z
e83aa3,2,32,17,t,4d3371,2021-02-02T17:11:50.179Z
d5e9a6,2,23,17,t,4d3371,2021-02-02T17:11:50.179Z
72f5d4,4,19,17,t,4d3371,2021-02-02T17:11:50.179Z
5d267b,1,40,17,t,4d3371,2021-02-02T17:11:50.179Z
2a2353,5,57,17,t,4d3371,2021-02-02T17:11:50.179Z
2feb6b,5,29,17,t,4d3371,2021-02-02T17:11:50.179Z
d5e9a6,2,23,0,f,c3c457,2021-01-17T16:32:15.561Z
c8d436,2,10,0,f,c3c457,2021-01-17T16:32:15.561Z
f084eb,3,36,0,f,c3c457,2021-01-17T16:32:15.561Z
2feb6b,3,29,0,f,c3c457,2021-01-17T16:32:15.561Z
e31d39,5,10,18,f,a38721,2021-02-24T16:56:24.403Z
d5e9a6,5,23,18,f,a38721,2021-02-24T16:56:24.403Z
72f5d4,5,19,18,f,a38721,2021-02-24T16:56:24.403Z
5d267b,2,40,18,f,a38721,2021-02-24T16:56:24.403Z
c8d436,4,10,18,f,a38721,2021-02-24T16:56:24.403Z
2a2353,3,57,18,f,a38721,2021-02-24T16:56:24.403Z
f084eb,2,36,18,f,a38721,2021-02-24T16:56:24.403Z
b9a74d,4,17,18,f,a38721,2021-02-24T16:56:24.403Z
72f5d4,5,19,22,t,124bb0,2021-01-02T14:41:11.097Z
5d267b,5,40,22,t,124bb0,2021-01-02T14:41:11.097Z
c8d436,2,10,22,t,124bb0,2021-01-02T14:41:11.097Z
b9a74d,5,17,22,t,124bb0,2021-01-02T14:41:11.097Z
c4a632,4,13,13,t,9b6403,2021-02-02T16:34:23.865Z
e83aa3,5,32,13,t,9b6403,2021-02-02T16:34:23.865Z
e31d39,4,10,13,t,9b6403,2021-02-02T16:34:23.865Z
72f5d4,2,19,13,t,9b6403,2021-02-02T16:34:23.865Z
9ec847,4,54,13,t,9b6403,2021-02-02T16:34:23.865Z
5d267b,1,40,13,t,9b6403,2021-02-02T16:34:23.865Z
2feb6b,2,29,13,t,9b6403,2021-02-02T16:34:23.865Z
e83aa3,5,32,21,f,bb8c21,2021-01-18T18:02:29.126Z
e31d39,5,10,21,f,bb8c21,2021-01-18T18:02:29.126Z
5d267b,1,40,21,f,bb8c21,2021-01-18T18:02:29.126Z
2a2353,4,57,21,f,bb8c21,2021-01-18T18:02:29.126Z
f084eb,1,36,21,f,bb8c21,2021-01-18T18:02:29.126Z
b9a74d,1,17,21,f,bb8c21,2021-01-18T18:02:29.126Z
e83aa3,2,32,10,f,da9a18,2021-02-01T08:38:04.128Z
e31d39,4,10,10,f,da9a18,2021-02-01T08:38:04.128Z
9ec847,4,54,10,f,da9a18,2021-02-01T08:38:04.128Z
c8d436,5,10,10,f,da9a18,2021-02-01T08:38:04.128Z
2a2353,3,57,10,f,da9a18,2021-02-01T08:38:04.128Z
b9a74d,1,17,10,f,da9a18,2021-02-01T08:38:04.128Z
2feb6b,3,29,10,f,da9a18,2021-02-01T08:38:04.128Z
c4a632,1,13,24,t,cb35f1,2021-01-06T02:49:56.409Z
2a2353,2,57,24,t,cb35f1,2021-01-06T02:49:56.409Z
f084eb,4,36,24,t,cb35f1,2021-01-06T02:49:56.409Z
2feb6b,4,29,24,t,cb35f1,2021-01-06T02:49:56.409Z
c4a632,2,13,4,t,35dc86,2021-02-02T05:49:14.764Z
e83aa3,5,32,4,t,35dc86,2021-02-02T05:49:14.764Z
d5e9a6,2,23,4,t,35dc86,2021-02-02T05:49:14.764Z
72f5d4,1,19,4,t,35dc86,2021-02-02T05:49:14.764Z
9ec847,1,54,4,t,35dc86,2021-02-02T05:49:14.764Z
b9a74d,5,17,4,t,35dc86,2021-02-02T05:49:14.764Z
e83aa3,2,32,15,f,6eddd6,2021-01-12T10:26:29.702Z
e31d39,2,10,15,f,6eddd6,2021-01-12T10:26:29.702Z
d5e9a6,3,23,15,f,6eddd6,2021-01-12T10:26:29.702Z
9ec847,5,54,15,f,6eddd6,2021-01-12T10:26:29.702Z
5d267b,2,40,15,f,6eddd6,2021-01-12T10:26:29.702Z
f084eb,2,36,15,f,6eddd6,2021-01-12T10:26:29.702Z
2feb6b,3,29,15,f,6eddd6,2021-01-12T10:26:29.702Z
c4a632,5,13,1,f,b906ed,2021-02-02T14:39:51.177Z
9ec847,4,54,1,f,b906ed,2021-02-02T14:39:51.177Z
5d267b,3,40,1,f,b906ed,2021-02-02T14:39:51.177Z
c8d436,3,10,1,f,b906ed,2021-02-02T14:39:51.177Z
b9a74d,3,17,1,f,b906ed,2021-02-02T14:39:51.177Z
e83aa3,4,32,12,t,d86028,2021-02-14T16:44:18.556Z
e31d39,5,10,12,t,d86028,2021-02-14T16:44:18.556Z
5d267b,4,40,12,t,d86028,2021-02-14T16:44:18.556Z
c8d436,3,10,12,t,d86028,2021-02-14T16:44:18.556Z
2a2353,5,57,12,t,d86028,2021-02-14T16:44:18.556Z
f084eb,3,36,12,t,d86028,2021-02-14T16:44:18.556Z
e83aa3,5,32,10,t,b5a96d,2021-01-07T20:02:58.214Z
e31d39,2,10,10,t,b5a96d,2021-01-07T20:02:58.214Z
d5e9a6,4,23,10,t,b5a96d,2021-01-07T20:02:58.214Z
72f5d4,2,19,10,t,b5a96d,2021-01-07T20:02:58.214Z
2a2353,5,57,10,t,b5a96d,2021-01-07T20:02:58.214Z
2feb6b,5,29,10,t,b5a96d,2021-01-07T20:02:58.214Z
c4a632,1,13,18,f,a4a914,2021-03-22T05:46:16.867Z
e83aa3,4,32,18,f,a4a914,2021-03-22T05:46:16.867Z
d5e9a6,5,23,18,f,a4a914,2021-03-22T05:46:16.867Z
9ec847,4,54,18,f,a4a914,2021-03-22T05:46:16.867Z
f084eb,4,36,18,f,a4a914,2021-03-22T05:46:16.867Z
e31d39,5,10,3,f,19a54c,2021-03-28T11:31:23.491Z
d5e9a6,2,23,3,f,19a54c,2021-03-28T11:31:23.491Z
72f5d4,2,19,3,f,19a54c,2021-03-28T11:31:23.491Z
5d267b,5,40,3,f,19a54c,2021-03-28T11:31:23.491Z
2a2353,2,57,3,f,19a54c,2021-03-28T11:31:23.491Z
e83aa3,2,32,10,t,7233eb,2021-02-27T16:45:11.606Z
d5e9a6,5,23,10,t,7233eb,2021-02-27T16:45:11.606Z
72f5d4,1,19,10,t,7233eb,2021-02-27T16:45:11.606Z
2a2353,2,57,10,t,7233eb,2021-02-27T16:45:11.606Z
f084eb,4,36,10,t,7233eb,2021-02-27T16:45:11.606Z
b9a74d,2,17,10,t,7233eb,2021-02-27T16:45:11.606Z
c4a632,2,13,4,t,ee5288,2021-01-14T12:43:44.572Z
e83aa3,5,32,4,t,ee5288,2021-01-14T12:43:44.572Z
72f5d4,3,19,4,t,ee5288,2021-01-14T12:43:44.572Z
9ec847,3,54,4,t,ee5288,2021-01-14T12:43:44.572Z
2a2353,1,57,4,t,ee5288,2021-01-14T12:43:44.572Z
b9a74d,3,17,4,t,ee5288,2021-01-14T12:43:44.572Z
e83aa3,5,32,9,t,2f94b9,2021-01-04T20:35:53.491Z
e31d39,1,10,9,t,2f94b9,2021-01-04T20:35:53.491Z
d5e9a6,1,23,9,t,2f94b9,2021-01-04T20:35:53.491Z
9ec847,4,54,9,t,2f94b9,2021-01-04T20:35:53.491Z
5d267b,1,40,9,t,2f94b9,2021-01-04T20:35:53.491Z
c8d436,1,10,9,t,2f94b9,2021-01-04T20:35:53.491Z
b9a74d,2,17,9,t,2f94b9,2021-01-04T20:35:53.491Z
2feb6b,4,29,9,t,2f94b9,2021-01-04T20:35:53.491Z
c4a632,3,13,19,f,db4370,2021-03-01T21:57:19.411Z
e83aa3,2,32,19,f,db4370,2021-03-01T21:57:19.411Z
e31d39,3,10,19,f,db4370,2021-03-01T21:57:19.411Z
72f5d4,4,19,19,f,db4370,2021-03-01T21:57:19.411Z
5d267b,1,40,19,f,db4370,2021-03-01T21:57:19.411Z
f084eb,5,36,19,f,db4370,2021-03-01T21:57:19.411Z
e83aa3,3,32,18,t,880026,2021-01-03T22:15:46.713Z
9ec847,2,54,18,t,880026,2021-01-03T22:15:46.713Z
5d267b,1,40,18,t,880026,2021-01-03T22:15:46.713Z
2a2353,1,57,18,t,880026,2021-01-03T22:15:46.713Z
c4a632,5,13,11,t,d83a8e,2021-01-05T10:57:32.140Z
e83aa3,4,32,11,t,d83a8e,2021-01-05T10:57:32.140Z
e31d39,3,10,11,t,d83a8e,2021-01-05T10:57:32.140Z
5d267b,2,40,11,t,d83a8e,2021-01-05T10:57:32.140Z
c8d436,5,10,11,t,d83a8e,2021-01-05T10:57:32.140Z
2a2353,2,57,11,t,d83a8e,2021-01-05T10:57:32.140Z
f084eb,3,36,11,t,d83a8e,2021-01-05T10:57:32.140Z
e83aa3,1,32,14,f,4f8bc2,2021-03-26T14:43:14.649Z
d5e9a6,1,23,14,f,4f8bc2,2021-03-26T14:43:14.649Z
72f5d4,2,19,14,f,4f8bc2,2021-03-26T14:43:14.649Z
9ec847,3,54,14,f,4f8bc2,2021-03-26T14:43:14.649Z
5d267b,2,40,14,f,4f8bc2,2021-03-26T14:43:14.649Z
c8d436,2,10,14,f,4f8bc2,2021-03-26T14:43:14.649Z
f084eb,2,36,14,f,4f8bc2,2021-03-26T14:43:14.649Z
2feb6b,1,29,14,f,4f8bc2,2021-03-26T14:43:14.649Z
c4a632,3,13,13,t,f95a9b,2021-01-15T00:42:09.100Z
9ec847,4,54,13,t,f95a9b,2021-01-15T00:42:09.100Z
c8d436,4,10,13,t,f95a9b,2021-01-15T00:42:09.100Z
2feb6b,4,29,13,t,f95a9b,2021-01-15T00:42:09.100Z
c4a632,5,13,8,t,298fe4,2021-01-13T23:53:52.195Z
e83aa3,1,32,8,t,298fe4,2021-01-13T23:53:52.195Z
e31d39,1,10,8,t,298fe4,2021-01-13T23:53:52.195Z
d5e9a6,2,23,8,t,298fe4,2021-01-13T23:53:52.195Z
9ec847,1,54,8,t,298fe4,2021-01-13T23:53:52.195Z
5d267b,5,40,8,t,298fe4,2021-01-13T23:53:52.195Z
2a2353,5,57,8,t,298fe4,2021-01-13T23:53:52.195Z
f084eb,1,36,8,t,298fe4,2021-01-13T23:53:52.195Z
b9a74d,1,17,8,t,298fe4,2021-01-13T23:53:52.195Z
c4a632,2,13,6,t,9eab2b,2021-01-12T02:10:19.977Z
e31d39,4,10,6,t,9eab2b,2021-01-12T02:10:19.977Z
72f5d4,2,19,6,t,9eab2b,2021-01-12T02:10:19.977Z
c8d436,2,10,6,t,9eab2b,2021-01-12T02:10:19.977Z
f084eb,3,36,6,t,9eab2b,2021-01-12T02:10:19.977Z
e83aa3,4,32,12,f,f73b2a,2021-02-02T01:02:19.651Z
c8d436,1,10,12,f,f73b2a,2021-02-02T01:02:19.651Z
b9a74d,5,17,12,f,f73b2a,2021-02-02T01:02:19.651Z
2feb6b,1,29,12,f,f73b2a,2021-02-02T01:02:19.651Z
c4a632,2,13,1,f,83bb34,2021-02-14T10:04:58.195Z
e31d39,2,10,1,f,83bb34,2021-02-14T10:04:58.195Z
d5e9a6,4,23,1,f,83bb34,2021-02-14T10:04:58.195Z
9ec847,3,54,1,f,83bb34,2021-02-14T10:04:58.195Z
c8d436,3,10,1,f,83bb34,2021-02-14T10:04:58.195Z
f084eb,1,36,1,f,83bb34,2021-02-14T10:04:58.195Z
b9a74d,4,17,1,f,83bb34,2021-02-14T10:04:58.195Z
2feb6b,5,29,1,f,83bb34,2021-02-14T10:04:58.195Z
c4a632,1,13,23,f,5e3794,2021-01-04T01:14:26.880Z
e31d39,3,10,23,f,5e3794,2021-01-04T01:14:26.880Z
72f5d4,5,19,23,f,5e3794,2021-01-04T01:14:26.880Z
f084eb,5,36,23,f,5e3794,2021-01-04T01:14:26.880Z
b9a74d,1,17,23,f,5e3794,2021-01-04T01:14:26.880Z
e83aa3,2,32,18,t,51275a,2021-01-26T04:44:19.939Z
e31d39,3,10,18,t,51275a,2021-01-26T04:44:19.939Z
d5e9a6,5,23,18,t,51275a,2021-01-26T04:44:19.939Z
72f5d4,3,19,18,t,51275a,2021-01-26T04:44:19.939Z
9ec847,4,54,18,t,51275a,2021-01-26T04:44:19.939Z
5d267b,4,40,18,t,51275a,2021-01-26T04:44:19.939Z
c8d436,2,10,18,t,51275a,2021-01-26T04:44:19.939Z
f084eb,5,36,18,t,51275a,2021-01-26T04:44:19.939Z
2feb6b,1,29,18,t,51275a,2021-01-26T04:44:19.939Z
e83aa3,5,32,5,f,50dad0,2021-02-26T10:11:47.990Z
72f5d4,3,19,5,f,50dad0,2021-02-26T10:11:47.990Z
9ec847,1,54,5,f,50dad0,2021-02-26T10:11:47.990Z
f084eb,2,36,5,f,50dad0,2021-02-26T10:11:47.990Z
2feb6b,5,29,5,f,50dad0,2021-02-26T10:11:47.990Z
72f5d4,5,19,0,t,14ebf9,2021-03-21T16:02:48.249Z
9ec847,1,54,0,t,14ebf9,2021-03-21T16:02:48.249Z
2a2353,3,57,0,t,14ebf9,2021-03-21T16:02:48.249Z
f084eb,3,36,0,t,14ebf9,2021-03-21T16:02:48.249Z
2feb6b,1,29,0,t,14ebf9,2021-03-21T16:02:48.249Z
c4a632,3,13,10,t,5.77E+31,2021-03-13T04:38:46.953Z
e83aa3,5,32,10,t,5.77E+31,2021-03-13T04:38:46.953Z
72f5d4,1,19,10,t,5.77E+31,2021-03-13T04:38:46.953Z
9ec847,1,54,10,t,5.77E+31,2021-03-13T04:38:46.953Z
2a2353,4,57,10,t,5.77E+31,2021-03-13T04:38:46.953Z
b9a74d,2,17,10,t,5.77E+31,2021-03-13T04:38:46.953Z
c4a632,1,13,14,f,695026,2021-02-11T01:34:18.422Z
e83aa3,3,32,14,f,695026,2021-02-11T01:34:18.422Z
e31d39,1,10,14,f,695026,2021-02-11T01:34:18.422Z
72f5d4,4,19,14,f,695026,2021-02-11T01:34:18.422Z
c8d436,5,10,14,f,695026,2021-02-11T01:34:18.422Z
2a2353,5,57,14,f,695026,2021-02-11T01:34:18.422Z
f084eb,5,36,14,f,695026,2021-02-11T01:34:18.422Z
b9a74d,3,17,14,f,695026,2021-02-11T01:34:18.422Z
d5e9a6,4,23,14,f,fffa11,2021-03-02T03:19:56.640Z
2a2353,4,57,14,f,fffa11,2021-03-02T03:19:56.640Z
f084eb,2,36,14,f,fffa11,2021-03-02T03:19:56.640Z
2feb6b,1,29,14,f,fffa11,2021-03-02T03:19:56.640Z
c4a632,3,13,8,t,e1490f,2021-02-03T21:31:56.611Z
e83aa3,3,32,8,t,e1490f,2021-02-03T21:31:56.611Z
f084eb,1,36,8,t,e1490f,2021-02-03T21:31:56.611Z
b9a74d,3,17,8,t,e1490f,2021-02-03T21:31:56.611Z
2feb6b,1,29,8,t,e1490f,2021-02-03T21:31:56.611Z
e83aa3,3,32,16,t,26e88e,2021-02-20T07:34:02.956Z
e31d39,1,10,16,t,26e88e,2021-02-20T07:34:02.956Z
d5e9a6,4,23,16,t,26e88e,2021-02-20T07:34:02.956Z
5d267b,1,40,16,t,26e88e,2021-02-20T07:34:02.956Z
2a2353,3,57,16,t,26e88e,2021-02-20T07:34:02.956Z
f084eb,2,36,16,t,26e88e,2021-02-20T07:34:02.956Z
b9a74d,1,17,16,t,26e88e,2021-02-20T07:34:02.956Z
2feb6b,5,29,16,t,26e88e,2021-02-20T07:34:02.956Z
e83aa3,1,32,19,f,f8f205,2021-02-04T15:45:19.872Z
72f5d4,3,19,19,f,f8f205,2021-02-04T15:45:19.872Z
9ec847,1,54,19,f,f8f205,2021-02-04T15:45:19.872Z
5d267b,3,40,19,f,f8f205,2021-02-04T15:45:19.872Z
c8d436,3,10,19,f,f8f205,2021-02-04T15:45:19.872Z
f084eb,3,36,19,f,f8f205,2021-02-04T15:45:19.872Z
2feb6b,3,29,19,f,f8f205,2021-02-04T15:45:19.872Z
c4a632,4,13,2,t,c21091,2021-03-16T18:10:14.736Z
e83aa3,3,32,2,t,c21091,2021-03-16T18:10:14.736Z
5d267b,1,40,2,t,c21091,2021-03-16T18:10:14.736Z
c8d436,4,10,2,t,c21091,2021-03-16T18:10:14.736Z
f084eb,3,36,2,t,c21091,2021-03-16T18:10:14.736Z
b9a74d,4,17,2,t,c21091,2021-03-16T18:10:14.736Z
2feb6b,3,29,2,t,c21091,2021-03-16T18:10:14.736Z
c4a632,2,13,7,f,1aa614,2021-02-17T22:03:42.336Z
e83aa3,1,32,7,f,1aa614,2021-02-17T22:03:42.336Z
9ec847,4,54,7,f,1aa614,2021-02-17T22:03:42.336Z
5d267b,4,40,7,f,1aa614,2021-02-17T22:03:42.336Z
c8d436,3,10,7,f,1aa614,2021-02-17T22:03:42.336Z
f084eb,5,36,7,f,1aa614,2021-02-17T22:03:42.336Z
b9a74d,4,17,7,f,1aa614,2021-02-17T22:03:42.336Z
2feb6b,4,29,7,f,1aa614,2021-02-17T22:03:42.336Z
e83aa3,2,32,3,t,8334d6,2021-01-08T04:17:32.726Z
e31d39,3,10,3,t,8334d6,2021-01-08T04:17:32.726Z
d5e9a6,4,23,3,t,8334d6,2021-01-08T04:17:32.726Z
9ec847,1,54,3,t,8334d6,2021-01-08T04:17:32.726Z
c8d436,1,10,3,t,8334d6,2021-01-08T04:17:32.726Z
2a2353,1,57,3,t,8334d6,2021-01-08T04:17:32.726Z
b9a74d,2,17,3,t,8334d6,2021-01-08T04:17:32.726Z
2feb6b,1,29,3,t,8334d6,2021-01-08T04:17:32.726Z
c4a632,5,13,8,f,67b41d,2021-02-03T11:42:38.966Z
2a2353,3,57,8,f,67b41d,2021-02-03T11:42:38.966Z
2feb6b,2,29,8,f,67b41d,2021-02-03T11:42:38.966Z
e83aa3,3,32,1,f,5e506c,2021-02-08T21:31:22.396Z
e31d39,5,10,1,f,5e506c,2021-02-08T21:31:22.396Z
c8d436,5,10,1,f,5e506c,2021-02-08T21:31:22.396Z
b9a74d,2,17,1,f,5e506c,2021-02-08T21:31:22.396Z
2feb6b,4,29,1,f,5e506c,2021-02-08T21:31:22.396Z
c4a632,1,13,7,t,afe218,2021-02-10T02:25:40.051Z
e83aa3,2,32,7,t,afe218,2021-02-10T02:25:40.051Z
72f5d4,3,19,7,t,afe218,2021-02-10T02:25:40.051Z
9ec847,4,54,7,t,afe218,2021-02-10T02:25:40.051Z
5d267b,1,40,7,t,afe218,2021-02-10T02:25:40.051Z
b9a74d,3,17,7,t,afe218,2021-02-10T02:25:40.051Z
2feb6b,3,29,7,t,afe218,2021-02-10T02:25:40.051Z
c4a632,1,13,18,f,c37072,2021-03-01T07:05:56.947Z
e31d39,3,10,18,f,c37072,2021-03-01T07:05:56.947Z
72f5d4,1,19,18,f,c37072,2021-03-01T07:05:56.947Z
9ec847,2,54,18,f,c37072,2021-03-01T07:05:56.947Z
5d267b,1,40,18,f,c37072,2021-03-01T07:05:56.947Z
c8d436,5,10,18,f,c37072,2021-03-01T07:05:56.947Z
2a2353,5,57,18,f,c37072,2021-03-01T07:05:56.947Z
b9a74d,3,17,18,f,c37072,2021-03-01T07:05:56.947Z
d5e9a6,2,23,14,t,36780c,2021-02-05T01:35:59.510Z
5d267b,1,40,14,t,36780c,2021-02-05T01:35:59.510Z
2a2353,5,57,14,t,36780c,2021-02-05T01:35:59.510Z
f084eb,1,36,14,t,36780c,2021-02-05T01:35:59.510Z
c4a632,1,13,17,t,4d62ec,2021-02-25T07:35:06.374Z
9ec847,2,54,17,t,4d62ec,2021-02-25T07:35:06.374Z
5d267b,5,40,17,t,4d62ec,2021-02-25T07:35:06.374Z
c8d436,3,10,17,t,4d62ec,2021-02-25T07:35:06.374Z
2a2353,1,57,17,t,4d62ec,2021-02-25T07:35:06.374Z
b9a74d,3,17,17,t,4d62ec,2021-02-25T07:35:06.374Z
2feb6b,5,29,17,t,4d62ec,2021-02-25T07:35:06.374Z
e31d39,5,10,18,t,578049,2021-02-03T16:47:08.592Z
d5e9a6,2,23,18,t,578049,2021-02-03T16:47:08.592Z
72f5d4,4,19,18,t,578049,2021-02-03T16:47:08.592Z
c8d436,1,10,18,t,578049,2021-02-03T16:47:08.592Z
b9a74d,2,17,18,t,578049,2021-02-03T16:47:08.592Z
c4a632,4,13,7,t,29ad60,2021-02-11T15:55:08.428Z
e31d39,2,10,7,t,29ad60,2021-02-11T15:55:08.428Z
9ec847,5,54,7,t,29ad60,2021-02-11T15:55:08.428Z
2a2353,3,57,7,t,29ad60,2021-02-11T15:55:08.428Z
f084eb,2,36,7,t,29ad60,2021-02-11T15:55:08.428Z
b9a74d,1,17,7,t,29ad60,2021-02-11T15:55:08.428Z
2feb6b,2,29,7,t,29ad60,2021-02-11T15:55:08.428Z
c4a632,4,13,20,t,ee65e8,2021-01-10T23:27:32.112Z
e31d39,5,10,20,t,ee65e8,2021-01-10T23:27:32.112Z
d5e9a6,4,23,20,t,ee65e8,2021-01-10T23:27:32.112Z
9ec847,4,54,20,t,ee65e8,2021-01-10T23:27:32.112Z
5d267b,5,40,20,t,ee65e8,2021-01-10T23:27:32.112Z
f084eb,2,36,20,t,ee65e8,2021-01-10T23:27:32.112Z
b9a74d,1,17,20,t,ee65e8,2021-01-10T23:27:32.112Z
c4a632,3,13,24,f,4d7f58,2021-03-29T18:11:07.008Z
e83aa3,4,32,24,f,4d7f58,2021-03-29T18:11:07.008Z
e31d39,1,10,24,f,4d7f58,2021-03-29T18:11:07.008Z
72f5d4,5,19,24,f,4d7f58,2021-03-29T18:11:07.008Z
2a2353,2,57,24,f,4d7f58,2021-03-29T18:11:07.008Z
b9a74d,3,17,24,f,4d7f58,2021-03-29T18:11:07.008Z
c4a632,5,13,2,f,0563c0,2021-01-04T09:45:35.769Z
e83aa3,5,32,2,f,0563c0,2021-01-04T09:45:35.769Z
d5e9a6,4,23,2,f,0563c0,2021-01-04T09:45:35.769Z
5d267b,5,40,2,f,0563c0,2021-01-04T09:45:35.769Z
2a2353,4,57,2,f,0563c0,2021-01-04T09:45:35.769Z
2feb6b,2,29,2,f,0563c0,2021-01-04T09:45:35.769Z
c4a632,3,13,24,t,2d8fa1,2021-03-01T04:12:10.540Z
e31d39,2,10,24,t,2d8fa1,2021-03-01T04:12:10.540Z
72f5d4,4,19,24,t,2d8fa1,2021-03-01T04:12:10.540Z
5d267b,1,40,24,t,2d8fa1,2021-03-01T04:12:10.540Z
b9a74d,3,17,24,t,2d8fa1,2021-03-01T04:12:10.540Z
e83aa3,4,32,22,f,a0b91e,2021-01-22T20:48:17.136Z
e31d39,2,10,22,f,a0b91e,2021-01-22T20:48:17.136Z
d5e9a6,2,23,22,f,a0b91e,2021-01-22T20:48:17.136Z
72f5d4,3,19,22,f,a0b91e,2021-01-22T20:48:17.136Z
9ec847,3,54,22,f,a0b91e,2021-01-22T20:48:17.136Z
c8d436,1,10,22,f,a0b91e,2021-01-22T20:48:17.136Z
2a2353,5,57,22,f,a0b91e,2021-01-22T20:48:17.136Z
f084eb,1,36,22,f,a0b91e,2021-01-22T20:48:17.136Z
b9a74d,3,17,22,f,a0b91e,2021-01-22T20:48:17.136Z
c4a632,1,13,9,f,52523b,2021-02-24T01:07:20.409Z
e83aa3,2,32,9,f,52523b,2021-02-24T01:07:20.409Z
72f5d4,4,19,9,f,52523b,2021-02-24T01:07:20.409Z
5d267b,4,40,9,f,52523b,2021-02-24T01:07:20.409Z
2a2353,2,57,9,f,52523b,2021-02-24T01:07:20.409Z
b9a74d,3,17,9,f,52523b,2021-02-24T01:07:20.409Z
c4a632,5,13,23,f,f76840,2021-02-01T14:25:27.955Z
e83aa3,1,32,23,f,f76840,2021-02-01T14:25:27.955Z
e31d39,1,10,23,f,f76840,2021-02-01T14:25:27.955Z
72f5d4,3,19,23,f,f76840,2021-02-01T14:25:27.955Z
5d267b,1,40,23,f,f76840,2021-02-01T14:25:27.955Z
c8d436,4,10,23,f,f76840,2021-02-01T14:25:27.955Z
f084eb,5,36,23,f,f76840,2021-02-01T14:25:27.955Z
c4a632,3,13,21,t,ddaddf,2021-01-20T05:20:39.897Z
e83aa3,4,32,21,t,ddaddf,2021-01-20T05:20:39.897Z
2a2353,1,57,21,t,ddaddf,2021-01-20T05:20:39.897Z
c4a632,5,13,17,t,f4fd41,2021-01-26T03:01:04.454Z
e83aa3,5,32,17,t,f4fd41,2021-01-26T03:01:04.454Z
e31d39,4,10,17,t,f4fd41,2021-01-26T03:01:04.454Z
d5e9a6,5,23,17,t,f4fd41,2021-01-26T03:01:04.454Z
72f5d4,1,19,17,t,f4fd41,2021-01-26T03:01:04.454Z
9ec847,5,54,17,t,f4fd41,2021-01-26T03:01:04.454Z
5d267b,5,40,17,t,f4fd41,2021-01-26T03:01:04.454Z
b9a74d,2,17,17,t,f4fd41,2021-01-26T03:01:04.454Z
2feb6b,4,29,17,t,f4fd41,2021-01-26T03:01:04.454Z
c4a632,1,13,20,t,403679,2021-02-14T07:04:16.291Z
e31d39,5,10,20,t,403679,2021-02-14T07:04:16.291Z
d5e9a6,4,23,20,t,403679,2021-02-14T07:04:16.291Z
c8d436,1,10,20,t,403679,2021-02-14T07:04:16.291Z
f084eb,3,36,20,t,403679,2021-02-14T07:04:16.291Z
72f5d4,3,19,5,t,2fa127,2021-03-10T20:39:28.368Z
c8d436,5,10,5,t,2fa127,2021-03-10T20:39:28.368Z
2feb6b,4,29,5,t,2fa127,2021-03-10T20:39:28.368Z
c4a632,1,13,4,t,d01f0a,2021-03-03T01:42:04.464Z
e83aa3,3,32,4,t,d01f0a,2021-03-03T01:42:04.464Z
e31d39,5,10,4,t,d01f0a,2021-03-03T01:42:04.464Z
72f5d4,1,19,4,t,d01f0a,2021-03-03T01:42:04.464Z
5d267b,2,40,4,t,d01f0a,2021-03-03T01:42:04.464Z
2a2353,4,57,4,t,d01f0a,2021-03-03T01:42:04.464Z
b9a74d,2,17,4,t,d01f0a,2021-03-03T01:42:04.464Z
e83aa3,5,32,24,t,8bde83,2021-01-22T13:22:37.891Z
e31d39,2,10,24,t,8bde83,2021-01-22T13:22:37.891Z
c8d436,4,10,24,t,8bde83,2021-01-22T13:22:37.891Z
2a2353,5,57,24,t,8bde83,2021-01-22T13:22:37.891Z
e83aa3,3,32,4,t,794dc6,2021-03-14T09:49:13.065Z
72f5d4,3,19,4,t,794dc6,2021-03-14T09:49:13.065Z
c8d436,3,10,4,t,794dc6,2021-03-14T09:49:13.065Z
2a2353,2,57,4,t,794dc6,2021-03-14T09:49:13.065Z
2feb6b,4,29,4,t,794dc6,2021-03-14T09:49:13.065Z
e31d39,4,10,10,f,68a8cb,2021-03-11T06:50:52.080Z
72f5d4,5,19,10,f,68a8cb,2021-03-11T06:50:52.080Z
5d267b,4,40,10,f,68a8cb,2021-03-11T06:50:52.080Z
e83aa3,3,32,4,t,d51061,2021-02-26T11:44:34.742Z
9ec847,4,54,4,t,d51061,2021-02-26T11:44:34.742Z
5d267b,1,40,4,t,d51061,2021-02-26T11:44:34.742Z
c8d436,4,10,4,t,d51061,2021-02-26T11:44:34.742Z
2a2353,4,57,4,t,d51061,2021-02-26T11:44:34.742Z
f084eb,3,36,4,t,d51061,2021-02-26T11:44:34.742Z
b9a74d,3,17,4,t,d51061,2021-02-26T11:44:34.742Z
e83aa3,4,32,8,t,a86a2c,2021-02-25T15:33:39.945Z
d5e9a6,4,23,8,t,a86a2c,2021-02-25T15:33:39.945Z
72f5d4,4,19,8,t,a86a2c,2021-02-25T15:33:39.945Z
9ec847,4,54,8,t,a86a2c,2021-02-25T15:33:39.945Z
2a2353,5,57,8,t,a86a2c,2021-02-25T15:33:39.945Z
f084eb,2,36,8,t,a86a2c,2021-02-25T15:33:39.945Z
2feb6b,4,29,8,t,a86a2c,2021-02-25T15:33:39.945Z
c4a632,1,13,18,t,f7dbee,2021-02-04T00:59:40.416Z
e83aa3,5,32,18,t,f7dbee,2021-02-04T00:59:40.416Z
d5e9a6,2,23,18,t,f7dbee,2021-02-04T00:59:40.416Z
72f5d4,3,19,18,t,f7dbee,2021-02-04T00:59:40.416Z
9ec847,1,54,18,t,f7dbee,2021-02-04T00:59:40.416Z
c8d436,5,10,18,t,f7dbee,2021-02-04T00:59:40.416Z
2a2353,2,57,18,t,f7dbee,2021-02-04T00:59:40.416Z
b9a74d,4,17,18,t,f7dbee,2021-02-04T00:59:40.416Z
c4a632,1,13,13,f,258120,2021-02-24T00:28:02.294Z
d5e9a6,3,23,13,f,258120,2021-02-24T00:28:02.294Z
9ec847,3,54,13,f,258120,2021-02-24T00:28:02.294Z
2a2353,5,57,13,f,258120,2021-02-24T00:28:02.294Z
f084eb,2,36,13,f,258120,2021-02-24T00:28:02.294Z
b9a74d,3,17,13,f,258120,2021-02-24T00:28:02.294Z
2feb6b,5,29,13,f,258120,2021-02-24T00:28:02.294Z
e83aa3,1,32,6,t,8d7163,2021-02-25T08:02:20.976Z
e31d39,2,10,6,t,8d7163,2021-02-25T08:02:20.976Z
72f5d4,3,19,6,t,8d7163,2021-02-25T08:02:20.976Z
5d267b,5,40,6,t,8d7163,2021-02-25T08:02:20.976Z
2a2353,1,57,6,t,8d7163,2021-02-25T08:02:20.976Z
f084eb,3,36,6,t,8d7163,2021-02-25T08:02:20.976Z
b9a74d,5,17,6,t,8d7163,2021-02-25T08:02:20.976Z
e31d39,2,10,13,f,c0cbad,2021-01-12T10:44:13.027Z
9ec847,4,54,13,f,c0cbad,2021-01-12T10:44:13.027Z
2a2353,3,57,13,f,c0cbad,2021-01-12T10:44:13.027Z
f084eb,4,36,13,f,c0cbad,2021-01-12T10:44:13.027Z
b9a74d,5,17,13,f,c0cbad,2021-01-12T10:44:13.027Z
2feb6b,2,29,13,f,c0cbad,2021-01-12T10:44:13.027Z
c4a632,3,13,0,t,c7b252,2021-02-04T10:58:01.084Z
e31d39,4,10,0,t,c7b252,2021-02-04T10:58:01.084Z
d5e9a6,5,23,0,t,c7b252,2021-02-04T10:58:01.084Z
5d267b,2,40,0,t,c7b252,2021-02-04T10:58:01.084Z
c8d436,3,10,0,t,c7b252,2021-02-04T10:58:01.084Z
2a2353,4,57,0,t,c7b252,2021-02-04T10:58:01.084Z
f084eb,1,36,0,t,c7b252,2021-02-04T10:58:01.084Z
2feb6b,1,29,0,t,c7b252,2021-02-04T10:58:01.084Z
c4a632,5,13,14,f,778902,2021-03-02T05:04:52.262Z
f084eb,1,36,14,f,778902,2021-03-02T05:04:52.262Z
b9a74d,5,17,14,f,778902,2021-03-02T05:04:52.262Z
2feb6b,2,29,14,f,778902,2021-03-02T05:04:52.262Z
e31d39,5,10,22,t,c5f329,2021-02-27T21:35:48.163Z
d5e9a6,2,23,22,t,c5f329,2021-02-27T21:35:48.163Z
9ec847,3,54,22,t,c5f329,2021-02-27T21:35:48.163Z
f084eb,4,36,22,t,c5f329,2021-02-27T21:35:48.163Z
2feb6b,2,29,22,t,c5f329,2021-02-27T21:35:48.163Z
c4a632,2,13,14,t,5394a5,2021-03-27T18:38:16.857Z
e83aa3,3,32,14,t,5394a5,2021-03-27T18:38:16.857Z
c8d436,3,10,14,t,5394a5,2021-03-27T18:38:16.857Z
2a2353,5,57,14,t,5394a5,2021-03-27T18:38:16.857Z
f084eb,1,36,14,t,5394a5,2021-03-27T18:38:16.857Z
e31d39,1,10,18,t,cf27b0,2021-01-22T00:39:06.192Z
d5e9a6,3,23,18,t,cf27b0,2021-01-22T00:39:06.192Z
9ec847,5,54,18,t,cf27b0,2021-01-22T00:39:06.192Z
5d267b,4,40,18,t,cf27b0,2021-01-22T00:39:06.192Z
c8d436,2,10,18,t,cf27b0,2021-01-22T00:39:06.192Z
b9a74d,5,17,18,t,cf27b0,2021-01-22T00:39:06.192Z
2feb6b,1,29,18,t,cf27b0,2021-01-22T00:39:06.192Z
c4a632,1,13,15,f,67a446,2021-02-22T19:40:25.708Z
72f5d4,1,19,15,f,67a446,2021-02-22T19:40:25.708Z
9ec847,5,54,15,f,67a446,2021-02-22T19:40:25.708Z
5d267b,1,40,15,f,67a446,2021-02-22T19:40:25.708Z
c8d436,4,10,15,f,67a446,2021-02-22T19:40:25.708Z
2a2353,5,57,15,f,67a446,2021-02-22T19:40:25.708Z
b9a74d,3,17,15,f,67a446,2021-02-22T19:40:25.708Z
e83aa3,5,32,24,t,119248,2021-03-06T01:41:09.945Z
e31d39,3,10,24,t,119248,2021-03-06T01:41:09.945Z
72f5d4,5,19,24,t,119248,2021-03-06T01:41:09.945Z
5d267b,2,40,24,t,119248,2021-03-06T01:41:09.945Z
2a2353,3,57,24,t,119248,2021-03-06T01:41:09.945Z
f084eb,4,36,24,t,119248,2021-03-06T01:41:09.945Z
e31d39,3,10,19,f,6f37e6,2021-03-27T21:26:53.347Z
72f5d4,1,19,19,f,6f37e6,2021-03-27T21:26:53.347Z
9ec847,4,54,19,f,6f37e6,2021-03-27T21:26:53.347Z
2a2353,2,57,19,f,6f37e6,2021-03-27T21:26:53.347Z
e31d39,5,10,8,t,38aa0b,2021-03-01T18:20:14.179Z
d5e9a6,1,23,8,t,38aa0b,2021-03-01T18:20:14.179Z
c8d436,2,10,8,t,38aa0b,2021-03-01T18:20:14.179Z
2a2353,3,57,8,t,38aa0b,2021-03-01T18:20:14.179Z
f084eb,4,36,8,t,38aa0b,2021-03-01T18:20:14.179Z
b9a74d,4,17,8,t,38aa0b,2021-03-01T18:20:14.179Z
c4a632,3,13,21,f,83c304,2021-01-22T07:10:05.001Z
d5e9a6,3,23,21,f,83c304,2021-01-22T07:10:05.001Z
5d267b,2,40,21,f,83c304,2021-01-22T07:10:05.001Z
c8d436,1,10,21,f,83c304,2021-01-22T07:10:05.001Z
f084eb,2,36,21,f,83c304,2021-01-22T07:10:05.001Z
2feb6b,4,29,21,f,83c304,2021-01-22T07:10:05.001Z
e31d39,2,10,20,t,a03631,2021-01-09T07:03:31.536Z
d5e9a6,1,23,20,t,a03631,2021-01-09T07:03:31.536Z
9ec847,4,54,20,t,a03631,2021-01-09T07:03:31.536Z
5d267b,5,40,20,t,a03631,2021-01-09T07:03:31.536Z
c8d436,3,10,20,t,a03631,2021-01-09T07:03:31.536Z
f084eb,1,36,20,t,a03631,2021-01-09T07:03:31.536Z
2feb6b,2,29,20,t,a03631,2021-01-09T07:03:31.536Z
c4a632,1,13,24,f,a531a8,2021-01-09T06:40:08.054Z
e83aa3,3,32,24,f,a531a8,2021-01-09T06:40:08.054Z
e31d39,1,10,24,f,a531a8,2021-01-09T06:40:08.054Z
d5e9a6,4,23,24,f,a531a8,2021-01-09T06:40:08.054Z
9ec847,2,54,24,f,a531a8,2021-01-09T06:40:08.054Z
c8d436,2,10,24,f,a531a8,2021-01-09T06:40:08.054Z
2a2353,4,57,24,f,a531a8,2021-01-09T06:40:08.054Z
f084eb,2,36,24,f,a531a8,2021-01-09T06:40:08.054Z
b9a74d,3,17,24,f,a531a8,2021-01-09T06:40:08.054Z
2feb6b,5,29,24,f,a531a8,2021-01-09T06:40:08.054Z
d5e9a6,1,23,4,t,51033f,2021-03-20T11:41:13.603Z
c8d436,3,10,4,t,51033f,2021-03-20T11:41:13.603Z
c4a632,1,13,11,t,8b2a73,2021-02-02T16:33:56.476Z
e83aa3,3,32,11,t,8b2a73,2021-02-02T16:33:56.476Z
d5e9a6,2,23,11,t,8b2a73,2021-02-02T16:33:56.476Z
5d267b,1,40,11,t,8b2a73,2021-02-02T16:33:56.476Z
c8d436,1,10,11,t,8b2a73,2021-02-02T16:33:56.476Z
c4a632,3,13,11,f,e27126,2021-03-08T15:29:01.824Z
d5e9a6,1,23,11,f,e27126,2021-03-08T15:29:01.824Z
72f5d4,5,19,11,f,e27126,2021-03-08T15:29:01.824Z
9ec847,5,54,11,f,e27126,2021-03-08T15:29:01.824Z
5d267b,5,40,11,f,e27126,2021-03-08T15:29:01.824Z
2a2353,4,57,11,f,e27126,2021-03-08T15:29:01.824Z
f084eb,3,36,11,f,e27126,2021-03-08T15:29:01.824Z
2feb6b,4,29,11,f,e27126,2021-03-08T15:29:01.824Z
9ec847,1,54,4,t,1255a1,2021-03-13T02:05:40.819Z
c8d436,2,10,4,t,1255a1,2021-03-13T02:05:40.819Z
f084eb,1,36,4,t,1255a1,2021-03-13T02:05:40.819Z
2feb6b,3,29,4,t,1255a1,2021-03-13T02:05:40.819Z
c4a632,4,13,10,f,a5d7e8,2021-01-21T01:30:02.678Z
e31d39,2,10,10,f,a5d7e8,2021-01-21T01:30:02.678Z
d5e9a6,2,23,10,f,a5d7e8,2021-01-21T01:30:02.678Z
5d267b,5,40,10,f,a5d7e8,2021-01-21T01:30:02.678Z
f084eb,1,36,10,f,a5d7e8,2021-01-21T01:30:02.678Z
b9a74d,3,17,10,f,a5d7e8,2021-01-21T01:30:02.678Z
e31d39,3,10,18,t,d890d0,2021-03-27T08:58:29.193Z
c8d436,1,10,18,t,d890d0,2021-03-27T08:58:29.193Z
2a2353,1,57,18,t,d890d0,2021-03-27T08:58:29.193Z
f084eb,1,36,18,t,d890d0,2021-03-27T08:58:29.193Z
2feb6b,4,29,18,t,d890d0,2021-03-27T08:58:29.193Z
e31d39,1,10,15,t,382fff,2021-03-10T08:12:18.691Z
2a2353,2,57,15,t,382fff,2021-03-10T08:12:18.691Z
f084eb,5,36,15,t,382fff,2021-03-10T08:12:18.691Z
2feb6b,1,29,15,t,382fff,2021-03-10T08:12:18.691Z
c4a632,3,13,22,f,2846a4,2021-01-08T04:36:22.665Z
e31d39,5,10,22,f,2846a4,2021-01-08T04:36:22.665Z
5d267b,4,40,22,f,2846a4,2021-01-08T04:36:22.665Z
2a2353,2,57,22,f,2846a4,2021-01-08T04:36:22.665Z
c4a632,1,13,11,t,890c7e,2021-01-06T07:46:07.420Z
e31d39,4,10,11,t,890c7e,2021-01-06T07:46:07.420Z
d5e9a6,4,23,11,t,890c7e,2021-01-06T07:46:07.420Z
c8d436,3,10,11,t,890c7e,2021-01-06T07:46:07.420Z
b9a74d,4,17,11,t,890c7e,2021-01-06T07:46:07.420Z
2feb6b,4,29,11,t,890c7e,2021-01-06T07:46:07.420Z
e83aa3,2,32,14,t,b6433a,2021-02-13T11:45:26.755Z
e31d39,4,10,14,t,b6433a,2021-02-13T11:45:26.755Z
d5e9a6,3,23,14,t,b6433a,2021-02-13T11:45:26.755Z
9ec847,5,54,14,t,b6433a,2021-02-13T11:45:26.755Z
5d267b,4,40,14,t,b6433a,2021-02-13T11:45:26.755Z
c8d436,4,10,14,t,b6433a,2021-02-13T11:45:26.755Z
2a2353,2,57,14,t,b6433a,2021-02-13T11:45:26.755Z
f084eb,4,36,14,t,b6433a,2021-02-13T11:45:26.755Z
b9a74d,4,17,14,t,b6433a,2021-02-13T11:45:26.755Z
2feb6b,4,29,14,t,b6433a,2021-02-13T11:45:26.755Z
e83aa3,4,32,6,t,3380d8,2021-03-03T06:11:14.092Z
e31d39,4,10,6,t,3380d8,2021-03-03T06:11:14.092Z
d5e9a6,3,23,6,t,3380d8,2021-03-03T06:11:14.092Z
72f5d4,1,19,6,t,3380d8,2021-03-03T06:11:14.092Z
2a2353,4,57,6,t,3380d8,2021-03-03T06:11:14.092Z
b9a74d,1,17,6,t,3380d8,2021-03-03T06:11:14.092Z
2feb6b,2,29,6,t,3380d8,2021-03-03T06:11:14.092Z
c4a632,2,13,13,t,f98ea9,2021-01-14T08:25:22.598Z
e31d39,1,10,13,t,f98ea9,2021-01-14T08:25:22.598Z
d5e9a6,1,23,13,t,f98ea9,2021-01-14T08:25:22.598Z
72f5d4,1,19,13,t,f98ea9,2021-01-14T08:25:22.598Z
9ec847,5,54,13,t,f98ea9,2021-01-14T08:25:22.598Z
2a2353,2,57,13,t,f98ea9,2021-01-14T08:25:22.598Z
c4a632,1,13,7,t,3719c5,2021-03-26T08:56:31.516Z
d5e9a6,2,23,7,t,3719c5,2021-03-26T08:56:31.516Z
9ec847,1,54,7,t,3719c5,2021-03-26T08:56:31.516Z
5d267b,5,40,7,t,3719c5,2021-03-26T08:56:31.516Z
b9a74d,1,17,7,t,3719c5,2021-03-26T08:56:31.516Z
e83aa3,1,32,5,t,e532c2,2021-03-02T19:31:57.158Z
d5e9a6,5,23,5,t,e532c2,2021-03-02T19:31:57.158Z
f084eb,4,36,5,t,e532c2,2021-03-02T19:31:57.158Z
2feb6b,5,29,5,t,e532c2,2021-03-02T19:31:57.158Z
c4a632,3,13,9,t,c37e25,2021-02-14T05:53:11.068Z
d5e9a6,3,23,9,t,c37e25,2021-02-14T05:53:11.068Z
9ec847,4,54,9,t,c37e25,2021-02-14T05:53:11.068Z
5d267b,3,40,9,t,c37e25,2021-02-14T05:53:11.068Z
c8d436,3,10,9,t,c37e25,2021-02-14T05:53:11.068Z
2a2353,5,57,9,t,c37e25,2021-02-14T05:53:11.068Z
f084eb,3,36,9,t,c37e25,2021-02-14T05:53:11.068Z
2feb6b,1,29,9,t,c37e25,2021-02-14T05:53:11.068Z
e31d39,3,10,8,t,0790c6,2021-02-05T19:49:41.952Z
d5e9a6,4,23,8,t,0790c6,2021-02-05T19:49:41.952Z
72f5d4,1,19,8,t,0790c6,2021-02-05T19:49:41.952Z
9ec847,4,54,8,t,0790c6,2021-02-05T19:49:41.952Z
5d267b,3,40,8,t,0790c6,2021-02-05T19:49:41.952Z
c8d436,2,10,8,t,0790c6,2021-02-05T19:49:41.952Z
f084eb,5,36,8,t,0790c6,2021-02-05T19:49:41.952Z
b9a74d,1,17,8,t,0790c6,2021-02-05T19:49:41.952Z
c4a632,5,13,0,t,0b1958,2021-02-27T04:17:15.964Z
72f5d4,5,19,0,t,0b1958,2021-02-27T04:17:15.964Z
9ec847,4,54,0,t,0b1958,2021-02-27T04:17:15.964Z
c8d436,5,10,0,t,0b1958,2021-02-27T04:17:15.964Z
f084eb,2,36,0,t,0b1958,2021-02-27T04:17:15.964Z
c4a632,1,13,23,t,89d34c,2021-02-01T03:30:25.632Z
e31d39,5,10,23,t,89d34c,2021-02-01T03:30:25.632Z
d5e9a6,2,23,23,t,89d34c,2021-02-01T03:30:25.632Z
5d267b,4,40,23,t,89d34c,2021-02-01T03:30:25.632Z
c8d436,2,10,23,t,89d34c,2021-02-01T03:30:25.632Z
b9a74d,4,17,23,t,89d34c,2021-02-01T03:30:25.632Z
2feb6b,2,29,23,t,89d34c,2021-02-01T03:30:25.632Z
e83aa3,1,32,9,t,542a1c,2021-01-27T05:44:09.427Z
72f5d4,2,19,9,t,542a1c,2021-01-27T05:44:09.427Z
9ec847,1,54,9,t,542a1c,2021-01-27T05:44:09.427Z
5d267b,5,40,9,t,542a1c,2021-01-27T05:44:09.427Z
c8d436,3,10,9,t,542a1c,2021-01-27T05:44:09.427Z
f084eb,1,36,9,t,542a1c,2021-01-27T05:44:09.427Z
2feb6b,3,29,9,t,542a1c,2021-01-27T05:44:09.427Z
c4a632,5,13,4,t,7ebae2,2021-02-04T11:07:03.331Z
e83aa3,5,32,4,t,7ebae2,2021-02-04T11:07:03.331Z
d5e9a6,3,23,4,t,7ebae2,2021-02-04T11:07:03.331Z
72f5d4,4,19,4,t,7ebae2,2021-02-04T11:07:03.331Z
5d267b,4,40,4,t,7ebae2,2021-02-04T11:07:03.331Z
f084eb,2,36,4,t,7ebae2,2021-02-04T11:07:03.331Z
b9a74d,1,17,4,t,7ebae2,2021-02-04T11:07:03.331Z
c4a632,3,13,22,f,cdb0af,2021-01-13T06:23:38.860Z
e31d39,1,10,22,f,cdb0af,2021-01-13T06:23:38.860Z
9ec847,3,54,22,f,cdb0af,2021-01-13T06:23:38.860Z
5d267b,4,40,22,f,cdb0af,2021-01-13T06:23:38.860Z
c8d436,2,10,22,f,cdb0af,2021-01-13T06:23:38.860Z
2a2353,2,57,22,f,cdb0af,2021-01-13T06:23:38.860Z
f084eb,5,36,22,f,cdb0af,2021-01-13T06:23:38.860Z
c4a632,1,13,11,t,f73007,2021-03-12T09:05:29.529Z
9ec847,2,54,11,t,f73007,2021-03-12T09:05:29.529Z
c8d436,5,10,11,t,f73007,2021-03-12T09:05:29.529Z
2a2353,5,57,11,t,f73007,2021-03-12T09:05:29.529Z
b9a74d,1,17,11,t,f73007,2021-03-12T09:05:29.529Z
2feb6b,3,29,11,t,f73007,2021-03-12T09:05:29.529Z
e31d39,2,10,11,t,55f65c,2021-03-15T10:50:03.638Z
72f5d4,5,19,11,t,55f65c,2021-03-15T10:50:03.638Z
5d267b,1,40,11,t,55f65c,2021-03-15T10:50:03.638Z
2a2353,1,57,11,t,55f65c,2021-03-15T10:50:03.638Z
f084eb,1,36,11,t,55f65c,2021-03-15T10:50:03.638Z
b9a74d,2,17,11,t,55f65c,2021-03-15T10:50:03.638Z
c4a632,3,13,5,f,2a7c87,2021-02-11T17:43:52.060Z
d5e9a6,2,23,5,f,2a7c87,2021-02-11T17:43:52.060Z
72f5d4,3,19,5,f,2a7c87,2021-02-11T17:43:52.060Z
5d267b,3,40,5,f,2a7c87,2021-02-11T17:43:52.060Z
c8d436,5,10,5,f,2a7c87,2021-02-11T17:43:52.060Z
2a2353,4,57,5,f,2a7c87,2021-02-11T17:43:52.060Z
2feb6b,1,29,5,f,2a7c87,2021-02-11T17:43:52.060Z
e31d39,5,10,0,f,782b85,2021-03-17T12:48:27.273Z
d5e9a6,2,23,0,f,782b85,2021-03-17T12:48:27.273Z
9ec847,1,54,0,f,782b85,2021-03-17T12:48:27.273Z
c8d436,3,10,0,f,782b85,2021-03-17T12:48:27.273Z
f084eb,1,36,0,f,782b85,2021-03-17T12:48:27.273Z
b9a74d,4,17,0,f,782b85,2021-03-17T12:48:27.273Z
e83aa3,4,32,4,t,a7f8b6,2021-02-20T20:12:52.819Z
d5e9a6,5,23,4,t,a7f8b6,2021-02-20T20:12:52.819Z
72f5d4,1,19,4,t,a7f8b6,2021-02-20T20:12:52.819Z
9ec847,2,54,4,t,a7f8b6,2021-02-20T20:12:52.819Z
c8d436,2,10,4,t,a7f8b6,2021-02-20T20:12:52.819Z
2a2353,3,57,4,t,a7f8b6,2021-02-20T20:12:52.819Z
c4a632,2,13,23,f,fac8de,2021-02-08T00:24:54.201Z
e31d39,3,10,23,f,fac8de,2021-02-08T00:24:54.201Z
d5e9a6,5,23,23,f,fac8de,2021-02-08T00:24:54.201Z
9ec847,4,54,23,f,fac8de,2021-02-08T00:24:54.201Z
5d267b,1,40,23,f,fac8de,2021-02-08T00:24:54.201Z
c8d436,5,10,23,f,fac8de,2021-02-08T00:24:54.201Z
f084eb,1,36,23,f,fac8de,2021-02-08T00:24:54.201Z
b9a74d,1,17,23,f,fac8de,2021-02-08T00:24:54.201Z
c4a632,3,13,14,t,8b535e,2021-01-19T04:41:23.164Z
e31d39,4,10,14,t,8b535e,2021-01-19T04:41:23.164Z
72f5d4,5,19,14,t,8b535e,2021-01-19T04:41:23.164Z
9ec847,2,54,14,t,8b535e,2021-01-19T04:41:23.164Z
2a2353,2,57,14,t,8b535e,2021-01-19T04:41:23.164Z
e31d39,4,10,0,t,1adb15,2021-03-19T23:53:51.331Z
d5e9a6,3,23,0,t,1adb15,2021-03-19T23:53:51.331Z
5d267b,4,40,0,t,1adb15,2021-03-19T23:53:51.331Z
c8d436,5,10,0,t,1adb15,2021-03-19T23:53:51.331Z
f084eb,5,36,0,t,1adb15,2021-03-19T23:53:51.331Z
b9a74d,1,17,0,t,1adb15,2021-03-19T23:53:51.331Z
c4a632,2,13,19,t,a0c06d,2021-01-13T04:05:43.123Z
e83aa3,1,32,19,t,a0c06d,2021-01-13T04:05:43.123Z
e31d39,4,10,19,t,a0c06d,2021-01-13T04:05:43.123Z
d5e9a6,2,23,19,t,a0c06d,2021-01-13T04:05:43.123Z
9ec847,3,54,19,t,a0c06d,2021-01-13T04:05:43.123Z
5d267b,3,40,19,t,a0c06d,2021-01-13T04:05:43.123Z
2a2353,4,57,19,t,a0c06d,2021-01-13T04:05:43.123Z
f084eb,1,36,19,t,a0c06d,2021-01-13T04:05:43.123Z
b9a74d,3,17,19,t,a0c06d,2021-01-13T04:05:43.123Z
2feb6b,2,29,19,t,a0c06d,2021-01-13T04:05:43.123Z
d5e9a6,4,23,11,f,cf6133,2021-01-18T11:13:16.665Z
72f5d4,4,19,11,f,cf6133,2021-01-18T11:13:16.665Z
9ec847,1,54,11,f,cf6133,2021-01-18T11:13:16.665Z
5d267b,1,40,11,f,cf6133,2021-01-18T11:13:16.665Z
c8d436,5,10,11,f,cf6133,2021-01-18T11:13:16.665Z
b9a74d,3,17,7,t,6ff0cb,2021-02-25T19:44:25.814Z
c4a632,3,13,18,f,aac966,2021-02-27T09:35:37.363Z
e83aa3,1,32,18,f,aac966,2021-02-27T09:35:37.363Z
e31d39,1,10,18,f,aac966,2021-02-27T09:35:37.363Z
d5e9a6,1,23,18,f,aac966,2021-02-27T09:35:37.363Z
72f5d4,2,19,18,f,aac966,2021-02-27T09:35:37.363Z
5d267b,1,40,18,f,aac966,2021-02-27T09:35:37.363Z
f084eb,1,36,18,f,aac966,2021-02-27T09:35:37.363Z
b9a74d,5,17,18,f,aac966,2021-02-27T09:35:37.363Z
2feb6b,2,29,18,f,aac966,2021-02-27T09:35:37.363Z
c4a632,4,13,16,t,f7c16b,2021-03-20T21:48:43.948Z
d5e9a6,3,23,16,t,f7c16b,2021-03-20T21:48:43.948Z
5d267b,2,40,16,t,f7c16b,2021-03-20T21:48:43.948Z
c8d436,1,10,16,t,f7c16b,2021-03-20T21:48:43.948Z
b9a74d,1,17,16,t,f7c16b,2021-03-20T21:48:43.948Z
c4a632,1,13,12,t,a056c5,2021-01-27T12:19:19.574Z
d5e9a6,2,23,12,t,a056c5,2021-01-27T12:19:19.574Z
72f5d4,2,19,12,t,a056c5,2021-01-27T12:19:19.574Z
9ec847,1,54,12,t,a056c5,2021-01-27T12:19:19.574Z
5d267b,4,40,12,t,a056c5,2021-01-27T12:19:19.574Z
2a2353,1,57,12,t,a056c5,2021-01-27T12:19:19.574Z
f084eb,3,36,12,t,a056c5,2021-01-27T12:19:19.574Z
b9a74d,1,17,12,t,a056c5,2021-01-27T12:19:19.574Z
2feb6b,4,29,12,t,a056c5,2021-01-27T12:19:19.574Z
c4a632,2,13,20,t,319c07,2021-02-19T17:54:56.390Z
e83aa3,3,32,20,t,319c07,2021-02-19T17:54:56.390Z
e31d39,1,10,20,t,319c07,2021-02-19T17:54:56.390Z
d5e9a6,3,23,20,t,319c07,2021-02-19T17:54:56.390Z
9ec847,5,54,20,t,319c07,2021-02-19T17:54:56.390Z
c8d436,2,10,20,t,319c07,2021-02-19T17:54:56.390Z
2a2353,3,57,20,t,319c07,2021-02-19T17:54:56.390Z
b9a74d,5,17,20,t,319c07,2021-02-19T17:54:56.390Z
d5e9a6,4,23,8,f,f3c619,2021-01-28T18:34:09.753Z
72f5d4,5,19,8,f,f3c619,2021-01-28T18:34:09.753Z
5d267b,4,40,8,f,f3c619,2021-01-28T18:34:09.753Z
2a2353,2,57,8,f,f3c619,2021-01-28T18:34:09.753Z
f084eb,4,36,8,f,f3c619,2021-01-28T18:34:09.753Z
b9a74d,2,17,8,f,f3c619,2021-01-28T18:34:09.753Z
c4a632,1,13,0,t,308cb0,2021-02-06T18:28:37.027Z
e83aa3,4,32,0,t,308cb0,2021-02-06T18:28:37.027Z
72f5d4,3,19,0,t,308cb0,2021-02-06T18:28:37.027Z
9ec847,4,54,0,t,308cb0,2021-02-06T18:28:37.027Z
5d267b,3,40,0,t,308cb0,2021-02-06T18:28:37.027Z
c8d436,2,10,0,t,308cb0,2021-02-06T18:28:37.027Z
f084eb,3,36,0,t,308cb0,2021-02-06T18:28:37.027Z
2feb6b,5,29,0,t,308cb0,2021-02-06T18:28:37.027Z
e83aa3,5,32,17,t,d19a73,2021-03-19T17:02:06.288Z
d5e9a6,4,23,17,t,d19a73,2021-03-19T17:02:06.288Z
9ec847,3,54,17,t,d19a73,2021-03-19T17:02:06.288Z
5d267b,5,40,17,t,d19a73,2021-03-19T17:02:06.288Z
c8d436,3,10,17,t,d19a73,2021-03-19T17:02:06.288Z
2a2353,4,57,17,t,d19a73,2021-03-19T17:02:06.288Z
f084eb,4,36,17,t,d19a73,2021-03-19T17:02:06.288Z
b9a74d,2,17,17,t,d19a73,2021-03-19T17:02:06.288Z
e83aa3,4,32,13,t,dde763,2021-03-02T04:59:28.435Z
d5e9a6,5,23,13,t,dde763,2021-03-02T04:59:28.435Z
72f5d4,2,19,13,t,dde763,2021-03-02T04:59:28.435Z
f084eb,4,36,13,t,dde763,2021-03-02T04:59:28.435Z
2feb6b,5,29,13,t,dde763,2021-03-02T04:59:28.435Z
c4a632,5,13,13,t,e3a7a2,2021-01-12T14:08:44.419Z
e83aa3,1,32,13,t,e3a7a2,2021-01-12T14:08:44.419Z
5d267b,5,40,13,t,e3a7a2,2021-01-12T14:08:44.419Z
2a2353,3,57,13,t,e3a7a2,2021-01-12T14:08:44.419Z
f084eb,1,36,13,t,e3a7a2,2021-01-12T14:08:44.419Z
b9a74d,5,17,13,t,e3a7a2,2021-01-12T14:08:44.419Z
2feb6b,2,29,13,t,e3a7a2,2021-01-12T14:08:44.419Z
c4a632,1,13,9,f,835d1d,2021-02-27T20:01:01.747Z
e83aa3,1,32,9,f,835d1d,2021-02-27T20:01:01.747Z
72f5d4,2,19,9,f,835d1d,2021-02-27T20:01:01.747Z
c8d436,3,10,9,f,835d1d,2021-02-27T20:01:01.747Z
2a2353,4,57,9,f,835d1d,2021-02-27T20:01:01.747Z
c4a632,1,13,8,t,678a02,2021-03-21T22:47:44.016Z
9ec847,2,54,8,t,678a02,2021-03-21T22:47:44.016Z
5d267b,2,40,8,t,678a02,2021-03-21T22:47:44.016Z
f084eb,4,36,8,t,678a02,2021-03-21T22:47:44.016Z
2feb6b,1,29,8,t,678a02,2021-03-21T22:47:44.016Z
c4a632,5,13,3,t,9328df,2021-03-14T00:55:29.251Z
e31d39,1,10,3,t,9328df,2021-03-14T00:55:29.251Z
d5e9a6,5,23,3,t,9328df,2021-03-14T00:55:29.251Z
5d267b,5,40,3,t,9328df,2021-03-14T00:55:29.251Z
2a2353,2,57,3,t,9328df,2021-03-14T00:55:29.251Z
2feb6b,3,29,3,t,9328df,2021-03-14T00:55:29.251Z
e83aa3,4,32,11,t,a7cb1e,2021-02-07T01:36:58.953Z
72f5d4,4,19,11,t,a7cb1e,2021-02-07T01:36:58.953Z
c8d436,4,10,11,t,a7cb1e,2021-02-07T01:36:58.953Z
2a2353,3,57,11,t,a7cb1e,2021-02-07T01:36:58.953Z
b9a74d,2,17,11,t,a7cb1e,2021-02-07T01:36:58.953Z
2feb6b,2,29,11,t,a7cb1e,2021-02-07T01:36:58.953Z
e83aa3,3,32,14,f,d790f5,2021-02-02T09:40:23.606Z
d5e9a6,3,23,14,f,d790f5,2021-02-02T09:40:23.606Z
72f5d4,3,19,14,f,d790f5,2021-02-02T09:40:23.606Z
9ec847,2,54,14,f,d790f5,2021-02-02T09:40:23.606Z
5d267b,5,40,14,f,d790f5,2021-02-02T09:40:23.606Z
c8d436,5,10,14,f,d790f5,2021-02-02T09:40:23.606Z
2a2353,4,57,14,f,d790f5,2021-02-02T09:40:23.606Z
f084eb,1,36,14,f,d790f5,2021-02-02T09:40:23.606Z
b9a74d,3,17,14,f,d790f5,2021-02-02T09:40:23.606Z
2feb6b,3,29,14,f,d790f5,2021-02-02T09:40:23.606Z
d5e9a6,1,23,8,t,3b57e6,2021-02-09T14:13:45.177Z
9ec847,2,54,8,t,3b57e6,2021-02-09T14:13:45.177Z
c8d436,2,10,8,t,3b57e6,2021-02-09T14:13:45.177Z
2a2353,3,57,8,t,3b57e6,2021-02-09T14:13:45.177Z
f084eb,5,36,8,t,3b57e6,2021-02-09T14:13:45.177Z
2feb6b,3,29,8,t,3b57e6,2021-02-09T14:13:45.177Z
9ec847,1,54,20,t,55471c,2021-03-02T02:47:11.126Z
c8d436,1,10,20,t,55471c,2021-03-02T02:47:11.126Z
2a2353,1,57,20,t,55471c,2021-03-02T02:47:11.126Z
b9a74d,2,17,20,t,55471c,2021-03-02T02:47:11.126Z
2feb6b,3,29,20,t,55471c,2021-03-02T02:47:11.126Z
e83aa3,5,32,3,t,dbfb63,2021-02-06T08:28:40.368Z
e31d39,4,10,3,t,dbfb63,2021-02-06T08:28:40.368Z
d5e9a6,5,23,3,t,dbfb63,2021-02-06T08:28:40.368Z
9ec847,2,54,3,t,dbfb63,2021-02-06T08:28:40.368Z
5d267b,2,40,3,t,dbfb63,2021-02-06T08:28:40.368Z
2a2353,1,57,3,t,dbfb63,2021-02-06T08:28:40.368Z
f084eb,3,36,3,t,dbfb63,2021-02-06T08:28:40.368Z
b9a74d,1,17,3,t,dbfb63,2021-02-06T08:28:40.368Z
2feb6b,5,29,3,t,dbfb63,2021-02-06T08:28:40.368Z
e31d39,5,10,12,t,5fdd21,2021-02-24T08:35:19.276Z
d5e9a6,2,23,12,t,5fdd21,2021-02-24T08:35:19.276Z
c8d436,1,10,12,t,5fdd21,2021-02-24T08:35:19.276Z
b9a74d,1,17,12,t,5fdd21,2021-02-24T08:35:19.276Z
2feb6b,5,29,12,t,5fdd21,2021-02-24T08:35:19.276Z
72f5d4,4,19,18,t,be08f8,2021-02-22T21:41:16.915Z
f084eb,1,36,18,t,be08f8,2021-02-22T21:41:16.915Z
2feb6b,5,29,18,t,be08f8,2021-02-22T21:41:16.915Z
c4a632,2,13,14,f,04b57a,2021-02-16T12:50:05.337Z
c8d436,1,10,14,f,04b57a,2021-02-16T12:50:05.337Z
f084eb,5,36,14,f,04b57a,2021-02-16T12:50:05.337Z
2feb6b,3,29,14,f,04b57a,2021-02-16T12:50:05.337Z
72f5d4,3,19,14,t,cb613e,2021-02-04T09:54:25.833Z
c8d436,4,10,14,t,cb613e,2021-02-04T09:54:25.833Z
2a2353,5,57,14,t,cb613e,2021-02-04T09:54:25.833Z
f084eb,4,36,14,t,cb613e,2021-02-04T09:54:25.833Z
2feb6b,4,29,14,t,cb613e,2021-02-04T09:54:25.833Z
c4a632,2,13,22,f,422df8,2021-01-07T22:15:18.892Z
e83aa3,2,32,22,f,422df8,2021-01-07T22:15:18.892Z
d5e9a6,1,23,22,f,422df8,2021-01-07T22:15:18.892Z
72f5d4,1,19,22,f,422df8,2021-01-07T22:15:18.892Z
c8d436,4,10,22,f,422df8,2021-01-07T22:15:18.892Z
f084eb,4,36,22,f,422df8,2021-01-07T22:15:18.892Z
b9a74d,1,17,22,f,422df8,2021-01-07T22:15:18.892Z
c4a632,3,13,11,f,7b0bad,2021-03-30T07:32:21.955Z
c8d436,3,10,11,f,7b0bad,2021-03-30T07:32:21.955Z
2feb6b,1,29,11,f,7b0bad,2021-03-30T07:32:21.955Z
e83aa3,2,32,4,f,d28ce9,2021-01-28T23:11:58.646Z
d5e9a6,1,23,4,f,d28ce9,2021-01-28T23:11:58.646Z
72f5d4,4,19,4,f,d28ce9,2021-01-28T23:11:58.646Z
9ec847,3,54,4,f,d28ce9,2021-01-28T23:11:58.646Z
5d267b,2,40,4,f,d28ce9,2021-01-28T23:11:58.646Z
2a2353,5,57,4,f,d28ce9,2021-01-28T23:11:58.646Z
f084eb,3,36,4,f,d28ce9,2021-01-28T23:11:58.646Z
b9a74d,5,17,4,f,d28ce9,2021-01-28T23:11:58.646Z
c4a632,1,13,22,t,96dee0,2021-01-03T17:23:28.636Z
e83aa3,5,32,22,t,96dee0,2021-01-03T17:23:28.636Z
e31d39,5,10,22,t,96dee0,2021-01-03T17:23:28.636Z
d5e9a6,1,23,22,t,96dee0,2021-01-03T17:23:28.636Z
72f5d4,5,19,22,t,96dee0,2021-01-03T17:23:28.636Z
2a2353,3,57,22,t,96dee0,2021-01-03T17:23:28.636Z
f084eb,4,36,22,t,96dee0,2021-01-03T17:23:28.636Z
e31d39,2,10,10,t,f12303,2021-02-28T22:39:03.888Z
d5e9a6,3,23,10,t,f12303,2021-02-28T22:39:03.888Z
72f5d4,4,19,10,t,f12303,2021-02-28T22:39:03.888Z
c8d436,4,10,10,t,f12303,2021-02-28T22:39:03.888Z
2a2353,2,57,10,t,f12303,2021-02-28T22:39:03.888Z
f084eb,4,36,10,t,f12303,2021-02-28T22:39:03.888Z
b9a74d,2,17,10,t,f12303,2021-02-28T22:39:03.888Z
2feb6b,5,29,10,t,f12303,2021-02-28T22:39:03.888Z
e83aa3,3,32,22,f,b7ac80,2021-01-08T21:28:23.462Z
c8d436,1,10,22,f,b7ac80,2021-01-08T21:28:23.462Z
2feb6b,1,29,22,f,b7ac80,2021-01-08T21:28:23.462Z
c4a632,1,13,13,t,b074e1,2021-01-27T18:36:50.630Z
e83aa3,2,32,13,t,b074e1,2021-01-27T18:36:50.630Z
d5e9a6,2,23,13,t,b074e1,2021-01-27T18:36:50.630Z
72f5d4,3,19,13,t,b074e1,2021-01-27T18:36:50.630Z
5d267b,1,40,13,t,b074e1,2021-01-27T18:36:50.630Z
c8d436,4,10,13,t,b074e1,2021-01-27T18:36:50.630Z
2a2353,2,57,13,t,b074e1,2021-01-27T18:36:50.630Z
b9a74d,1,17,13,t,b074e1,2021-01-27T18:36:50.630Z
c4a632,4,13,15,t,69ddba,2021-03-06T11:10:11.856Z
e31d39,1,10,15,t,69ddba,2021-03-06T11:10:11.856Z
72f5d4,2,19,15,t,69ddba,2021-03-06T11:10:11.856Z
2a2353,2,57,15,t,69ddba,2021-03-06T11:10:11.856Z
f084eb,3,36,15,t,69ddba,2021-03-06T11:10:11.856Z
b9a74d,5,17,15,t,69ddba,2021-03-06T11:10:11.856Z
2feb6b,4,29,15,t,69ddba,2021-03-06T11:10:11.856Z
72f5d4,5,19,24,t,53b16f,2021-02-14T17:46:18.595Z
9ec847,1,54,24,t,53b16f,2021-02-14T17:46:18.595Z
c8d436,5,10,24,t,53b16f,2021-02-14T17:46:18.595Z
d5e9a6,2,23,18,t,e52968,2021-03-14T04:09:29.750Z
72f5d4,4,19,18,t,e52968,2021-03-14T04:09:29.750Z
9ec847,4,54,18,t,e52968,2021-03-14T04:09:29.750Z
5d267b,4,40,18,t,e52968,2021-03-14T04:09:29.750Z
f084eb,3,36,18,t,e52968,2021-03-14T04:09:29.750Z
b9a74d,3,17,18,t,e52968,2021-03-14T04:09:29.750Z
c4a632,1,13,15,f,28b787,2021-01-20T19:27:44.265Z
d5e9a6,4,23,15,f,28b787,2021-01-20T19:27:44.265Z
72f5d4,3,19,15,f,28b787,2021-01-20T19:27:44.265Z
c8d436,4,10,15,f,28b787,2021-01-20T19:27:44.265Z
f084eb,1,36,15,f,28b787,2021-01-20T19:27:44.265Z
e83aa3,1,32,1,t,3ad7e6,2021-02-09T21:47:53.664Z
d5e9a6,1,23,1,t,3ad7e6,2021-02-09T21:47:53.664Z
5d267b,5,40,1,t,3ad7e6,2021-02-09T21:47:53.664Z
2feb6b,1,29,1,t,3ad7e6,2021-02-09T21:47:53.664Z
e83aa3,3,32,18,f,f6f4e2,2021-01-18T18:50:50.784Z
d5e9a6,5,23,18,f,f6f4e2,2021-01-18T18:50:50.784Z
72f5d4,4,19,18,f,f6f4e2,2021-01-18T18:50:50.784Z
9ec847,4,54,18,f,f6f4e2,2021-01-18T18:50:50.784Z
b9a74d,3,17,18,f,f6f4e2,2021-01-18T18:50:50.784Z
e83aa3,2,32,19,f,f0e910,2021-01-27T11:13:51.484Z
e31d39,2,10,19,f,f0e910,2021-01-27T11:13:51.484Z
d5e9a6,5,23,19,f,f0e910,2021-01-27T11:13:51.484Z
9ec847,1,54,19,f,f0e910,2021-01-27T11:13:51.484Z
5d267b,5,40,19,f,f0e910,2021-01-27T11:13:51.484Z
c8d436,1,10,19,f,f0e910,2021-01-27T11:13:51.484Z
2a2353,5,57,19,f,f0e910,2021-01-27T11:13:51.484Z
e83aa3,2,32,6,t,aa3180,2021-03-05T16:46:45.523Z
e31d39,3,10,6,t,aa3180,2021-03-05T16:46:45.523Z
d5e9a6,5,23,6,t,aa3180,2021-03-05T16:46:45.523Z
9ec847,5,54,6,t,aa3180,2021-03-05T16:46:45.523Z
5d267b,3,40,6,t,aa3180,2021-03-05T16:46:45.523Z
f084eb,3,36,6,t,aa3180,2021-03-05T16:46:45.523Z
e83aa3,2,32,7,t,17b093,2021-02-16T17:10:06.412Z
e31d39,1,10,7,t,17b093,2021-02-16T17:10:06.412Z
d5e9a6,5,23,7,t,17b093,2021-02-16T17:10:06.412Z
72f5d4,5,19,7,t,17b093,2021-02-16T17:10:06.412Z
9ec847,4,54,7,t,17b093,2021-02-16T17:10:06.412Z
2a2353,5,57,7,t,17b093,2021-02-16T17:10:06.412Z
e83aa3,4,32,11,f,0e207b,2021-01-11T11:29:55.708Z
d5e9a6,1,23,11,f,0e207b,2021-01-11T11:29:55.708Z
72f5d4,4,19,11,f,0e207b,2021-01-11T11:29:55.708Z
9ec847,4,54,11,f,0e207b,2021-01-11T11:29:55.708Z
5d267b,3,40,11,f,0e207b,2021-01-11T11:29:55.708Z
c8d436,4,10,11,f,0e207b,2021-01-11T11:29:55.708Z
e83aa3,4,32,21,t,ce23c0,2021-02-08T19:50:12.278Z
e31d39,5,10,21,t,ce23c0,2021-02-08T19:50:12.278Z
72f5d4,4,19,21,t,ce23c0,2021-02-08T19:50:12.278Z
c8d436,3,10,21,t,ce23c0,2021-02-08T19:50:12.278Z
2a2353,4,57,21,t,ce23c0,2021-02-08T19:50:12.278Z
f084eb,2,36,21,t,ce23c0,2021-02-08T19:50:12.278Z
b9a74d,4,17,21,t,ce23c0,2021-02-08T19:50:12.278Z
2feb6b,2,29,21,t,ce23c0,2021-02-08T19:50:12.278Z
c4a632,5,13,15,t,d7eb27,2021-03-24T23:31:07.420Z
72f5d4,3,19,15,t,d7eb27,2021-03-24T23:31:07.420Z
5d267b,2,40,15,t,d7eb27,2021-03-24T23:31:07.420Z
c8d436,4,10,15,t,d7eb27,2021-03-24T23:31:07.420Z
2a2353,4,57,15,t,d7eb27,2021-03-24T23:31:07.420Z
f084eb,1,36,15,t,d7eb27,2021-03-24T23:31:07.420Z
2feb6b,5,29,15,t,d7eb27,2021-03-24T23:31:07.420Z
c4a632,1,13,5,t,0ec275,2021-02-10T21:23:20.284Z
e83aa3,5,32,5,t,0ec275,2021-02-10T21:23:20.284Z
d5e9a6,2,23,5,t,0ec275,2021-02-10T21:23:20.284Z
72f5d4,2,19,5,t,0ec275,2021-02-10T21:23:20.284Z
9ec847,4,54,5,t,0ec275,2021-02-10T21:23:20.284Z
c8d436,4,10,5,t,0ec275,2021-02-10T21:23:20.284Z
c4a632,2,13,6,f,baf34b,2021-01-28T09:29:48.825Z
e83aa3,5,32,6,f,baf34b,2021-01-28T09:29:48.825Z
d5e9a6,4,23,6,f,baf34b,2021-01-28T09:29:48.825Z
72f5d4,2,19,6,f,baf34b,2021-01-28T09:29:48.825Z
2feb6b,5,29,6,f,baf34b,2021-01-28T09:29:48.825Z
c4a632,2,13,13,t,003c6d,2021-01-09T17:56:55.017Z
d5e9a6,3,23,13,t,003c6d,2021-01-09T17:56:55.017Z
72f5d4,3,19,13,t,003c6d,2021-01-09T17:56:55.017Z
9ec847,2,54,13,t,003c6d,2021-01-09T17:56:55.017Z
f084eb,3,36,13,t,003c6d,2021-01-09T17:56:55.017Z
b9a74d,1,17,13,t,003c6d,2021-01-09T17:56:55.017Z
2feb6b,3,29,13,t,003c6d,2021-01-09T17:56:55.017Z
c4a632,5,13,15,t,8a5247,2021-02-24T22:41:09.081Z
e83aa3,5,32,15,t,8a5247,2021-02-24T22:41:09.081Z
e31d39,2,10,15,t,8a5247,2021-02-24T22:41:09.081Z
9ec847,4,54,15,t,8a5247,2021-02-24T22:41:09.081Z
c8d436,3,10,15,t,8a5247,2021-02-24T22:41:09.081Z
2a2353,1,57,15,t,8a5247,2021-02-24T22:41:09.081Z
b9a74d,4,17,15,t,8a5247,2021-02-24T22:41:09.081Z
2feb6b,5,29,15,t,8a5247,2021-02-24T22:41:09.081Z
e83aa3,3,32,5,t,ca0845,2021-01-12T05:59:31.401Z
d5e9a6,4,23,5,t,ca0845,2021-01-12T05:59:31.401Z
72f5d4,5,19,5,t,ca0845,2021-01-12T05:59:31.401Z
9ec847,2,54,5,t,ca0845,2021-01-12T05:59:31.401Z
5d267b,4,40,5,t,ca0845,2021-01-12T05:59:31.401Z
2a2353,4,57,5,t,ca0845,2021-01-12T05:59:31.401Z
c4a632,2,13,24,f,9f6235,2021-03-28T18:28:29.510Z
72f5d4,2,19,24,f,9f6235,2021-03-28T18:28:29.510Z
5d267b,4,40,24,f,9f6235,2021-03-28T18:28:29.510Z
c8d436,4,10,24,f,9f6235,2021-03-28T18:28:29.510Z
2a2353,2,57,24,f,9f6235,2021-03-28T18:28:29.510Z
2feb6b,2,29,24,f,9f6235,2021-03-28T18:28:29.510Z
c4a632,3,13,17,t,245416,2021-02-04T16:55:49.411Z
e83aa3,3,32,17,t,245416,2021-02-04T16:55:49.411Z
5d267b,3,40,17,t,245416,2021-02-04T16:55:49.411Z
c8d436,3,10,17,t,245416,2021-02-04T16:55:49.411Z
b9a74d,5,17,17,t,245416,2021-02-04T16:55:49.411Z
2feb6b,2,29,17,t,245416,2021-02-04T16:55:49.411Z
c4a632,1,13,21,f,8e8aa7,2021-03-24T16:42:04.032Z
e83aa3,4,32,21,f,8e8aa7,2021-03-24T16:42:04.032Z
e31d39,2,10,21,f,8e8aa7,2021-03-24T16:42:04.032Z
d5e9a6,1,23,21,f,8e8aa7,2021-03-24T16:42:04.032Z
9ec847,4,54,21,f,8e8aa7,2021-03-24T16:42:04.032Z
2a2353,3,57,21,f,8e8aa7,2021-03-24T16:42:04.032Z
f084eb,2,36,21,f,8e8aa7,2021-03-24T16:42:04.032Z
c4a632,4,13,17,f,0e7e24,2021-01-18T14:15:17.366Z
e31d39,5,10,17,f,0e7e24,2021-01-18T14:15:17.366Z
d5e9a6,2,23,17,f,0e7e24,2021-01-18T14:15:17.366Z
9ec847,2,54,17,f,0e7e24,2021-01-18T14:15:17.366Z
5d267b,2,40,17,f,0e7e24,2021-01-18T14:15:17.366Z
c8d436,1,10,17,f,0e7e24,2021-01-18T14:15:17.366Z
f084eb,1,36,17,f,0e7e24,2021-01-18T14:15:17.366Z
e31d39,3,10,9,f,8106cf,2021-01-28T17:48:22.924Z
5d267b,2,40,9,f,8106cf,2021-01-28T17:48:22.924Z
c8d436,5,10,9,f,8106cf,2021-01-28T17:48:22.924Z
2a2353,4,57,9,f,8106cf,2021-01-28T17:48:22.924Z
f084eb,2,36,9,f,8106cf,2021-01-28T17:48:22.924Z
b9a74d,4,17,9,f,8106cf,2021-01-28T17:48:22.924Z
e83aa3,5,32,24,t,b5793c,2021-03-21T18:10:40.656Z
72f5d4,5,19,24,t,b5793c,2021-03-21T18:10:40.656Z
5d267b,2,40,24,t,b5793c,2021-03-21T18:10:40.656Z
c8d436,1,10,24,t,b5793c,2021-03-21T18:10:40.656Z
b9a74d,5,17,24,t,b5793c,2021-03-21T18:10:40.656Z
2feb6b,1,29,24,t,b5793c,2021-03-21T18:10:40.656Z
e83aa3,4,32,18,f,59e48d,2021-03-23T22:19:14.851Z
e31d39,4,10,18,f,59e48d,2021-03-23T22:19:14.851Z
d5e9a6,3,23,18,f,59e48d,2021-03-23T22:19:14.851Z
9ec847,5,54,18,f,59e48d,2021-03-23T22:19:14.851Z
5d267b,5,40,18,f,59e48d,2021-03-23T22:19:14.851Z
c4a632,4,13,24,t,94ddd1,2021-01-18T14:12:01.584Z
e83aa3,5,32,24,t,94ddd1,2021-01-18T14:12:01.584Z
9ec847,3,54,24,t,94ddd1,2021-01-18T14:12:01.584Z
c8d436,3,10,24,t,94ddd1,2021-01-18T14:12:01.584Z
f084eb,5,36,24,t,94ddd1,2021-01-18T14:12:01.584Z
b9a74d,4,17,24,t,94ddd1,2021-01-18T14:12:01.584Z
e83aa3,2,32,23,t,2d2bab,2021-03-21T12:04:54.883Z
e31d39,2,10,23,t,2d2bab,2021-03-21T12:04:54.883Z
d5e9a6,2,23,23,t,2d2bab,2021-03-21T12:04:54.883Z
9ec847,3,54,23,t,2d2bab,2021-03-21T12:04:54.883Z
5d267b,3,40,23,t,2d2bab,2021-03-21T12:04:54.883Z
c8d436,4,10,23,t,2d2bab,2021-03-21T12:04:54.883Z
2feb6b,3,29,23,t,2d2bab,2021-03-21T12:04:54.883Z
c4a632,1,13,8,t,f6e3ae,2021-02-28T22:48:46.396Z
d5e9a6,4,23,8,t,f6e3ae,2021-02-28T22:48:46.396Z
5d267b,3,40,8,t,f6e3ae,2021-02-28T22:48:46.396Z
2a2353,4,57,8,t,f6e3ae,2021-02-28T22:48:46.396Z
f084eb,3,36,8,t,f6e3ae,2021-02-28T22:48:46.396Z
c4a632,5,13,17,t,be5436,2021-03-02T01:38:19.219Z
e31d39,1,10,17,t,be5436,2021-03-02T01:38:19.219Z
9ec847,4,54,17,t,be5436,2021-03-02T01:38:19.219Z
5d267b,4,40,17,t,be5436,2021-03-02T01:38:19.219Z
c8d436,4,10,17,t,be5436,2021-03-02T01:38:19.219Z
c4a632,4,13,16,t,e92159,2021-03-11T16:29:58.790Z
e83aa3,5,32,16,t,e92159,2021-03-11T16:29:58.790Z
d5e9a6,5,23,16,t,e92159,2021-03-11T16:29:58.790Z
72f5d4,4,19,16,t,e92159,2021-03-11T16:29:58.790Z
5d267b,4,40,16,t,e92159,2021-03-11T16:29:58.790Z
f084eb,5,36,16,t,e92159,2021-03-11T16:29:58.790Z
c4a632,3,13,13,t,94fd68,2021-03-11T21:16:35.155Z
d5e9a6,3,23,13,t,94fd68,2021-03-11T21:16:35.155Z
72f5d4,2,19,13,t,94fd68,2021-03-11T21:16:35.155Z
9ec847,1,54,13,t,94fd68,2021-03-11T21:16:35.155Z
5d267b,1,40,13,t,94fd68,2021-03-11T21:16:35.155Z
c8d436,4,10,13,t,94fd68,2021-03-11T21:16:35.155Z
2feb6b,5,29,13,t,94fd68,2021-03-11T21:16:35.155Z
c4a632,2,13,24,f,f5aab2,2021-02-01T08:23:59.481Z
e31d39,5,10,24,f,f5aab2,2021-02-01T08:23:59.481Z
f084eb,1,36,24,f,f5aab2,2021-02-01T08:23:59.481Z
2feb6b,3,29,24,f,f5aab2,2021-02-01T08:23:59.481Z
e83aa3,1,32,7,f,105607,2021-01-14T08:17:08.822Z
d5e9a6,1,23,7,f,105607,2021-01-14T08:17:08.822Z
72f5d4,4,19,7,f,105607,2021-01-14T08:17:08.822Z
2feb6b,3,29,7,f,105607,2021-01-14T08:17:08.822Z
5d267b,2,40,1,t,31c3fa,2021-02-02T08:00:49.478Z
c8d436,1,10,1,t,31c3fa,2021-02-02T08:00:49.478Z
2a2353,5,57,1,t,31c3fa,2021-02-02T08:00:49.478Z
b9a74d,3,17,1,t,31c3fa,2021-02-02T08:00:49.478Z
2feb6b,4,29,1,t,31c3fa,2021-02-02T08:00:49.478Z
e83aa3,2,32,7,t,31be65,2021-03-09T08:16:01.516Z
e31d39,1,10,7,t,31be65,2021-03-09T08:16:01.516Z
d5e9a6,5,23,7,t,31be65,2021-03-09T08:16:01.516Z
9ec847,3,54,7,t,31be65,2021-03-09T08:16:01.516Z
5d267b,4,40,7,t,31be65,2021-03-09T08:16:01.516Z
b9a74d,1,17,7,t,31be65,2021-03-09T08:16:01.516Z
2feb6b,3,29,7,t,31be65,2021-03-09T08:16:01.516Z
e83aa3,5,32,1,t,7b3ffb,2021-01-07T21:10:55.084Z
72f5d4,5,19,1,t,7b3ffb,2021-01-07T21:10:55.084Z
9ec847,2,54,1,t,7b3ffb,2021-01-07T21:10:55.084Z
5d267b,4,40,1,t,7b3ffb,2021-01-07T21:10:55.084Z
b9a74d,5,17,1,t,7b3ffb,2021-01-07T21:10:55.084Z
c4a632,5,13,17,f,c3aa96,2021-02-16T16:30:06.912Z
e83aa3,2,32,17,f,c3aa96,2021-02-16T16:30:06.912Z
d5e9a6,5,23,17,f,c3aa96,2021-02-16T16:30:06.912Z
72f5d4,5,19,17,f,c3aa96,2021-02-16T16:30:06.912Z
9ec847,3,54,17,f,c3aa96,2021-02-16T16:30:06.912Z
2a2353,3,57,17,f,c3aa96,2021-02-16T16:30:06.912Z
f084eb,4,36,17,f,c3aa96,2021-02-16T16:30:06.912Z
5d267b,4,40,17,t,1aadb8,2021-01-30T07:17:10.780Z
f084eb,4,36,17,t,1aadb8,2021-01-30T07:17:10.780Z
2feb6b,3,29,17,t,1aadb8,2021-01-30T07:17:10.780Z
c4a632,2,13,6,f,8e8149,2021-03-26T14:35:31.545Z
e31d39,5,10,6,f,8e8149,2021-03-26T14:35:31.545Z
9ec847,4,54,6,f,8e8149,2021-03-26T14:35:31.545Z
5d267b,5,40,6,f,8e8149,2021-03-26T14:35:31.545Z
c8d436,3,10,6,f,8e8149,2021-03-26T14:35:31.545Z
2a2353,1,57,6,f,8e8149,2021-03-26T14:35:31.545Z
b9a74d,4,17,6,f,8e8149,2021-03-26T14:35:31.545Z
72f5d4,3,19,12,t,bdd7d6,2021-01-28T23:05:40.819Z
9ec847,1,54,12,t,bdd7d6,2021-01-28T23:05:40.819Z
5d267b,4,40,12,t,bdd7d6,2021-01-28T23:05:40.819Z
c8d436,5,10,12,t,bdd7d6,2021-01-28T23:05:40.819Z
2a2353,3,57,12,t,bdd7d6,2021-01-28T23:05:40.819Z
b9a74d,5,17,12,t,bdd7d6,2021-01-28T23:05:40.819Z
c4a632,2,13,15,f,3d6f5c,2021-01-10T02:49:36.105Z
e83aa3,1,32,15,f,3d6f5c,2021-01-10T02:49:36.105Z
e31d39,2,10,15,f,3d6f5c,2021-01-10T02:49:36.105Z
d5e9a6,4,23,15,f,3d6f5c,2021-01-10T02:49:36.105Z
72f5d4,1,19,15,f,3d6f5c,2021-01-10T02:49:36.105Z
5d267b,2,40,15,f,3d6f5c,2021-01-10T02:49:36.105Z
f084eb,1,36,15,f,3d6f5c,2021-01-10T02:49:36.105Z
b9a74d,1,17,15,f,3d6f5c,2021-01-10T02:49:36.105Z
2feb6b,4,29,15,f,3d6f5c,2021-01-10T02:49:36.105Z
c4a632,4,13,3,t,2f86ab,2021-01-28T01:15:47.404Z
e83aa3,4,32,3,t,2f86ab,2021-01-28T01:15:47.404Z
e31d39,2,10,3,t,2f86ab,2021-01-28T01:15:47.404Z
72f5d4,1,19,3,t,2f86ab,2021-01-28T01:15:47.404Z
9ec847,4,54,3,t,2f86ab,2021-01-28T01:15:47.404Z
2a2353,4,57,3,t,2f86ab,2021-01-28T01:15:47.404Z
f084eb,2,36,3,t,2f86ab,2021-01-28T01:15:47.404Z
b9a74d,5,17,3,t,2f86ab,2021-01-28T01:15:47.404Z
2feb6b,5,29,3,t,2f86ab,2021-01-28T01:15:47.404Z
d5e9a6,2,23,16,t,1b597e,2021-02-05T16:11:31.401Z
5d267b,2,40,16,t,1b597e,2021-02-05T16:11:31.401Z
c8d436,2,10,16,t,1b597e,2021-02-05T16:11:31.401Z
b9a74d,1,17,16,t,1b597e,2021-02-05T16:11:31.401Z
2feb6b,4,29,16,t,1b597e,2021-02-05T16:11:31.401Z
c4a632,3,13,3,t,38694f,2021-01-02T23:04:41.030Z
e31d39,4,10,3,t,38694f,2021-01-02T23:04:41.030Z
d5e9a6,3,23,3,t,38694f,2021-01-02T23:04:41.030Z
5d267b,2,40,3,t,38694f,2021-01-02T23:04:41.030Z
2a2353,4,57,3,t,38694f,2021-01-02T23:04:41.030Z
e31d39,5,10,6,f,332f0c,2021-02-18T00:53:01.248Z
d5e9a6,4,23,6,f,332f0c,2021-02-18T00:53:01.248Z
72f5d4,3,19,6,f,332f0c,2021-02-18T00:53:01.248Z
5d267b,4,40,6,f,332f0c,2021-02-18T00:53:01.248Z
c8d436,1,10,6,f,332f0c,2021-02-18T00:53:01.248Z
2a2353,1,57,6,f,332f0c,2021-02-18T00:53:01.248Z
f084eb,3,36,6,f,332f0c,2021-02-18T00:53:01.248Z
c4a632,3,13,24,f,0ff94c,2021-01-15T17:06:52.531Z
e83aa3,2,32,24,f,0ff94c,2021-01-15T17:06:52.531Z
e31d39,4,10,24,f,0ff94c,2021-01-15T17:06:52.531Z
d5e9a6,1,23,24,f,0ff94c,2021-01-15T17:06:52.531Z
9ec847,1,54,24,f,0ff94c,2021-01-15T17:06:52.531Z
5d267b,2,40,24,f,0ff94c,2021-01-15T17:06:52.531Z
c8d436,3,10,24,f,0ff94c,2021-01-15T17:06:52.531Z
f084eb,4,36,24,f,0ff94c,2021-01-15T17:06:52.531Z
c4a632,4,13,6,t,64336f,2021-02-07T11:19:32.160Z
e31d39,5,10,6,t,64336f,2021-02-07T11:19:32.160Z
72f5d4,1,19,6,t,64336f,2021-02-07T11:19:32.160Z
5d267b,3,40,6,t,64336f,2021-02-07T11:19:32.160Z
c8d436,4,10,6,t,64336f,2021-02-07T11:19:32.160Z
2a2353,5,57,6,t,64336f,2021-02-07T11:19:32.160Z
f084eb,2,36,6,t,64336f,2021-02-07T11:19:32.160Z
c4a632,2,13,19,f,ef1363,2021-02-20T07:47:32.006Z
e31d39,4,10,19,f,ef1363,2021-02-20T07:47:32.006Z
d5e9a6,5,23,19,f,ef1363,2021-02-20T07:47:32.006Z
72f5d4,2,19,19,f,ef1363,2021-02-20T07:47:32.006Z
2a2353,4,57,19,f,ef1363,2021-02-20T07:47:32.006Z
2feb6b,1,29,19,f,ef1363,2021-02-20T07:47:32.006Z
c4a632,4,13,0,f,58eea0,2021-01-23T10:01:33.168Z
e31d39,5,10,0,f,58eea0,2021-01-23T10:01:33.168Z
d5e9a6,2,23,0,f,58eea0,2021-01-23T10:01:33.168Z
5d267b,1,40,0,f,58eea0,2021-01-23T10:01:33.168Z
c8d436,1,10,0,f,58eea0,2021-01-23T10:01:33.168Z
2a2353,2,57,0,f,58eea0,2021-01-23T10:01:33.168Z
f084eb,1,36,0,f,58eea0,2021-01-23T10:01:33.168Z
b9a74d,1,17,0,f,58eea0,2021-01-23T10:01:33.168Z
d5e9a6,4,23,1,f,5a8b58,2021-03-03T06:18:41.644Z
9ec847,5,54,1,f,5a8b58,2021-03-03T06:18:41.644Z
5d267b,1,40,1,f,5a8b58,2021-03-03T06:18:41.644Z
c8d436,5,10,1,f,5a8b58,2021-03-03T06:18:41.644Z
2a2353,1,57,1,f,5a8b58,2021-03-03T06:18:41.644Z
b9a74d,5,17,1,f,5a8b58,2021-03-03T06:18:41.644Z
2feb6b,3,29,1,f,5a8b58,2021-03-03T06:18:41.644Z
c4a632,2,13,23,f,91bbe8,2021-03-16T09:36:03.369Z
e83aa3,2,32,23,f,91bbe8,2021-03-16T09:36:03.369Z
e31d39,2,10,23,f,91bbe8,2021-03-16T09:36:03.369Z
d5e9a6,5,23,23,f,91bbe8,2021-03-16T09:36:03.369Z
72f5d4,5,19,23,f,91bbe8,2021-03-16T09:36:03.369Z
9ec847,3,54,23,f,91bbe8,2021-03-16T09:36:03.369Z
b9a74d,2,17,23,f,91bbe8,2021-03-16T09:36:03.369Z
2feb6b,4,29,23,f,91bbe8,2021-03-16T09:36:03.369Z
72f5d4,1,19,16,t,10ef30,2021-03-04T11:30:57.657Z
2a2353,5,57,16,t,10ef30,2021-03-04T11:30:57.657Z
c4a632,5,13,21,f,3d43d6,2021-03-23T23:07:24.844Z
e83aa3,1,32,21,f,3d43d6,2021-03-23T23:07:24.844Z
72f5d4,2,19,21,f,3d43d6,2021-03-23T23:07:24.844Z
5d267b,1,40,21,f,3d43d6,2021-03-23T23:07:24.844Z
2a2353,2,57,21,f,3d43d6,2021-03-23T23:07:24.844Z
f084eb,3,36,21,f,3d43d6,2021-03-23T23:07:24.844Z
c4a632,4,13,10,t,fd5f03,2021-03-02T23:10:15.225Z
e31d39,5,10,10,t,fd5f03,2021-03-02T23:10:15.225Z
72f5d4,1,19,10,t,fd5f03,2021-03-02T23:10:15.225Z
9ec847,2,54,10,t,fd5f03,2021-03-02T23:10:15.225Z
5d267b,3,40,10,t,fd5f03,2021-03-02T23:10:15.225Z
f084eb,4,36,10,t,fd5f03,2021-03-02T23:10:15.225Z
b9a74d,5,17,10,t,fd5f03,2021-03-02T23:10:15.225Z
e83aa3,2,32,6,f,140890,2021-01-06T07:29:19.651Z
c8d436,4,10,6,f,140890,2021-01-06T07:29:19.651Z
2a2353,1,57,6,f,140890,2021-01-06T07:29:19.651Z
f084eb,3,36,6,f,140890,2021-01-06T07:29:19.651Z
2feb6b,3,29,6,f,140890,2021-01-06T07:29:19.651Z
c4a632,4,13,11,f,121387,2021-01-25T16:26:24.000Z
d5e9a6,1,23,11,f,121387,2021-01-25T16:26:24.000Z
b9a74d,2,17,11,f,121387,2021-01-25T16:26:24.000Z
e83aa3,3,32,20,t,b572e4,2021-02-22T23:36:30.211Z
72f5d4,3,19,20,t,b572e4,2021-02-22T23:36:30.211Z
f084eb,1,36,20,t,b572e4,2021-02-22T23:36:30.211Z
c4a632,1,13,18,f,7eb5bd,2021-01-05T08:30:42.624Z
e31d39,1,10,18,f,7eb5bd,2021-01-05T08:30:42.624Z
d5e9a6,2,23,18,f,7eb5bd,2021-01-05T08:30:42.624Z
9ec847,1,54,18,f,7eb5bd,2021-01-05T08:30:42.624Z
f084eb,5,36,18,f,7eb5bd,2021-01-05T08:30:42.624Z
c4a632,3,13,3,t,62c82f,2021-03-27T13:23:59.884Z
e31d39,1,10,3,t,62c82f,2021-03-27T13:23:59.884Z
d5e9a6,3,23,3,t,62c82f,2021-03-27T13:23:59.884Z
5d267b,4,40,3,t,62c82f,2021-03-27T13:23:59.884Z
2a2353,4,57,3,t,62c82f,2021-03-27T13:23:59.884Z
b9a74d,2,17,3,t,62c82f,2021-03-27T13:23:59.884Z
2feb6b,4,29,3,t,62c82f,2021-03-27T13:23:59.884Z
72f5d4,5,19,2,f,2f5ccb,2021-03-29T10:29:03.408Z
9ec847,1,54,2,f,2f5ccb,2021-03-29T10:29:03.408Z
2feb6b,2,29,2,f,2f5ccb,2021-03-29T10:29:03.408Z
c4a632,1,13,2,t,f63bab,2021-03-29T02:17:46.406Z
d5e9a6,3,23,2,t,f63bab,2021-03-29T02:17:46.406Z
9ec847,2,54,2,t,f63bab,2021-03-29T02:17:46.406Z
c8d436,2,10,2,t,f63bab,2021-03-29T02:17:46.406Z
72f5d4,2,19,15,t,4d5f9f,2021-02-06T05:42:01.468Z
9ec847,4,54,15,t,4d5f9f,2021-02-06T05:42:01.468Z
2a2353,2,57,15,t,4d5f9f,2021-02-06T05:42:01.468Z
f084eb,1,36,15,t,4d5f9f,2021-02-06T05:42:01.468Z
d5e9a6,3,23,15,t,10fa61,2021-03-26T09:06:47.808Z
72f5d4,1,19,15,t,10fa61,2021-03-26T09:06:47.808Z
c8d436,4,10,15,t,10fa61,2021-03-26T09:06:47.808Z
2feb6b,3,29,15,t,10fa61,2021-03-26T09:06:47.808Z
c4a632,3,13,15,t,cc9b34,2021-02-14T17:29:40.416Z
e31d39,5,10,15,t,cc9b34,2021-02-14T17:29:40.416Z
d5e9a6,1,23,15,t,cc9b34,2021-02-14T17:29:40.416Z
72f5d4,4,19,15,t,cc9b34,2021-02-14T17:29:40.416Z
9ec847,3,54,15,t,cc9b34,2021-02-14T17:29:40.416Z
5d267b,1,40,15,t,cc9b34,2021-02-14T17:29:40.416Z
f084eb,1,36,15,t,cc9b34,2021-02-14T17:29:40.416Z
b9a74d,2,17,15,t,cc9b34,2021-02-14T17:29:40.416Z
2feb6b,5,29,15,t,cc9b34,2021-02-14T17:29:40.416Z
e31d39,1,10,0,f,c94d94,2021-02-14T19:30:33.177Z
d5e9a6,5,23,0,f,c94d94,2021-02-14T19:30:33.177Z
2a2353,3,57,0,f,c94d94,2021-02-14T19:30:33.177Z
b9a74d,5,17,0,f,c94d94,2021-02-14T19:30:33.177Z
c4a632,3,13,21,t,275a0d,2021-01-03T05:55:16.521Z
5d267b,5,40,21,t,275a0d,2021-01-03T05:55:16.521Z
c8d436,5,10,21,t,275a0d,2021-01-03T05:55:16.521Z
2a2353,4,57,21,t,275a0d,2021-01-03T05:55:16.521Z
f084eb,1,36,21,t,275a0d,2021-01-03T05:55:16.521Z
b9a74d,1,17,21,t,275a0d,2021-01-03T05:55:16.521Z
e83aa3,5,32,2,f,543757,2021-03-26T22:02:28.896Z
5d267b,4,40,2,f,543757,2021-03-26T22:02:28.896Z
b9a74d,3,17,2,f,543757,2021-03-26T22:02:28.896Z
2feb6b,3,29,2,f,543757,2021-03-26T22:02:28.896Z
e31d39,2,10,20,t,840b04,2021-01-19T16:02:29.241Z
72f5d4,3,19,20,t,840b04,2021-01-19T16:02:29.241Z
9ec847,1,54,20,t,840b04,2021-01-19T16:02:29.241Z
c8d436,1,10,20,t,840b04,2021-01-19T16:02:29.241Z
f084eb,2,36,20,t,840b04,2021-01-19T16:02:29.241Z
c4a632,1,13,14,t,d75dd4,2021-03-04T06:30:41.443Z
72f5d4,5,19,14,t,d75dd4,2021-03-04T06:30:41.443Z
5d267b,5,40,14,t,d75dd4,2021-03-04T06:30:41.443Z
b9a74d,5,17,14,t,d75dd4,2021-03-04T06:30:41.443Z
c4a632,5,13,17,t,6e317d,2021-02-09T03:12:51.465Z
e31d39,3,10,17,t,6e317d,2021-02-09T03:12:51.465Z
9ec847,4,54,17,t,6e317d,2021-02-09T03:12:51.465Z
5d267b,4,40,17,t,6e317d,2021-02-09T03:12:51.465Z
c8d436,4,10,17,t,6e317d,2021-02-09T03:12:51.465Z
2a2353,2,57,17,t,6e317d,2021-02-09T03:12:51.465Z
b9a74d,1,17,17,t,6e317d,2021-02-09T03:12:51.465Z
2feb6b,4,29,17,t,6e317d,2021-02-09T03:12:51.465Z
c4a632,5,13,15,t,b95759,2021-02-20T16:44:18.988Z
e83aa3,5,32,15,t,b95759,2021-02-20T16:44:18.988Z
e31d39,5,10,15,t,b95759,2021-02-20T16:44:18.988Z
72f5d4,3,19,15,t,b95759,2021-02-20T16:44:18.988Z
c8d436,2,10,15,t,b95759,2021-02-20T16:44:18.988Z
f084eb,1,36,15,t,b95759,2021-02-20T16:44:18.988Z
c4a632,5,13,10,f,8.86E+11,2021-01-16T03:54:50.457Z
e31d39,3,10,10,f,8.86E+11,2021-01-16T03:54:50.457Z
d5e9a6,2,23,10,f,8.86E+11,2021-01-16T03:54:50.457Z
f084eb,5,36,10,f,8.86E+11,2021-01-16T03:54:50.457Z
d5e9a6,4,23,22,t,ba379d,2021-02-01T03:08:13.603Z
9ec847,3,54,22,t,ba379d,2021-02-01T03:08:13.603Z
f084eb,5,36,22,t,ba379d,2021-02-01T03:08:13.603Z
2feb6b,3,29,22,t,ba379d,2021-02-01T03:08:13.603Z
c4a632,3,13,4,t,bf62ff,2021-03-11T06:55:25.363Z
d5e9a6,5,23,4,t,bf62ff,2021-03-11T06:55:25.363Z
72f5d4,2,19,4,t,bf62ff,2021-03-11T06:55:25.363Z
c8d436,3,10,4,t,bf62ff,2021-03-11T06:55:25.363Z
2a2353,3,57,4,t,bf62ff,2021-03-11T06:55:25.363Z
f084eb,1,36,4,t,bf62ff,2021-03-11T06:55:25.363Z
2feb6b,3,29,4,t,bf62ff,2021-03-11T06:55:25.363Z
c4a632,3,13,18,f,71dcb1,2021-03-18T03:47:07.440Z
e83aa3,5,32,18,f,71dcb1,2021-03-18T03:47:07.440Z
e31d39,3,10,18,f,71dcb1,2021-03-18T03:47:07.440Z
72f5d4,4,19,18,f,71dcb1,2021-03-18T03:47:07.440Z
9ec847,3,54,18,f,71dcb1,2021-03-18T03:47:07.440Z
5d267b,1,40,18,f,71dcb1,2021-03-18T03:47:07.440Z
c8d436,4,10,18,f,71dcb1,2021-03-18T03:47:07.440Z
2a2353,3,57,18,f,71dcb1,2021-03-18T03:47:07.440Z
f084eb,2,36,18,f,71dcb1,2021-03-18T03:47:07.440Z
b9a74d,4,17,18,f,71dcb1,2021-03-18T03:47:07.440Z
e83aa3,4,32,21,f,4e5696,2021-03-10T10:45:34.156Z
e31d39,4,10,21,f,4e5696,2021-03-10T10:45:34.156Z
72f5d4,1,19,21,f,4e5696,2021-03-10T10:45:34.156Z
5d267b,2,40,21,f,4e5696,2021-03-10T10:45:34.156Z
f084eb,2,36,21,f,4e5696,2021-03-10T10:45:34.156Z
2feb6b,4,29,21,f,4e5696,2021-03-10T10:45:34.156Z
72f5d4,1,19,24,f,11dab3,2021-03-06T17:13:44.745Z
c8d436,4,10,24,f,11dab3,2021-03-06T17:13:44.745Z
b9a74d,3,17,24,f,11dab3,2021-03-06T17:13:44.745Z
2feb6b,3,29,24,f,11dab3,2021-03-06T17:13:44.745Z
c4a632,1,13,17,t,31411a,2021-01-22T01:55:48.720Z
e83aa3,5,32,17,t,31411a,2021-01-22T01:55:48.720Z
e31d39,1,10,17,t,31411a,2021-01-22T01:55:48.720Z
72f5d4,1,19,17,t,31411a,2021-01-22T01:55:48.720Z
9ec847,4,54,17,t,31411a,2021-01-22T01:55:48.720Z
5d267b,4,40,17,t,31411a,2021-01-22T01:55:48.720Z
c8d436,2,10,17,t,31411a,2021-01-22T01:55:48.720Z
2a2353,3,57,17,t,31411a,2021-01-22T01:55:48.720Z
f084eb,2,36,17,t,31411a,2021-01-22T01:55:48.720Z
2feb6b,4,29,17,t,31411a,2021-01-22T01:55:48.720Z
c4a632,2,13,3,f,cac2c9,2021-02-28T23:27:11.116Z
e31d39,1,10,3,f,cac2c9,2021-02-28T23:27:11.116Z
d5e9a6,4,23,3,f,cac2c9,2021-02-28T23:27:11.116Z
5d267b,4,40,3,f,cac2c9,2021-02-28T23:27:11.116Z
c8d436,4,10,3,f,cac2c9,2021-02-28T23:27:11.116Z
f084eb,3,36,3,f,cac2c9,2021-02-28T23:27:11.116Z
b9a74d,3,17,3,f,cac2c9,2021-02-28T23:27:11.116Z
2feb6b,1,29,3,f,cac2c9,2021-02-28T23:27:11.116Z
e83aa3,2,32,3,f,d05b44,2021-01-14T00:30:10.166Z
d5e9a6,4,23,3,f,d05b44,2021-01-14T00:30:10.166Z
72f5d4,4,19,3,f,d05b44,2021-01-14T00:30:10.166Z
c8d436,1,10,3,f,d05b44,2021-01-14T00:30:10.166Z
2a2353,5,57,3,f,d05b44,2021-01-14T00:30:10.166Z
f084eb,4,36,3,f,d05b44,2021-01-14T00:30:10.166Z
2feb6b,5,29,3,f,d05b44,2021-01-14T00:30:10.166Z
e83aa3,3,32,14,t,f84ad0,2021-03-10T21:37:38.064Z
e31d39,1,10,14,t,f84ad0,2021-03-10T21:37:38.064Z
9ec847,1,54,14,t,f84ad0,2021-03-10T21:37:38.064Z
5d267b,5,40,14,t,f84ad0,2021-03-10T21:37:38.064Z
2a2353,2,57,14,t,f84ad0,2021-03-10T21:37:38.064Z
2feb6b,3,29,14,t,f84ad0,2021-03-10T21:37:38.064Z
c4a632,5,13,20,t,95aa59,2021-02-12T09:30:07.228Z
e31d39,2,10,20,t,95aa59,2021-02-12T09:30:07.228Z
d5e9a6,2,23,20,t,95aa59,2021-02-12T09:30:07.228Z
72f5d4,2,19,20,t,95aa59,2021-02-12T09:30:07.228Z
c8d436,5,10,20,t,95aa59,2021-02-12T09:30:07.228Z
b9a74d,2,17,20,t,95aa59,2021-02-12T09:30:07.228Z
2feb6b,2,29,20,t,95aa59,2021-02-12T09:30:07.228Z
c4a632,2,13,20,t,eff991,2021-02-14T13:29:52.828Z
d5e9a6,4,23,20,t,eff991,2021-02-14T13:29:52.828Z
5d267b,1,40,20,t,eff991,2021-02-14T13:29:52.828Z
c8d436,2,10,20,t,eff991,2021-02-14T13:29:52.828Z
2feb6b,5,29,20,t,eff991,2021-02-14T13:29:52.828Z
e83aa3,1,32,22,t,f04486,2021-03-14T07:14:58.070Z
72f5d4,2,19,22,t,f04486,2021-03-14T07:14:58.070Z
9ec847,3,54,22,t,f04486,2021-03-14T07:14:58.070Z
2a2353,1,57,22,t,f04486,2021-03-14T07:14:58.070Z
b9a74d,3,17,22,t,f04486,2021-03-14T07:14:58.070Z
2feb6b,4,29,22,t,f04486,2021-03-14T07:14:58.070Z
c4a632,5,13,2,t,c2f82c,2021-01-27T16:15:08.092Z
b9a74d,5,17,2,t,c2f82c,2021-01-27T16:15:08.092Z
2feb6b,5,29,2,t,c2f82c,2021-01-27T16:15:08.092Z
c4a632,2,13,2,t,6de0e2,2021-02-22T20:14:12.998Z
e31d39,2,10,2,t,6de0e2,2021-02-22T20:14:12.998Z
d5e9a6,5,23,2,t,6de0e2,2021-02-22T20:14:12.998Z
9ec847,5,54,2,t,6de0e2,2021-02-22T20:14:12.998Z
c8d436,4,10,2,t,6de0e2,2021-02-22T20:14:12.998Z
f084eb,5,36,2,t,6de0e2,2021-02-22T20:14:12.998Z
b9a74d,4,17,2,t,6de0e2,2021-02-22T20:14:12.998Z
d5e9a6,1,23,13,t,49738a,2021-01-04T03:09:45.100Z
72f5d4,3,19,13,t,49738a,2021-01-04T03:09:45.100Z
5d267b,2,40,13,t,49738a,2021-01-04T03:09:45.100Z
c8d436,4,10,13,t,49738a,2021-01-04T03:09:45.100Z
c4a632,3,13,23,f,e753d6,2021-02-08T14:13:21.244Z
72f5d4,2,19,23,f,e753d6,2021-02-08T14:13:21.244Z
2a2353,5,57,23,f,e753d6,2021-02-08T14:13:21.244Z
f084eb,1,36,23,f,e753d6,2021-02-08T14:13:21.244Z
c4a632,3,13,21,t,4b325c,2021-01-30T15:06:14.025Z
9ec847,4,54,21,t,4b325c,2021-01-30T15:06:14.025Z
f084eb,2,36,21,t,4b325c,2021-01-30T15:06:14.025Z
c4a632,2,13,1,f,e98b24,2021-01-29T23:49:04.224Z
e31d39,2,10,1,f,e98b24,2021-01-29T23:49:04.224Z
2a2353,3,57,1,f,e98b24,2021-01-29T23:49:04.224Z
f084eb,5,36,1,f,e98b24,2021-01-29T23:49:04.224Z
2feb6b,4,29,1,f,e98b24,2021-01-29T23:49:04.224Z
c8d436,5,10,7,t,cd5f65,2021-01-21T07:43:16.608Z
2a2353,5,57,7,t,cd5f65,2021-01-21T07:43:16.608Z
b9a74d,2,17,7,t,cd5f65,2021-01-21T07:43:16.608Z
e83aa3,3,32,3,t,70a931,2021-02-15T20:13:05.692Z
e31d39,1,10,3,t,70a931,2021-02-15T20:13:05.692Z
9ec847,4,54,3,t,70a931,2021-02-15T20:13:05.692Z
f084eb,4,36,3,t,70a931,2021-02-15T20:13:05.692Z
c4a632,4,13,2,t,9f8344,2021-02-18T08:08:28.348Z
e83aa3,1,32,2,t,9f8344,2021-02-18T08:08:28.348Z
d5e9a6,2,23,2,t,9f8344,2021-02-18T08:08:28.348Z
72f5d4,5,19,2,t,9f8344,2021-02-18T08:08:28.348Z
9ec847,5,54,2,t,9f8344,2021-02-18T08:08:28.348Z
b9a74d,5,17,2,t,9f8344,2021-02-18T08:08:28.348Z
2feb6b,2,29,2,t,9f8344,2021-02-18T08:08:28.348Z
e83aa3,5,32,3,f,c8119e,2021-03-04T16:19:45.436Z
72f5d4,3,19,3,f,c8119e,2021-03-04T16:19:45.436Z
9ec847,4,54,3,f,c8119e,2021-03-04T16:19:45.436Z
5d267b,2,40,3,f,c8119e,2021-03-04T16:19:45.436Z
c8d436,2,10,3,f,c8119e,2021-03-04T16:19:45.436Z
2a2353,1,57,3,f,c8119e,2021-03-04T16:19:45.436Z
2feb6b,5,29,3,f,c8119e,2021-03-04T16:19:45.436Z
e83aa3,5,32,5,t,d1868f,2021-01-05T05:23:58.876Z
e31d39,5,10,5,t,d1868f,2021-01-05T05:23:58.876Z
72f5d4,3,19,5,t,d1868f,2021-01-05T05:23:58.876Z
c8d436,1,10,5,t,d1868f,2021-01-05T05:23:58.876Z
2a2353,3,57,5,t,d1868f,2021-01-05T05:23:58.876Z
f084eb,5,36,5,t,d1868f,2021-01-05T05:23:58.876Z
b9a74d,4,17,5,t,d1868f,2021-01-05T05:23:58.876Z
c4a632,4,13,4,f,18e6d7,2021-03-07T15:13:04.684Z
b9a74d,3,17,4,f,18e6d7,2021-03-07T15:13:04.684Z
2feb6b,1,29,4,f,18e6d7,2021-03-07T15:13:04.684Z
c4a632,4,13,0,f,69365f,2021-01-22T20:04:27.379Z
e31d39,4,10,0,f,69365f,2021-01-22T20:04:27.379Z
72f5d4,2,19,0,f,69365f,2021-01-22T20:04:27.379Z
5d267b,2,40,0,f,69365f,2021-01-22T20:04:27.379Z
c8d436,2,10,0,f,69365f,2021-01-22T20:04:27.379Z
2a2353,3,57,0,f,69365f,2021-01-22T20:04:27.379Z
b9a74d,3,17,0,f,69365f,2021-01-22T20:04:27.379Z
2feb6b,2,29,0,f,69365f,2021-01-22T20:04:27.379Z
d5e9a6,4,23,14,f,603676,2021-03-23T13:05:57.552Z
72f5d4,3,19,14,f,603676,2021-03-23T13:05:57.552Z
c8d436,5,10,14,f,603676,2021-03-23T13:05:57.552Z
c4a632,3,13,6,t,331f63,2021-02-27T03:40:58.425Z
e83aa3,2,32,6,t,331f63,2021-02-27T03:40:58.425Z
e31d39,3,10,6,t,331f63,2021-02-27T03:40:58.425Z
d5e9a6,1,23,6,t,331f63,2021-02-27T03:40:58.425Z
9ec847,4,54,6,t,331f63,2021-02-27T03:40:58.425Z
5d267b,2,40,6,t,331f63,2021-02-27T03:40:58.425Z
c4a632,1,13,4,t,6c6d33,2021-01-27T05:00:41.616Z
d5e9a6,5,23,4,t,6c6d33,2021-01-27T05:00:41.616Z
72f5d4,2,19,4,t,6c6d33,2021-01-27T05:00:41.616Z
9ec847,4,54,4,t,6c6d33,2021-01-27T05:00:41.616Z
5d267b,2,40,4,t,6c6d33,2021-01-27T05:00:41.616Z
c8d436,5,10,4,t,6c6d33,2021-01-27T05:00:41.616Z
2feb6b,1,29,4,t,6c6d33,2021-01-27T05:00:41.616Z
d5e9a6,4,23,17,t,0951ed,2021-01-21T00:24:12.988Z
72f5d4,3,19,17,t,0951ed,2021-01-21T00:24:12.988Z
9ec847,4,54,17,t,0951ed,2021-01-21T00:24:12.988Z
c8d436,4,10,17,t,0951ed,2021-01-21T00:24:12.988Z
f084eb,3,36,17,t,0951ed,2021-01-21T00:24:12.988Z
b9a74d,1,17,17,t,0951ed,2021-01-21T00:24:12.988Z
2feb6b,1,29,17,t,0951ed,2021-01-21T00:24:12.988Z
e31d39,4,10,15,t,a6ab54,2021-03-04T20:54:57.254Z
d5e9a6,1,23,15,t,a6ab54,2021-03-04T20:54:57.254Z
72f5d4,5,19,15,t,a6ab54,2021-03-04T20:54:57.254Z
5d267b,5,40,15,t,a6ab54,2021-03-04T20:54:57.254Z
2a2353,2,57,15,t,a6ab54,2021-03-04T20:54:57.254Z
f084eb,2,36,15,t,a6ab54,2021-03-04T20:54:57.254Z
2feb6b,1,29,15,t,a6ab54,2021-03-04T20:54:57.254Z
c4a632,1,13,19,t,8fe413,2021-03-13T03:59:06.460Z
e83aa3,3,32,19,t,8fe413,2021-03-13T03:59:06.460Z
9ec847,1,54,19,t,8fe413,2021-03-13T03:59:06.460Z
5d267b,1,40,19,t,8fe413,2021-03-13T03:59:06.460Z
c8d436,4,10,19,t,8fe413,2021-03-13T03:59:06.460Z
b9a74d,4,17,19,t,8fe413,2021-03-13T03:59:06.460Z
2feb6b,2,29,19,t,8fe413,2021-03-13T03:59:06.460Z
c4a632,4,13,17,f,28b3a4,2021-03-26T10:04:46.272Z
e83aa3,2,32,17,f,28b3a4,2021-03-26T10:04:46.272Z
e31d39,2,10,17,f,28b3a4,2021-03-26T10:04:46.272Z
9ec847,4,54,17,f,28b3a4,2021-03-26T10:04:46.272Z
5d267b,1,40,17,f,28b3a4,2021-03-26T10:04:46.272Z
f084eb,3,36,17,f,28b3a4,2021-03-26T10:04:46.272Z
2feb6b,1,29,17,f,28b3a4,2021-03-26T10:04:46.272Z
e31d39,4,10,1,f,a8bfe3,2021-03-15T05:02:43.008Z
9ec847,5,54,1,f,a8bfe3,2021-03-15T05:02:43.008Z
5d267b,1,40,1,f,a8bfe3,2021-03-15T05:02:43.008Z
c8d436,4,10,1,f,a8bfe3,2021-03-15T05:02:43.008Z
b9a74d,3,17,1,f,a8bfe3,2021-03-15T05:02:43.008Z
d5e9a6,2,23,0,t,a08342,2021-03-06T22:00:23.097Z
c8d436,5,10,0,t,a08342,2021-03-06T22:00:23.097Z
2a2353,2,57,0,t,a08342,2021-03-06T22:00:23.097Z
f084eb,4,36,0,t,a08342,2021-03-06T22:00:23.097Z
b9a74d,4,17,0,t,a08342,2021-03-06T22:00:23.097Z
2feb6b,1,29,0,t,a08342,2021-03-06T22:00:23.097Z
e83aa3,1,32,4,t,a86264,2021-03-03T12:25:05.001Z
d5e9a6,5,23,4,t,a86264,2021-03-03T12:25:05.001Z
72f5d4,2,19,4,t,a86264,2021-03-03T12:25:05.001Z
9ec847,1,54,4,t,a86264,2021-03-03T12:25:05.001Z
c8d436,3,10,4,t,a86264,2021-03-03T12:25:05.001Z
f084eb,4,36,4,t,a86264,2021-03-03T12:25:05.001Z
b9a74d,3,17,4,t,a86264,2021-03-03T12:25:05.001Z
2feb6b,5,29,4,t,a86264,2021-03-03T12:25:05.001Z
c4a632,1,13,6,t,07f754,2021-01-28T15:26:42.633Z
c8d436,4,10,6,t,07f754,2021-01-28T15:26:42.633Z
2a2353,1,57,6,t,07f754,2021-01-28T15:26:42.633Z
f084eb,1,36,6,t,07f754,2021-01-28T15:26:42.633Z
b9a74d,3,17,6,t,07f754,2021-01-28T15:26:42.633Z
c4a632,3,13,0,t,30d03a,2021-03-22T05:08:10.896Z
e83aa3,5,32,0,t,30d03a,2021-03-22T05:08:10.896Z
d5e9a6,3,23,0,t,30d03a,2021-03-22T05:08:10.896Z
9ec847,3,54,0,t,30d03a,2021-03-22T05:08:10.896Z
2feb6b,1,29,0,t,30d03a,2021-03-22T05:08:10.896Z
d5e9a6,4,23,6,f,5ba442,2021-01-07T21:52:36.192Z
72f5d4,5,19,6,f,5ba442,2021-01-07T21:52:36.192Z
2a2353,2,57,6,f,5ba442,2021-01-07T21:52:36.192Z
f084eb,2,36,6,f,5ba442,2021-01-07T21:52:36.192Z
e31d39,5,10,3,f,0bd25c,2021-02-13T08:06:54.172Z
d5e9a6,4,23,3,f,0bd25c,2021-02-13T08:06:54.172Z
72f5d4,1,19,3,f,0bd25c,2021-02-13T08:06:54.172Z
2a2353,4,57,3,f,0bd25c,2021-02-13T08:06:54.172Z
f084eb,2,36,3,f,0bd25c,2021-02-13T08:06:54.172Z
2feb6b,2,29,3,f,0bd25c,2021-02-13T08:06:54.172Z
e83aa3,5,32,1,t,f6325e,2021-01-20T05:46:37.776Z
e31d39,4,10,1,t,f6325e,2021-01-20T05:46:37.776Z
d5e9a6,4,23,1,t,f6325e,2021-01-20T05:46:37.776Z
5d267b,5,40,1,t,f6325e,2021-01-20T05:46:37.776Z
2a2353,2,57,1,t,f6325e,2021-01-20T05:46:37.776Z
b9a74d,3,17,1,t,f6325e,2021-01-20T05:46:37.776Z
c4a632,4,13,20,f,634e7e,2021-03-30T23:11:15.705Z
e31d39,5,10,20,f,634e7e,2021-03-30T23:11:15.705Z
d5e9a6,5,23,20,f,634e7e,2021-03-30T23:11:15.705Z
72f5d4,5,19,20,f,634e7e,2021-03-30T23:11:15.705Z
9ec847,1,54,20,f,634e7e,2021-03-30T23:11:15.705Z
5d267b,4,40,20,f,634e7e,2021-03-30T23:11:15.705Z
f084eb,1,36,20,f,634e7e,2021-03-30T23:11:15.705Z
b9a74d,3,17,20,f,634e7e,2021-03-30T23:11:15.705Z
2feb6b,1,29,20,f,634e7e,2021-03-30T23:11:15.705Z
c4a632,3,13,1,t,51b58c,2021-02-28T13:45:34.761Z
e31d39,2,10,1,t,51b58c,2021-02-28T13:45:34.761Z
5d267b,3,40,1,t,51b58c,2021-02-28T13:45:34.761Z
c8d436,5,10,1,t,51b58c,2021-02-28T13:45:34.761Z
2a2353,5,57,1,t,51b58c,2021-02-28T13:45:34.761Z
b9a74d,1,17,1,t,51b58c,2021-02-28T13:45:34.761Z
c4a632,4,13,24,t,493bc4,2021-03-16T03:25:33.600Z
9ec847,1,54,24,t,493bc4,2021-03-16T03:25:33.600Z
5d267b,2,40,24,t,493bc4,2021-03-16T03:25:33.600Z
c8d436,5,10,24,t,493bc4,2021-03-16T03:25:33.600Z
f084eb,4,36,24,t,493bc4,2021-03-16T03:25:33.600Z
b9a74d,4,17,24,t,493bc4,2021-03-16T03:25:33.600Z
e31d39,1,10,20,f,786fae,2021-03-19T12:12:54.230Z
d5e9a6,4,23,20,f,786fae,2021-03-19T12:12:54.230Z
72f5d4,1,19,20,f,786fae,2021-03-19T12:12:54.230Z
b9a74d,4,17,20,f,786fae,2021-03-19T12:12:54.230Z
c4a632,4,13,14,t,7a44de,2021-03-16T23:44:37.161Z
d5e9a6,1,23,14,t,7a44de,2021-03-16T23:44:37.161Z
72f5d4,4,19,14,t,7a44de,2021-03-16T23:44:37.161Z
5d267b,4,40,14,t,7a44de,2021-03-16T23:44:37.161Z
c8d436,5,10,14,t,7a44de,2021-03-16T23:44:37.161Z
2a2353,1,57,14,t,7a44de,2021-03-16T23:44:37.161Z
f084eb,4,36,14,t,7a44de,2021-03-16T23:44:37.161Z
b9a74d,4,17,14,t,7a44de,2021-03-16T23:44:37.161Z
2feb6b,5,29,14,t,7a44de,2021-03-16T23:44:37.161Z
e31d39,1,10,24,t,35ee99,2021-03-18T14:35:18.326Z
72f5d4,1,19,24,t,35ee99,2021-03-18T14:35:18.326Z
9ec847,2,54,24,t,35ee99,2021-03-18T14:35:18.326Z
5d267b,4,40,24,t,35ee99,2021-03-18T14:35:18.326Z
c8d436,2,10,24,t,35ee99,2021-03-18T14:35:18.326Z
2a2353,4,57,24,t,35ee99,2021-03-18T14:35:18.326Z
b9a74d,3,17,24,t,35ee99,2021-03-18T14:35:18.326Z
2feb6b,5,29,24,t,35ee99,2021-03-18T14:35:18.326Z
c4a632,5,13,15,t,767ac8,2021-03-08T02:17:20.486Z
72f5d4,2,19,15,t,767ac8,2021-03-08T02:17:20.486Z
9ec847,2,54,15,t,767ac8,2021-03-08T02:17:20.486Z
f084eb,3,36,15,t,767ac8,2021-03-08T02:17:20.486Z
c4a632,1,13,17,t,4ede01,2021-03-26T11:44:47.184Z
9ec847,2,54,17,t,4ede01,2021-03-26T11:44:47.184Z
5d267b,2,40,17,t,4ede01,2021-03-26T11:44:47.184Z
c8d436,3,10,17,t,4ede01,2021-03-26T11:44:47.184Z
f084eb,1,36,17,t,4ede01,2021-03-26T11:44:47.184Z
2feb6b,4,29,17,t,4ede01,2021-03-26T11:44:47.184Z
e83aa3,5,32,12,t,106,2021-02-20T15:59:09.657Z
e31d39,1,10,12,t,106,2021-02-20T15:59:09.657Z
72f5d4,5,19,12,t,106,2021-02-20T15:59:09.657Z
5d267b,3,40,12,t,106,2021-02-20T15:59:09.657Z
c8d436,1,10,12,t,106,2021-02-20T15:59:09.657Z
2a2353,1,57,12,t,106,2021-02-20T15:59:09.657Z
e83aa3,2,32,10,t,83d172,2021-03-18T06:24:13.680Z
d5e9a6,5,23,10,t,83d172,2021-03-18T06:24:13.680Z
9ec847,4,54,10,t,83d172,2021-03-18T06:24:13.680Z
2feb6b,4,29,10,t,83d172,2021-03-18T06:24:13.680Z
e31d39,3,10,1,t,17bf7e,2021-03-08T22:06:17.078Z
c8d436,3,10,1,t,17bf7e,2021-03-08T22:06:17.078Z
2a2353,2,57,1,t,17bf7e,2021-03-08T22:06:17.078Z
b9a74d,4,17,1,t,17bf7e,2021-03-08T22:06:17.078Z
c4a632,1,13,13,t,6b8ee0,2021-02-26T18:48:57.600Z
e83aa3,4,32,13,t,6b8ee0,2021-02-26T18:48:57.600Z
d5e9a6,3,23,13,t,6b8ee0,2021-02-26T18:48:57.600Z
9ec847,4,54,13,t,6b8ee0,2021-02-26T18:48:57.600Z
5d267b,3,40,13,t,6b8ee0,2021-02-26T18:48:57.600Z
c8d436,3,10,13,t,6b8ee0,2021-02-26T18:48:57.600Z
b9a74d,5,17,13,t,6b8ee0,2021-02-26T18:48:57.600Z
2feb6b,5,29,13,t,6b8ee0,2021-02-26T18:48:57.600Z
c4a632,4,13,8,t,3a234c,2021-03-23T21:56:48.220Z
d5e9a6,2,23,8,t,3a234c,2021-03-23T21:56:48.220Z
9ec847,2,54,8,t,3a234c,2021-03-23T21:56:48.220Z
c8d436,1,10,8,t,3a234c,2021-03-23T21:56:48.220Z
2a2353,3,57,8,t,3a234c,2021-03-23T21:56:48.220Z
f084eb,3,36,8,t,3a234c,2021-03-23T21:56:48.220Z
c4a632,1,13,15,t,f87648,2021-01-26T02:04:05.692Z
d5e9a6,4,23,15,t,f87648,2021-01-26T02:04:05.692Z
5d267b,5,40,15,t,f87648,2021-01-26T02:04:05.692Z
2a2353,4,57,15,t,f87648,2021-01-26T02:04:05.692Z
e31d39,5,10,15,f,b4289c,2021-02-15T14:46:04.339Z
d5e9a6,5,23,15,f,b4289c,2021-02-15T14:46:04.339Z
72f5d4,5,19,15,f,b4289c,2021-02-15T14:46:04.339Z
2feb6b,2,29,15,f,b4289c,2021-02-15T14:46:04.339Z
c4a632,3,13,3,f,6d590a,2021-01-01T02:42:33.609Z
e83aa3,1,32,3,f,6d590a,2021-01-01T02:42:33.609Z
d5e9a6,2,23,3,f,6d590a,2021-01-01T02:42:33.609Z
72f5d4,5,19,3,f,6d590a,2021-01-01T02:42:33.609Z
c8d436,4,10,3,f,6d590a,2021-01-01T02:42:33.609Z
b9a74d,1,17,3,f,6d590a,2021-01-01T02:42:33.609Z
c4a632,5,13,12,t,c8b3fb,2021-03-22T01:20:57.840Z
e31d39,2,10,12,t,c8b3fb,2021-03-22T01:20:57.840Z
9ec847,4,54,12,t,c8b3fb,2021-03-22T01:20:57.840Z
5d267b,5,40,12,t,c8b3fb,2021-03-22T01:20:57.840Z
f084eb,5,36,12,t,c8b3fb,2021-03-22T01:20:57.840Z
2feb6b,1,29,12,t,c8b3fb,2021-03-22T01:20:57.840Z
c4a632,1,13,2,f,673b4b,2021-03-02T05:10:13.756Z
e31d39,3,10,2,f,673b4b,2021-03-02T05:10:13.756Z
d5e9a6,1,23,2,f,673b4b,2021-03-02T05:10:13.756Z
9ec847,4,54,2,f,673b4b,2021-03-02T05:10:13.756Z
5d267b,4,40,2,f,673b4b,2021-03-02T05:10:13.756Z
2a2353,2,57,2,f,673b4b,2021-03-02T05:10:13.756Z
f084eb,1,36,2,f,673b4b,2021-03-02T05:10:13.756Z
b9a74d,4,17,2,f,673b4b,2021-03-02T05:10:13.756Z
2feb6b,5,29,2,f,673b4b,2021-03-02T05:10:13.756Z
e83aa3,2,32,10,f,1f5630,2021-01-20T06:11:47.702Z
e31d39,2,10,10,f,1f5630,2021-01-20T06:11:47.702Z
9ec847,5,54,10,f,1f5630,2021-01-20T06:11:47.702Z
b9a74d,4,17,10,f,1f5630,2021-01-20T06:11:47.702Z
2feb6b,1,29,10,f,1f5630,2021-01-20T06:11:47.702Z
e83aa3,2,32,6,t,4d5b4f,2021-02-12T10:34:01.833Z
e31d39,5,10,6,t,4d5b4f,2021-02-12T10:34:01.833Z
d5e9a6,1,23,6,t,4d5b4f,2021-02-12T10:34:01.833Z
72f5d4,4,19,6,t,4d5b4f,2021-02-12T10:34:01.833Z
9ec847,1,54,6,t,4d5b4f,2021-02-12T10:34:01.833Z
5d267b,1,40,6,t,4d5b4f,2021-02-12T10:34:01.833Z
c8d436,1,10,6,t,4d5b4f,2021-02-12T10:34:01.833Z
b9a74d,5,17,6,t,4d5b4f,2021-02-12T10:34:01.833Z
2feb6b,2,29,6,t,4d5b4f,2021-02-12T10:34:01.833Z
c4a632,2,13,12,t,235b08,2021-02-02T11:52:25.622Z
e31d39,3,10,12,t,235b08,2021-02-02T11:52:25.622Z
d5e9a6,2,23,12,t,235b08,2021-02-02T11:52:25.622Z
2a2353,4,57,12,t,235b08,2021-02-02T11:52:25.622Z
f084eb,2,36,12,t,235b08,2021-02-02T11:52:25.622Z
e31d39,4,10,18,f,75b640,2021-03-09T02:43:39.878Z
d5e9a6,2,23,18,f,75b640,2021-03-09T02:43:39.878Z
72f5d4,3,19,18,f,75b640,2021-03-09T02:43:39.878Z
5d267b,3,40,18,f,75b640,2021-03-09T02:43:39.878Z
2a2353,5,57,18,f,75b640,2021-03-09T02:43:39.878Z
b9a74d,1,17,18,f,75b640,2021-03-09T02:43:39.878Z
2feb6b,5,29,18,f,75b640,2021-03-09T02:43:39.878Z
c4a632,1,13,15,t,b7d0b7,2021-03-03T10:50:02.947Z
9ec847,5,54,15,t,b7d0b7,2021-03-03T10:50:02.947Z
f084eb,1,36,15,t,b7d0b7,2021-03-03T10:50:02.947Z
c4a632,1,13,12,t,da2695,2021-01-24T22:00:06.422Z
e31d39,4,10,12,t,da2695,2021-01-24T22:00:06.422Z
72f5d4,2,19,12,t,da2695,2021-01-24T22:00:06.422Z
9ec847,2,54,12,t,da2695,2021-01-24T22:00:06.422Z
5d267b,1,40,12,t,da2695,2021-01-24T22:00:06.422Z
f084eb,4,36,12,t,da2695,2021-01-24T22:00:06.422Z
2feb6b,5,29,12,t,da2695,2021-01-24T22:00:06.422Z
c4a632,4,13,20,t,477830,2021-03-25T17:53:22.214Z
e83aa3,5,32,20,t,477830,2021-03-25T17:53:22.214Z
9ec847,1,54,20,t,477830,2021-03-25T17:53:22.214Z
5d267b,3,40,20,t,477830,2021-03-25T17:53:22.214Z
c8d436,5,10,20,t,477830,2021-03-25T17:53:22.214Z
2feb6b,2,29,20,t,477830,2021-03-25T17:53:22.214Z
c4a632,5,13,22,t,50729e,2021-01-05T08:11:11.212Z
e83aa3,3,32,22,t,50729e,2021-01-05T08:11:11.212Z
72f5d4,3,19,22,t,50729e,2021-01-05T08:11:11.212Z
9ec847,1,54,22,t,50729e,2021-01-05T08:11:11.212Z
5d267b,5,40,22,t,50729e,2021-01-05T08:11:11.212Z
f084eb,5,36,22,t,50729e,2021-01-05T08:11:11.212Z
2feb6b,4,29,22,t,50729e,2021-01-05T08:11:11.212Z
c4a632,2,13,20,f,467612,2021-01-20T10:49:41.606Z
d5e9a6,3,23,20,f,467612,2021-01-20T10:49:41.606Z
9ec847,5,54,20,f,467612,2021-01-20T10:49:41.606Z
5d267b,2,40,20,f,467612,2021-01-20T10:49:41.606Z
c8d436,4,10,20,f,467612,2021-01-20T10:49:41.606Z
2a2353,1,57,20,f,467612,2021-01-20T10:49:41.606Z
b9a74d,1,17,20,f,467612,2021-01-20T10:49:41.606Z
e83aa3,2,32,19,t,bee0ef,2021-02-09T21:47:39.235Z
e31d39,2,10,19,t,bee0ef,2021-02-09T21:47:39.235Z
2a2353,5,57,19,t,bee0ef,2021-02-09T21:47:39.235Z
f084eb,1,36,19,t,bee0ef,2021-02-09T21:47:39.235Z
b9a74d,2,17,19,t,bee0ef,2021-02-09T21:47:39.235Z
c4a632,1,13,11,f,8c6e4e,2021-03-16T02:33:56.678Z
e83aa3,4,32,11,f,8c6e4e,2021-03-16T02:33:56.678Z
e31d39,5,10,11,f,8c6e4e,2021-03-16T02:33:56.678Z
72f5d4,1,19,11,f,8c6e4e,2021-03-16T02:33:56.678Z
c8d436,5,10,11,f,8c6e4e,2021-03-16T02:33:56.678Z
f084eb,3,36,11,f,8c6e4e,2021-03-16T02:33:56.678Z
2feb6b,1,29,11,f,8c6e4e,2021-03-16T02:33:56.678Z
c4a632,3,13,18,t,24ecca,2021-01-20T02:36:26.496Z
e83aa3,2,32,18,t,24ecca,2021-01-20T02:36:26.496Z
e31d39,3,10,18,t,24ecca,2021-01-20T02:36:26.496Z
c8d436,3,10,18,t,24ecca,2021-01-20T02:36:26.496Z
2a2353,3,57,18,t,24ecca,2021-01-20T02:36:26.496Z
f084eb,4,36,18,t,24ecca,2021-01-20T02:36:26.496Z
e83aa3,5,32,11,t,806dc9,2021-02-09T17:31:12.432Z
d5e9a6,5,23,11,t,806dc9,2021-02-09T17:31:12.432Z
72f5d4,1,19,11,t,806dc9,2021-02-09T17:31:12.432Z
f084eb,2,36,11,t,806dc9,2021-02-09T17:31:12.432Z
b9a74d,5,17,11,t,806dc9,2021-02-09T17:31:12.432Z
e31d39,1,10,24,f,49ae6c,2021-03-17T20:04:32.044Z
72f5d4,5,19,24,f,49ae6c,2021-03-17T20:04:32.044Z
9ec847,4,54,24,f,49ae6c,2021-03-17T20:04:32.044Z
2a2353,4,57,24,f,49ae6c,2021-03-17T20:04:32.044Z
f084eb,5,36,24,f,49ae6c,2021-03-17T20:04:32.044Z
b9a74d,3,17,24,f,49ae6c,2021-03-17T20:04:32.044Z
e31d39,3,10,21,t,279a60,2021-01-17T08:56:01.449Z
72f5d4,3,19,21,t,279a60,2021-01-17T08:56:01.449Z
9ec847,4,54,21,t,279a60,2021-01-17T08:56:01.449Z
5d267b,3,40,21,t,279a60,2021-01-17T08:56:01.449Z
b9a74d,2,17,21,t,279a60,2021-01-17T08:56:01.449Z
c4a632,1,13,22,t,8dcc12,2021-03-20T07:19:36.192Z
e31d39,1,10,22,t,8dcc12,2021-03-20T07:19:36.192Z
9ec847,3,54,22,t,8dcc12,2021-03-20T07:19:36.192Z
c8d436,1,10,22,t,8dcc12,2021-03-20T07:19:36.192Z
2a2353,3,57,22,t,8dcc12,2021-03-20T07:19:36.192Z
b9a74d,4,17,22,t,8dcc12,2021-03-20T07:19:36.192Z
2feb6b,1,29,22,t,8dcc12,2021-03-20T07:19:36.192Z
c4a632,3,13,4,f,caede9,2021-02-06T17:37:31.900Z
e83aa3,3,32,4,f,caede9,2021-02-06T17:37:31.900Z
72f5d4,4,19,4,f,caede9,2021-02-06T17:37:31.900Z
5d267b,2,40,4,f,caede9,2021-02-06T17:37:31.900Z
2a2353,1,57,4,f,caede9,2021-02-06T17:37:31.900Z
2feb6b,5,29,4,f,caede9,2021-02-06T17:37:31.900Z
c4a632,5,13,0,f,93306c,2021-01-16T12:00:03.628Z
e31d39,5,10,0,f,93306c,2021-01-16T12:00:03.628Z
d5e9a6,2,23,0,f,93306c,2021-01-16T12:00:03.628Z
9ec847,2,54,0,f,93306c,2021-01-16T12:00:03.628Z
c8d436,5,10,0,f,93306c,2021-01-16T12:00:03.628Z
b9a74d,2,17,0,f,93306c,2021-01-16T12:00:03.628Z
2feb6b,1,29,0,f,93306c,2021-01-16T12:00:03.628Z
e83aa3,3,32,1,f,37546c,2021-03-11T09:55:01.430Z
9ec847,3,54,1,f,37546c,2021-03-11T09:55:01.430Z
c8d436,3,10,1,f,37546c,2021-03-11T09:55:01.430Z
2a2353,1,57,1,f,37546c,2021-03-11T09:55:01.430Z
f084eb,1,36,1,f,37546c,2021-03-11T09:55:01.430Z
b9a74d,1,17,1,f,37546c,2021-03-11T09:55:01.430Z
2feb6b,5,29,1,f,37546c,2021-03-11T09:55:01.430Z
c4a632,3,13,15,f,6d624d,2021-02-06T03:01:55.603Z
e83aa3,4,32,15,f,6d624d,2021-02-06T03:01:55.603Z
72f5d4,5,19,15,f,6d624d,2021-02-06T03:01:55.603Z
9ec847,2,54,15,f,6d624d,2021-02-06T03:01:55.603Z
2a2353,1,57,15,f,6d624d,2021-02-06T03:01:55.603Z
b9a74d,4,17,15,f,6d624d,2021-02-06T03:01:55.603Z
c4a632,3,13,10,t,b87de2,2021-02-18T04:34:05.376Z
e83aa3,3,32,10,t,b87de2,2021-02-18T04:34:05.376Z
c8d436,4,10,10,t,b87de2,2021-02-18T04:34:05.376Z
b9a74d,2,17,10,t,b87de2,2021-02-18T04:34:05.376Z
e31d39,2,10,0,t,80f5b3,2021-01-20T18:51:02.793Z
d5e9a6,1,23,0,t,80f5b3,2021-01-20T18:51:02.793Z
72f5d4,1,19,0,t,80f5b3,2021-01-20T18:51:02.793Z
c4a632,3,13,12,f,f8d268,2021-02-11T23:21:40.809Z
e83aa3,1,32,12,f,f8d268,2021-02-11T23:21:40.809Z
9ec847,5,54,12,f,f8d268,2021-02-11T23:21:40.809Z
5d267b,3,40,12,f,f8d268,2021-02-11T23:21:40.809Z
c8d436,4,10,12,f,f8d268,2021-02-11T23:21:40.809Z
2a2353,4,57,12,f,f8d268,2021-02-11T23:21:40.809Z
f084eb,3,36,12,f,f8d268,2021-02-11T23:21:40.809Z
2feb6b,2,29,12,f,f8d268,2021-02-11T23:21:40.809Z
c4a632,1,13,2,t,38d87c,2021-01-14T14:02:21.321Z
e31d39,4,10,2,t,38d87c,2021-01-14T14:02:21.321Z
d5e9a6,3,23,2,t,38d87c,2021-01-14T14:02:21.321Z
9ec847,4,54,2,t,38d87c,2021-01-14T14:02:21.321Z
c8d436,4,10,2,t,38d87c,2021-01-14T14:02:21.321Z
2feb6b,5,29,2,t,38d87c,2021-01-14T14:02:21.321Z
e83aa3,3,32,9,t,210d78,2021-02-24T06:25:17.184Z
d5e9a6,5,23,9,t,210d78,2021-02-24T06:25:17.184Z
72f5d4,2,19,9,t,210d78,2021-02-24T06:25:17.184Z
5d267b,3,40,9,t,210d78,2021-02-24T06:25:17.184Z
c8d436,1,10,9,t,210d78,2021-02-24T06:25:17.184Z
2a2353,3,57,9,t,210d78,2021-02-24T06:25:17.184Z
f084eb,3,36,9,t,210d78,2021-02-24T06:25:17.184Z
9ec847,2,54,0,f,97333b,2021-03-18T17:35:34.051Z
5d267b,5,40,0,f,97333b,2021-03-18T17:35:34.051Z
2a2353,4,57,0,f,97333b,2021-03-18T17:35:34.051Z
f084eb,1,36,0,f,97333b,2021-03-18T17:35:34.051Z
e83aa3,5,32,22,f,18bbaa,2021-01-21T21:56:04.934Z
72f5d4,2,19,22,f,18bbaa,2021-01-21T21:56:04.934Z
2a2353,2,57,22,f,18bbaa,2021-01-21T21:56:04.934Z
c4a632,3,13,6,t,bc94ee,2021-03-05T10:30:53.913Z
e83aa3,4,32,6,t,bc94ee,2021-03-05T10:30:53.913Z
e31d39,3,10,6,t,bc94ee,2021-03-05T10:30:53.913Z
9ec847,5,54,6,t,bc94ee,2021-03-05T10:30:53.913Z
5d267b,5,40,6,t,bc94ee,2021-03-05T10:30:53.913Z
2a2353,5,57,6,t,bc94ee,2021-03-05T10:30:53.913Z
b9a74d,2,17,6,t,bc94ee,2021-03-05T10:30:53.913Z
2feb6b,5,29,6,t,bc94ee,2021-03-05T10:30:53.913Z
e31d39,3,10,0,f,e934c3,2021-02-03T20:47:53.203Z
d5e9a6,5,23,0,f,e934c3,2021-02-03T20:47:53.203Z
72f5d4,4,19,0,f,e934c3,2021-02-03T20:47:53.203Z
5d267b,1,40,0,f,e934c3,2021-02-03T20:47:53.203Z
c8d436,3,10,0,f,e934c3,2021-02-03T20:47:53.203Z
c4a632,4,13,18,f,523858,2021-01-18T13:10:06.643Z
e83aa3,3,32,18,f,523858,2021-01-18T13:10:06.643Z
e31d39,4,10,18,f,523858,2021-01-18T13:10:06.643Z
2feb6b,2,29,18,f,523858,2021-01-18T13:10:06.643Z
e83aa3,3,32,8,f,b9972f,2021-03-11T05:43:56.726Z
d5e9a6,3,23,8,f,b9972f,2021-03-11T05:43:56.726Z
c8d436,4,10,8,f,b9972f,2021-03-11T05:43:56.726Z
2a2353,3,57,8,f,b9972f,2021-03-11T05:43:56.726Z
f084eb,3,36,8,f,b9972f,2021-03-11T05:43:56.726Z
b9a74d,3,17,8,f,b9972f,2021-03-11T05:43:56.726Z
5d267b,1,40,4,t,bcb2d1,2021-03-02T00:44:10.924Z
2a2353,2,57,4,t,bcb2d1,2021-03-02T00:44:10.924Z
2feb6b,3,29,4,t,bcb2d1,2021-03-02T00:44:10.924Z
c4a632,1,13,1,t,4cc826,2021-01-13T06:48:30.556Z
e31d39,3,10,1,t,4cc826,2021-01-13T06:48:30.556Z
9ec847,1,54,1,t,4cc826,2021-01-13T06:48:30.556Z
5d267b,1,40,1,t,4cc826,2021-01-13T06:48:30.556Z
2a2353,5,57,1,t,4cc826,2021-01-13T06:48:30.556Z
f084eb,3,36,1,t,4cc826,2021-01-13T06:48:30.556Z
b9a74d,5,17,1,t,4cc826,2021-01-13T06:48:30.556Z
2feb6b,5,29,1,t,4cc826,2021-01-13T06:48:30.556Z
e83aa3,4,32,1,t,e95b42,2021-03-26T18:11:55.219Z
e31d39,1,10,1,t,e95b42,2021-03-26T18:11:55.219Z
9ec847,3,54,1,t,e95b42,2021-03-26T18:11:55.219Z
5d267b,5,40,1,t,e95b42,2021-03-26T18:11:55.219Z
2a2353,2,57,1,t,e95b42,2021-03-26T18:11:55.219Z
f084eb,3,36,1,t,e95b42,2021-03-26T18:11:55.219Z
2feb6b,3,29,1,t,e95b42,2021-03-26T18:11:55.219Z
e83aa3,5,32,15,t,ec6d13,2021-02-15T16:10:34.723Z
e31d39,1,10,15,t,ec6d13,2021-02-15T16:10:34.723Z
d5e9a6,1,23,15,t,ec6d13,2021-02-15T16:10:34.723Z
9ec847,2,54,15,t,ec6d13,2021-02-15T16:10:34.723Z
5d267b,2,40,15,t,ec6d13,2021-02-15T16:10:34.723Z
f084eb,3,36,15,t,ec6d13,2021-02-15T16:10:34.723Z
e83aa3,4,32,11,f,59b042,2021-01-16T12:58:24.124Z
e31d39,1,10,11,f,59b042,2021-01-16T12:58:24.124Z
72f5d4,4,19,11,f,59b042,2021-01-16T12:58:24.124Z
9ec847,3,54,11,f,59b042,2021-01-16T12:58:24.124Z
c8d436,1,10,11,f,59b042,2021-01-16T12:58:24.124Z
2a2353,4,57,11,f,59b042,2021-01-16T12:58:24.124Z
c4a632,5,13,15,f,fccb35,2021-01-06T16:11:33.648Z
e83aa3,1,32,15,f,fccb35,2021-01-06T16:11:33.648Z
e31d39,3,10,15,f,fccb35,2021-01-06T16:11:33.648Z
9ec847,2,54,15,f,fccb35,2021-01-06T16:11:33.648Z
c8d436,3,10,15,f,fccb35,2021-01-06T16:11:33.648Z
2a2353,1,57,15,f,fccb35,2021-01-06T16:11:33.648Z
b9a74d,1,17,15,f,fccb35,2021-01-06T16:11:33.648Z
e83aa3,2,32,24,t,eae5ed,2021-02-08T06:54:36.892Z
72f5d4,2,19,24,t,eae5ed,2021-02-08T06:54:36.892Z
9ec847,3,54,24,t,eae5ed,2021-02-08T06:54:36.892Z
5d267b,3,40,24,t,eae5ed,2021-02-08T06:54:36.892Z
c8d436,1,10,24,t,eae5ed,2021-02-08T06:54:36.892Z
2a2353,3,57,24,t,eae5ed,2021-02-08T06:54:36.892Z
2feb6b,5,29,24,t,eae5ed,2021-02-08T06:54:36.892Z
9ec847,1,54,13,t,a289b2,2021-01-10T10:19:58.915Z
2a2353,3,57,13,t,a289b2,2021-01-10T10:19:58.915Z
f084eb,5,36,13,t,a289b2,2021-01-10T10:19:58.915Z
b9a74d,1,17,13,t,a289b2,2021-01-10T10:19:58.915Z
2feb6b,5,29,13,t,a289b2,2021-01-10T10:19:58.915Z
c4a632,2,13,9,t,a330d2,2021-02-22T00:48:21.052Z
e83aa3,3,32,9,t,a330d2,2021-02-22T00:48:21.052Z
9ec847,2,54,9,t,a330d2,2021-02-22T00:48:21.052Z
5d267b,5,40,9,t,a330d2,2021-02-22T00:48:21.052Z
f084eb,4,36,9,t,a330d2,2021-02-22T00:48:21.052Z
b9a74d,1,17,9,t,a330d2,2021-02-22T00:48:21.052Z
72f5d4,3,19,17,t,b727fa,2021-03-20T08:32:40.214Z
2a2353,5,57,17,t,b727fa,2021-03-20T08:32:40.214Z
f084eb,3,36,17,t,b727fa,2021-03-20T08:32:40.214Z
2feb6b,1,29,17,t,b727fa,2021-03-20T08:32:40.214Z
c4a632,4,13,4,f,87c1a3,2021-02-25T21:13:24.384Z
e83aa3,1,32,4,f,87c1a3,2021-02-25T21:13:24.384Z
d5e9a6,2,23,4,f,87c1a3,2021-02-25T21:13:24.384Z
72f5d4,4,19,4,f,87c1a3,2021-02-25T21:13:24.384Z
c8d436,1,10,4,f,87c1a3,2021-02-25T21:13:24.384Z
2a2353,1,57,4,f,87c1a3,2021-02-25T21:13:24.384Z
b9a74d,5,17,4,f,87c1a3,2021-02-25T21:13:24.384Z
2feb6b,3,29,4,f,87c1a3,2021-02-25T21:13:24.384Z
c4a632,3,13,21,t,0443d3,2021-02-16T00:13:24.556Z
5d267b,3,40,21,t,0443d3,2021-02-16T00:13:24.556Z
c8d436,4,10,21,t,0443d3,2021-02-16T00:13:24.556Z
f084eb,2,36,21,t,0443d3,2021-02-16T00:13:24.556Z
b9a74d,1,17,21,t,0443d3,2021-02-16T00:13:24.556Z
d5e9a6,4,23,24,f,ffac3f,2021-01-12T11:35:41.395Z
72f5d4,5,19,24,f,ffac3f,2021-01-12T11:35:41.395Z
9ec847,4,54,24,f,ffac3f,2021-01-12T11:35:41.395Z
5d267b,4,40,24,f,ffac3f,2021-01-12T11:35:41.395Z
2a2353,1,57,24,f,ffac3f,2021-01-12T11:35:41.395Z
b9a74d,2,17,24,f,ffac3f,2021-01-12T11:35:41.395Z
c4a632,1,13,1,t,c45494,2021-02-12T03:04:07.017Z
d5e9a6,2,23,1,t,c45494,2021-02-12T03:04:07.017Z
9ec847,4,54,1,t,c45494,2021-02-12T03:04:07.017Z
c8d436,2,10,1,t,c45494,2021-02-12T03:04:07.017Z
f084eb,2,36,1,t,c45494,2021-02-12T03:04:07.017Z
b9a74d,5,17,1,t,c45494,2021-02-12T03:04:07.017Z
2feb6b,5,29,1,t,c45494,2021-02-12T03:04:07.017Z
d5e9a6,4,23,1,t,0b1b32,2021-03-06T13:21:46.224Z
5d267b,4,40,1,t,0b1b32,2021-03-06T13:21:46.224Z
2a2353,2,57,1,t,0b1b32,2021-03-06T13:21:46.224Z
2feb6b,1,29,1,t,0b1b32,2021-03-06T13:21:46.224Z
c4a632,5,13,22,t,932588,2021-01-15T00:00:17.107Z
e83aa3,3,32,22,t,932588,2021-01-15T00:00:17.107Z
e31d39,4,10,22,t,932588,2021-01-15T00:00:17.107Z
d5e9a6,1,23,22,t,932588,2021-01-15T00:00:17.107Z
9ec847,5,54,22,t,932588,2021-01-15T00:00:17.107Z
5d267b,3,40,22,t,932588,2021-01-15T00:00:17.107Z
c8d436,4,10,22,t,932588,2021-01-15T00:00:17.107Z
2a2353,5,57,22,t,932588,2021-01-15T00:00:17.107Z
f084eb,4,36,22,t,932588,2021-01-15T00:00:17.107Z
2feb6b,3,29,22,t,932588,2021-01-15T00:00:17.107Z
c4a632,3,13,10,t,04e647,2021-01-29T18:35:41.769Z
e83aa3,2,32,10,t,04e647,2021-01-29T18:35:41.769Z
d5e9a6,1,23,10,t,04e647,2021-01-29T18:35:41.769Z
9ec847,5,54,10,t,04e647,2021-01-29T18:35:41.769Z
c8d436,1,10,10,t,04e647,2021-01-29T18:35:41.769Z
f084eb,4,36,10,t,04e647,2021-01-29T18:35:41.769Z
b9a74d,3,17,10,t,04e647,2021-01-29T18:35:41.769Z
d5e9a6,3,23,14,t,6c55d4,2021-02-24T13:02:01.766Z
72f5d4,3,19,14,t,6c55d4,2021-02-24T13:02:01.766Z
9ec847,2,54,14,t,6c55d4,2021-02-24T13:02:01.766Z
2a2353,1,57,14,t,6c55d4,2021-02-24T13:02:01.766Z
f084eb,1,36,14,t,6c55d4,2021-02-24T13:02:01.766Z
b9a74d,1,17,14,t,6c55d4,2021-02-24T13:02:01.766Z
c4a632,3,13,0,f,d2c3ee,2021-02-11T08:41:08.592Z
d5e9a6,2,23,0,f,d2c3ee,2021-02-11T08:41:08.592Z
72f5d4,3,19,0,f,d2c3ee,2021-02-11T08:41:08.592Z
9ec847,3,54,0,f,d2c3ee,2021-02-11T08:41:08.592Z
c8d436,3,10,0,f,d2c3ee,2021-02-11T08:41:08.592Z
2a2353,1,57,0,f,d2c3ee,2021-02-11T08:41:08.592Z
f084eb,1,36,0,f,d2c3ee,2021-02-11T08:41:08.592Z
b9a74d,4,17,0,f,d2c3ee,2021-02-11T08:41:08.592Z
2feb6b,2,29,0,f,d2c3ee,2021-02-11T08:41:08.592Z
c4a632,5,13,15,f,be8887,2021-03-18T20:35:05.452Z
72f5d4,4,19,15,f,be8887,2021-03-18T20:35:05.452Z
2a2353,2,57,15,f,be8887,2021-03-18T20:35:05.452Z
f084eb,1,36,15,f,be8887,2021-03-18T20:35:05.452Z
b9a74d,2,17,15,f,be8887,2021-03-18T20:35:05.452Z
2feb6b,3,29,15,f,be8887,2021-03-18T20:35:05.452Z
72f5d4,4,19,0,t,76877,2021-02-05T10:01:15.974Z
9ec847,3,54,0,t,76877,2021-02-05T10:01:15.974Z
c8d436,5,10,0,t,76877,2021-02-05T10:01:15.974Z
2a2353,2,57,0,t,76877,2021-02-05T10:01:15.974Z
f084eb,2,36,0,t,76877,2021-02-05T10:01:15.974Z
b9a74d,3,17,0,t,76877,2021-02-05T10:01:15.974Z
2feb6b,5,29,0,t,76877,2021-02-05T10:01:15.974Z
e31d39,5,10,16,f,851d42,2021-02-19T16:59:56.428Z
c8d436,4,10,16,f,851d42,2021-02-19T16:59:56.428Z
2a2353,2,57,16,f,851d42,2021-02-19T16:59:56.428Z
b9a74d,4,17,16,f,851d42,2021-02-19T16:59:56.428Z
e83aa3,1,32,20,f,1d89d5,2021-02-08T11:01:08.659Z
e31d39,5,10,20,f,1d89d5,2021-02-08T11:01:08.659Z
72f5d4,5,19,20,f,1d89d5,2021-02-08T11:01:08.659Z
5d267b,2,40,20,f,1d89d5,2021-02-08T11:01:08.659Z
c8d436,4,10,20,f,1d89d5,2021-02-08T11:01:08.659Z
f084eb,5,36,20,f,1d89d5,2021-02-08T11:01:08.659Z
b9a74d,3,17,20,f,1d89d5,2021-02-08T11:01:08.659Z
2feb6b,1,29,20,f,1d89d5,2021-02-08T11:01:08.659Z
c4a632,3,13,5,f,0a1413,2021-03-28T23:12:16.444Z
e83aa3,3,32,5,f,0a1413,2021-03-28T23:12:16.444Z
72f5d4,5,19,5,f,0a1413,2021-03-28T23:12:16.444Z
9ec847,5,54,5,f,0a1413,2021-03-28T23:12:16.444Z
c8d436,4,10,5,f,0a1413,2021-03-28T23:12:16.444Z
f084eb,4,36,5,f,0a1413,2021-03-28T23:12:16.444Z
e83aa3,1,32,5,t,fd84a1,2021-01-28T04:14:05.280Z
d5e9a6,1,23,5,t,fd84a1,2021-01-28T04:14:05.280Z
2a2353,5,57,5,t,fd84a1,2021-01-28T04:14:05.280Z
b9a74d,4,17,5,t,fd84a1,2021-01-28T04:14:05.280Z
2feb6b,2,29,5,t,fd84a1,2021-01-28T04:14:05.280Z
c4a632,1,13,11,t,5abf04,2021-01-06T20:38:15.705Z
e31d39,4,10,11,t,5abf04,2021-01-06T20:38:15.705Z
72f5d4,3,19,11,t,5abf04,2021-01-06T20:38:15.705Z
5d267b,5,40,11,t,5abf04,2021-01-06T20:38:15.705Z
c8d436,1,10,11,t,5abf04,2021-01-06T20:38:15.705Z
2a2353,3,57,11,t,5abf04,2021-01-06T20:38:15.705Z
2feb6b,5,29,11,t,5abf04,2021-01-06T20:38:15.705Z
c4a632,4,13,6,t,7d1968,2021-02-17T12:39:35.740Z
e83aa3,2,32,6,t,7d1968,2021-02-17T12:39:35.740Z
5d267b,1,40,6,t,7d1968,2021-02-17T12:39:35.740Z
2a2353,4,57,6,t,7d1968,2021-02-17T12:39:35.740Z
b9a74d,2,17,6,t,7d1968,2021-02-17T12:39:35.740Z
c4a632,3,13,14,f,7e6d02,2021-03-20T07:12:58.320Z
e83aa3,2,32,14,f,7e6d02,2021-03-20T07:12:58.320Z
9ec847,5,54,14,f,7e6d02,2021-03-20T07:12:58.320Z
f084eb,1,36,14,f,7e6d02,2021-03-20T07:12:58.320Z
b9a74d,3,17,14,f,7e6d02,2021-03-20T07:12:58.320Z
c4a632,1,13,6,t,73ac52,2021-03-21T06:38:21.350Z
e83aa3,1,32,6,t,73ac52,2021-03-21T06:38:21.350Z
e31d39,2,10,6,t,73ac52,2021-03-21T06:38:21.350Z
9ec847,3,54,6,t,73ac52,2021-03-21T06:38:21.350Z
5d267b,2,40,6,t,73ac52,2021-03-21T06:38:21.350Z
c8d436,1,10,6,t,73ac52,2021-03-21T06:38:21.350Z
2a2353,5,57,6,t,73ac52,2021-03-21T06:38:21.350Z
f084eb,5,36,6,t,73ac52,2021-03-21T06:38:21.350Z
2feb6b,4,29,6,t,73ac52,2021-03-21T06:38:21.350Z
e83aa3,4,32,18,t,8ac2b6,2021-03-10T12:43:44.227Z
e31d39,2,10,18,t,8ac2b6,2021-03-10T12:43:44.227Z
d5e9a6,5,23,18,t,8ac2b6,2021-03-10T12:43:44.227Z
9ec847,2,54,18,t,8ac2b6,2021-03-10T12:43:44.227Z
5d267b,1,40,18,t,8ac2b6,2021-03-10T12:43:44.227Z
b9a74d,4,17,18,t,8ac2b6,2021-03-10T12:43:44.227Z
e83aa3,2,32,6,t,cc1968,2021-02-14T02:21:50.918Z
72f5d4,2,19,6,t,cc1968,2021-02-14T02:21:50.918Z
9ec847,4,54,6,t,cc1968,2021-02-14T02:21:50.918Z
5d267b,1,40,6,t,cc1968,2021-02-14T02:21:50.918Z
c8d436,1,10,6,t,cc1968,2021-02-14T02:21:50.918Z
2a2353,4,57,6,t,cc1968,2021-02-14T02:21:50.918Z
f084eb,1,36,6,t,cc1968,2021-02-14T02:21:50.918Z
b9a74d,2,17,6,t,cc1968,2021-02-14T02:21:50.918Z
2feb6b,3,29,6,t,cc1968,2021-02-14T02:21:50.918Z
e83aa3,4,32,10,f,f93b25,2021-02-09T16:21:12.528Z
e31d39,3,10,10,f,f93b25,2021-02-09T16:21:12.528Z
d5e9a6,1,23,10,f,f93b25,2021-02-09T16:21:12.528Z
9ec847,5,54,10,f,f93b25,2021-02-09T16:21:12.528Z
c8d436,4,10,10,f,f93b25,2021-02-09T16:21:12.528Z
b9a74d,1,17,10,f,f93b25,2021-02-09T16:21:12.528Z
2feb6b,5,29,10,f,f93b25,2021-02-09T16:21:12.528Z
e31d39,1,10,15,t,278ec0,2021-01-06T10:24:01.353Z
f084eb,5,36,15,t,278ec0,2021-01-06T10:24:01.353Z
e83aa3,5,32,22,f,763c04,2021-03-25T18:04:45.206Z
d5e9a6,4,23,22,f,763c04,2021-03-25T18:04:45.206Z
72f5d4,2,19,22,f,763c04,2021-03-25T18:04:45.206Z
9ec847,4,54,22,f,763c04,2021-03-25T18:04:45.206Z
5d267b,2,40,22,f,763c04,2021-03-25T18:04:45.206Z
c8d436,1,10,22,f,763c04,2021-03-25T18:04:45.206Z
f084eb,4,36,22,f,763c04,2021-03-25T18:04:45.206Z
c4a632,5,13,11,t,a675c1,2021-03-18T20:34:28.905Z
e83aa3,4,32,11,t,a675c1,2021-03-18T20:34:28.905Z
d5e9a6,4,23,11,t,a675c1,2021-03-18T20:34:28.905Z
9ec847,1,54,11,t,a675c1,2021-03-18T20:34:28.905Z
5d267b,5,40,11,t,a675c1,2021-03-18T20:34:28.905Z
2a2353,1,57,11,t,a675c1,2021-03-18T20:34:28.905Z
b9a74d,1,17,11,t,a675c1,2021-03-18T20:34:28.905Z
2feb6b,4,29,11,t,a675c1,2021-03-18T20:34:28.905Z
c4a632,3,13,10,t,590691,2021-02-02T12:17:33.993Z
e83aa3,5,32,10,t,590691,2021-02-02T12:17:33.993Z
72f5d4,2,19,10,t,590691,2021-02-02T12:17:33.993Z
5d267b,4,40,10,t,590691,2021-02-02T12:17:33.993Z
b9a74d,1,17,10,t,590691,2021-02-02T12:17:33.993Z
2feb6b,3,29,10,t,590691,2021-02-02T12:17:33.993Z
e83aa3,4,32,9,t,fc6e9c,2021-02-04T23:31:15.801Z
e31d39,5,10,9,t,fc6e9c,2021-02-04T23:31:15.801Z
d5e9a6,3,23,9,t,fc6e9c,2021-02-04T23:31:15.801Z
9ec847,2,54,9,t,fc6e9c,2021-02-04T23:31:15.801Z
5d267b,2,40,9,t,fc6e9c,2021-02-04T23:31:15.801Z
c8d436,1,10,9,t,fc6e9c,2021-02-04T23:31:15.801Z
2a2353,1,57,9,t,fc6e9c,2021-02-04T23:31:15.801Z
f084eb,1,36,9,t,fc6e9c,2021-02-04T23:31:15.801Z
2feb6b,4,29,9,t,fc6e9c,2021-02-04T23:31:15.801Z
c4a632,3,13,1,t,c88d7c,2021-02-04T13:00:51.609Z
e31d39,4,10,1,t,c88d7c,2021-02-04T13:00:51.609Z
72f5d4,4,19,1,t,c88d7c,2021-02-04T13:00:51.609Z
5d267b,1,40,1,t,c88d7c,2021-02-04T13:00:51.609Z
c8d436,1,10,1,t,c88d7c,2021-02-04T13:00:51.609Z
f084eb,5,36,1,t,c88d7c,2021-02-04T13:00:51.609Z
b9a74d,2,17,1,t,c88d7c,2021-02-04T13:00:51.609Z
2feb6b,5,29,1,t,c88d7c,2021-02-04T13:00:51.609Z
e83aa3,2,32,6,f,df6cba,2021-01-22T16:10:38.352Z
e31d39,4,10,6,f,df6cba,2021-01-22T16:10:38.352Z
d5e9a6,2,23,6,f,df6cba,2021-01-22T16:10:38.352Z
9ec847,5,54,6,f,df6cba,2021-01-22T16:10:38.352Z
5d267b,1,40,6,f,df6cba,2021-01-22T16:10:38.352Z
c8d436,4,10,6,f,df6cba,2021-01-22T16:10:38.352Z
f084eb,4,36,6,f,df6cba,2021-01-22T16:10:38.352Z
b9a74d,2,17,6,f,df6cba,2021-01-22T16:10:38.352Z
c4a632,4,13,23,f,5ee465,2021-01-20T19:21:01.209Z
e31d39,5,10,23,f,5ee465,2021-01-20T19:21:01.209Z
5d267b,5,40,23,f,5ee465,2021-01-20T19:21:01.209Z
c8d436,3,10,23,f,5ee465,2021-01-20T19:21:01.209Z
2a2353,2,57,23,f,5ee465,2021-01-20T19:21:01.209Z
b9a74d,5,17,23,f,5ee465,2021-01-20T19:21:01.209Z
c4a632,3,13,12,f,c2ba90,2021-03-22T01:51:45.936Z
e83aa3,5,32,12,f,c2ba90,2021-03-22T01:51:45.936Z
e31d39,1,10,12,f,c2ba90,2021-03-22T01:51:45.936Z
d5e9a6,2,23,12,f,c2ba90,2021-03-22T01:51:45.936Z
72f5d4,5,19,12,f,c2ba90,2021-03-22T01:51:45.936Z
9ec847,2,54,12,f,c2ba90,2021-03-22T01:51:45.936Z
f084eb,3,36,12,f,c2ba90,2021-03-22T01:51:45.936Z
b9a74d,5,17,12,f,c2ba90,2021-03-22T01:51:45.936Z
2feb6b,2,29,12,f,c2ba90,2021-03-22T01:51:45.936Z
c4a632,4,13,4,f,369b7a,2021-02-19T10:53:59.424Z
e83aa3,5,32,4,f,369b7a,2021-02-19T10:53:59.424Z
e31d39,1,10,4,f,369b7a,2021-02-19T10:53:59.424Z
d5e9a6,5,23,4,f,369b7a,2021-02-19T10:53:59.424Z
9ec847,5,54,4,f,369b7a,2021-02-19T10:53:59.424Z
f084eb,2,36,4,f,369b7a,2021-02-19T10:53:59.424Z
2feb6b,2,29,4,f,369b7a,2021-02-19T10:53:59.424Z
e31d39,4,10,9,f,f0482e,2021-03-09T21:18:03.974Z
5d267b,2,40,9,f,f0482e,2021-03-09T21:18:03.974Z
b9a74d,2,17,9,f,f0482e,2021-03-09T21:18:03.974Z
2feb6b,4,29,9,f,f0482e,2021-03-09T21:18:03.974Z
c4a632,5,13,24,t,c78987,2021-02-16T10:00:29.232Z
e83aa3,4,32,24,t,c78987,2021-02-16T10:00:29.232Z
72f5d4,3,19,24,t,c78987,2021-02-16T10:00:29.232Z
9ec847,1,54,24,t,c78987,2021-02-16T10:00:29.232Z
5d267b,1,40,24,t,c78987,2021-02-16T10:00:29.232Z
2a2353,2,57,24,t,c78987,2021-02-16T10:00:29.232Z
f084eb,5,36,24,t,c78987,2021-02-16T10:00:29.232Z
c4a632,4,13,7,t,a40e68,2021-01-16T14:13:32.390Z
e83aa3,4,32,7,t,a40e68,2021-01-16T14:13:32.390Z
e31d39,1,10,7,t,a40e68,2021-01-16T14:13:32.390Z
72f5d4,4,19,7,t,a40e68,2021-01-16T14:13:32.390Z
9ec847,3,54,7,t,a40e68,2021-01-16T14:13:32.390Z
5d267b,3,40,7,t,a40e68,2021-01-16T14:13:32.390Z
e83aa3,3,32,19,t,29210a,2021-02-12T23:21:41.760Z
72f5d4,2,19,19,t,29210a,2021-02-12T23:21:41.760Z
9ec847,4,54,19,t,29210a,2021-02-12T23:21:41.760Z
5d267b,2,40,19,t,29210a,2021-02-12T23:21:41.760Z
c8d436,1,10,19,t,29210a,2021-02-12T23:21:41.760Z
2a2353,3,57,19,t,29210a,2021-02-12T23:21:41.760Z
b9a74d,2,17,19,t,29210a,2021-02-12T23:21:41.760Z
c4a632,5,13,2,f,c345f9,2021-03-25T23:56:50.006Z
e83aa3,3,32,2,f,c345f9,2021-03-25T23:56:50.006Z
e31d39,1,10,2,f,c345f9,2021-03-25T23:56:50.006Z
d5e9a6,3,23,2,f,c345f9,2021-03-25T23:56:50.006Z
5d267b,5,40,2,f,c345f9,2021-03-25T23:56:50.006Z
f084eb,4,36,2,f,c345f9,2021-03-25T23:56:50.006Z
b9a74d,1,17,2,f,c345f9,2021-03-25T23:56:50.006Z
2feb6b,5,29,2,f,c345f9,2021-03-25T23:56:50.006Z
c4a632,4,13,13,t,c0b546,2021-03-27T07:46:56.668Z
e31d39,2,10,13,t,c0b546,2021-03-27T07:46:56.668Z
9ec847,1,54,13,t,c0b546,2021-03-27T07:46:56.668Z
c8d436,1,10,13,t,c0b546,2021-03-27T07:46:56.668Z
f084eb,5,36,13,t,c0b546,2021-03-27T07:46:56.668Z
e31d39,3,10,1,t,cea8e3,2021-03-28T21:46:42.902Z
d5e9a6,3,23,1,t,cea8e3,2021-03-28T21:46:42.902Z
72f5d4,3,19,1,t,cea8e3,2021-03-28T21:46:42.902Z
c8d436,1,10,1,t,cea8e3,2021-03-28T21:46:42.902Z
b9a74d,4,17,1,t,cea8e3,2021-03-28T21:46:42.902Z
2feb6b,5,29,1,t,cea8e3,2021-03-28T21:46:42.902Z
e31d39,3,10,5,f,851436,2021-02-21T03:42:06.595Z
5d267b,5,40,5,f,851436,2021-02-21T03:42:06.595Z
c8d436,2,10,5,f,851436,2021-02-21T03:42:06.595Z
2a2353,1,57,5,f,851436,2021-02-21T03:42:06.595Z
2feb6b,4,29,5,f,851436,2021-02-21T03:42:06.595Z
72f5d4,3,19,6,t,e4ac03,2021-01-29T12:47:36.643Z
e31d39,4,10,4,f,163227,2021-03-29T02:58:44.227Z
5d267b,4,40,4,f,163227,2021-03-29T02:58:44.227Z
f084eb,5,36,4,f,163227,2021-03-29T02:58:44.227Z
d5e9a6,1,23,19,t,5edd34,2021-02-17T16:25:36.393Z
72f5d4,1,19,19,t,5edd34,2021-02-17T16:25:36.393Z
9ec847,4,54,19,t,5edd34,2021-02-17T16:25:36.393Z
2a2353,2,57,19,t,5edd34,2021-02-17T16:25:36.393Z
b9a74d,3,17,19,t,5edd34,2021-02-17T16:25:36.393Z
c4a632,3,13,12,f,9329eb,2021-02-18T21:46:41.174Z
d5e9a6,4,23,12,f,9329eb,2021-02-18T21:46:41.174Z
72f5d4,2,19,12,f,9329eb,2021-02-18T21:46:41.174Z
5d267b,1,40,12,f,9329eb,2021-02-18T21:46:41.174Z
e31d39,4,10,15,t,100143,2021-02-28T05:17:58.934Z
d5e9a6,4,23,15,t,100143,2021-02-28T05:17:58.934Z
72f5d4,3,19,15,t,100143,2021-02-28T05:17:58.934Z
5d267b,4,40,15,t,100143,2021-02-28T05:17:58.934Z
f084eb,3,36,15,t,100143,2021-02-28T05:17:58.934Z
b9a74d,2,17,15,t,100143,2021-02-28T05:17:58.934Z
c4a632,1,13,13,t,bb4063,2021-01-28T10:10:07.075Z
d5e9a6,3,23,13,t,bb4063,2021-01-28T10:10:07.075Z
9ec847,1,54,13,t,bb4063,2021-01-28T10:10:07.075Z
2feb6b,3,29,13,t,bb4063,2021-01-28T10:10:07.075Z
e83aa3,1,32,16,t,62e706,2021-03-22T18:11:31.891Z
e31d39,4,10,16,t,62e706,2021-03-22T18:11:31.891Z
b9a74d,3,17,16,t,62e706,2021-03-22T18:11:31.891Z
c4a632,1,13,0,t,90e0b0,2021-02-27T23:10:09.091Z
5d267b,2,40,0,t,90e0b0,2021-02-27T23:10:09.091Z
c8d436,4,10,0,t,90e0b0,2021-02-27T23:10:09.091Z
2a2353,5,57,0,t,90e0b0,2021-02-27T23:10:09.091Z
f084eb,4,36,0,t,90e0b0,2021-02-27T23:10:09.091Z
b9a74d,4,17,0,t,90e0b0,2021-02-27T23:10:09.091Z
2feb6b,2,29,0,t,90e0b0,2021-02-27T23:10:09.091Z
c4a632,2,13,22,f,ab6979,2021-01-01T12:10:10.934Z
d5e9a6,4,23,22,f,ab6979,2021-01-01T12:10:10.934Z
72f5d4,3,19,22,f,ab6979,2021-01-01T12:10:10.934Z
2a2353,1,57,22,f,ab6979,2021-01-01T12:10:10.934Z
b9a74d,5,17,22,f,ab6979,2021-01-01T12:10:10.934Z
e83aa3,2,32,21,f,dcabc7,2021-02-04T01:26:58.905Z
e31d39,3,10,21,f,dcabc7,2021-02-04T01:26:58.905Z
d5e9a6,1,23,21,f,dcabc7,2021-02-04T01:26:58.905Z
72f5d4,4,19,21,f,dcabc7,2021-02-04T01:26:58.905Z
9ec847,4,54,21,f,dcabc7,2021-02-04T01:26:58.905Z
5d267b,1,40,21,f,dcabc7,2021-02-04T01:26:58.905Z
c8d436,2,10,21,f,dcabc7,2021-02-04T01:26:58.905Z
2a2353,1,57,21,f,dcabc7,2021-02-04T01:26:58.905Z
f084eb,4,36,21,f,dcabc7,2021-02-04T01:26:58.905Z
e83aa3,3,32,10,t,7e8b46,2021-01-21T03:58:26.803Z
d5e9a6,5,23,10,t,7e8b46,2021-01-21T03:58:26.803Z
9ec847,3,54,10,t,7e8b46,2021-01-21T03:58:26.803Z
c8d436,5,10,10,t,7e8b46,2021-01-21T03:58:26.803Z
2feb6b,4,29,10,t,7e8b46,2021-01-21T03:58:26.803Z
e83aa3,1,32,18,f,27590c,2021-01-30T01:16:42.960Z
d5e9a6,5,23,18,f,27590c,2021-01-30T01:16:42.960Z
9ec847,3,54,18,f,27590c,2021-01-30T01:16:42.960Z
5d267b,4,40,18,f,27590c,2021-01-30T01:16:42.960Z
c8d436,5,10,18,f,27590c,2021-01-30T01:16:42.960Z
2a2353,1,57,18,f,27590c,2021-01-30T01:16:42.960Z
2feb6b,1,29,18,f,27590c,2021-01-30T01:16:42.960Z
c4a632,5,13,18,f,d7dc23,2021-02-25T07:45:59.644Z
e83aa3,4,32,18,f,d7dc23,2021-02-25T07:45:59.644Z
d5e9a6,4,23,18,f,d7dc23,2021-02-25T07:45:59.644Z
c8d436,2,10,18,f,d7dc23,2021-02-25T07:45:59.644Z
e31d39,4,10,17,t,4cfdf5,2021-02-26T18:16:43.536Z
9ec847,1,54,17,t,4cfdf5,2021-02-26T18:16:43.536Z
c8d436,3,10,17,t,4cfdf5,2021-02-26T18:16:43.536Z
2a2353,3,57,17,t,4cfdf5,2021-02-26T18:16:43.536Z
b9a74d,1,17,17,t,4cfdf5,2021-02-26T18:16:43.536Z
c4a632,2,13,3,f,256ee6,2021-01-08T08:09:21.916Z
e83aa3,4,32,3,f,256ee6,2021-01-08T08:09:21.916Z
e31d39,1,10,3,f,256ee6,2021-01-08T08:09:21.916Z
9ec847,5,54,3,f,256ee6,2021-01-08T08:09:21.916Z
5d267b,5,40,3,f,256ee6,2021-01-08T08:09:21.916Z
2feb6b,5,29,3,f,256ee6,2021-01-08T08:09:21.916Z
72f5d4,5,19,17,f,5d4bed,2021-01-09T00:34:40.425Z
c8d436,3,10,17,f,5d4bed,2021-01-09T00:34:40.425Z
b9a74d,4,17,17,f,5d4bed,2021-01-09T00:34:40.425Z
e31d39,5,10,14,t,4f56ad,2021-03-29T03:52:20.294Z
72f5d4,4,19,14,t,4f56ad,2021-03-29T03:52:20.294Z
9ec847,2,54,14,t,4f56ad,2021-03-29T03:52:20.294Z
2a2353,4,57,14,t,4f56ad,2021-03-29T03:52:20.294Z
f084eb,1,36,14,t,4f56ad,2021-03-29T03:52:20.294Z
e83aa3,1,32,18,t,feaf08,2021-03-04T21:32:13.200Z
e31d39,5,10,18,t,feaf08,2021-03-04T21:32:13.200Z
d5e9a6,4,23,18,t,feaf08,2021-03-04T21:32:13.200Z
9ec847,2,54,18,t,feaf08,2021-03-04T21:32:13.200Z
5d267b,2,40,18,t,feaf08,2021-03-04T21:32:13.200Z
f084eb,4,36,18,t,feaf08,2021-03-04T21:32:13.200Z
b9a74d,2,17,18,t,feaf08,2021-03-04T21:32:13.200Z
2feb6b,3,29,18,t,feaf08,2021-03-04T21:32:13.200Z
e83aa3,1,32,19,t,c6348b,2021-02-10T04:44:12.768Z
e31d39,4,10,19,t,c6348b,2021-02-10T04:44:12.768Z
9ec847,2,54,19,t,c6348b,2021-02-10T04:44:12.768Z
5d267b,5,40,19,t,c6348b,2021-02-10T04:44:12.768Z
c8d436,4,10,19,t,c6348b,2021-02-10T04:44:12.768Z
2a2353,2,57,19,t,c6348b,2021-02-10T04:44:12.768Z
b9a74d,1,17,19,t,c6348b,2021-02-10T04:44:12.768Z
2feb6b,5,29,19,t,c6348b,2021-02-10T04:44:12.768Z
c4a632,5,13,0,t,be9e73,2021-03-01T20:48:17.568Z
72f5d4,5,19,0,t,be9e73,2021-03-01T20:48:17.568Z
9ec847,4,54,0,t,be9e73,2021-03-01T20:48:17.568Z
c8d436,4,10,0,t,be9e73,2021-03-01T20:48:17.568Z
2a2353,2,57,0,t,be9e73,2021-03-01T20:48:17.568Z
f084eb,2,36,0,t,be9e73,2021-03-01T20:48:17.568Z
b9a74d,2,17,0,t,be9e73,2021-03-01T20:48:17.568Z
e31d39,3,10,8,t,f31144,2021-02-17T00:20:59.712Z
72f5d4,5,19,8,t,f31144,2021-02-17T00:20:59.712Z
2a2353,2,57,8,t,f31144,2021-02-17T00:20:59.712Z
f084eb,5,36,8,t,f31144,2021-02-17T00:20:59.712Z
b9a74d,5,17,8,t,f31144,2021-02-17T00:20:59.712Z
2feb6b,4,29,8,t,f31144,2021-02-17T00:20:59.712Z
e83aa3,1,32,18,t,9c46f7,2021-01-16T05:45:39.110Z
d5e9a6,2,23,18,t,9c46f7,2021-01-16T05:45:39.110Z
9ec847,4,54,18,t,9c46f7,2021-01-16T05:45:39.110Z
c8d436,3,10,18,t,9c46f7,2021-01-16T05:45:39.110Z
f084eb,5,36,18,t,9c46f7,2021-01-16T05:45:39.110Z
b9a74d,2,17,18,t,9c46f7,2021-01-16T05:45:39.110Z
2feb6b,2,29,18,t,9c46f7,2021-01-16T05:45:39.110Z
e83aa3,3,32,2,f,4ed307,2021-02-12T17:35:44.592Z
d5e9a6,5,23,2,f,4ed307,2021-02-12T17:35:44.592Z
72f5d4,2,19,2,f,4ed307,2021-02-12T17:35:44.592Z
9ec847,5,54,2,f,4ed307,2021-02-12T17:35:44.592Z
5d267b,2,40,2,f,4ed307,2021-02-12T17:35:44.592Z
c8d436,1,10,2,f,4ed307,2021-02-12T17:35:44.592Z
2a2353,5,57,2,f,4ed307,2021-02-12T17:35:44.592Z
f084eb,3,36,2,f,4ed307,2021-02-12T17:35:44.592Z
2feb6b,5,29,2,f,4ed307,2021-02-12T17:35:44.592Z
e83aa3,3,32,7,f,a7f760,2021-02-08T12:45:11.232Z
e31d39,4,10,7,f,a7f760,2021-02-08T12:45:11.232Z
d5e9a6,3,23,7,f,a7f760,2021-02-08T12:45:11.232Z
72f5d4,1,19,7,f,a7f760,2021-02-08T12:45:11.232Z
f084eb,3,36,7,f,a7f760,2021-02-08T12:45:11.232Z
2feb6b,2,29,7,f,a7f760,2021-02-08T12:45:11.232Z
e83aa3,1,32,21,f,265924,2021-03-17T13:37:43.017Z
72f5d4,2,19,21,f,265924,2021-03-17T13:37:43.017Z
9ec847,5,54,21,f,265924,2021-03-17T13:37:43.017Z
2a2353,4,57,21,f,265924,2021-03-17T13:37:43.017Z
f084eb,1,36,21,f,265924,2021-03-17T13:37:43.017Z
b9a74d,3,17,21,f,265924,2021-03-17T13:37:43.017Z
2feb6b,4,29,21,f,265924,2021-03-17T13:37:43.017Z
e31d39,3,10,14,t,d5b6ff,2021-01-18T05:04:23.232Z
72f5d4,2,19,14,t,d5b6ff,2021-01-18T05:04:23.232Z
9ec847,2,54,14,t,d5b6ff,2021-01-18T05:04:23.232Z
5d267b,3,40,14,t,d5b6ff,2021-01-18T05:04:23.232Z
c8d436,2,10,14,t,d5b6ff,2021-01-18T05:04:23.232Z
2a2353,4,57,14,t,d5b6ff,2021-01-18T05:04:23.232Z
f084eb,2,36,14,t,d5b6ff,2021-01-18T05:04:23.232Z
b9a74d,5,17,14,t,d5b6ff,2021-01-18T05:04:23.232Z
c4a632,5,13,4,t,e83133,2021-03-30T20:09:23.990Z
e83aa3,3,32,4,t,e83133,2021-03-30T20:09:23.990Z
e31d39,4,10,4,t,e83133,2021-03-30T20:09:23.990Z
d5e9a6,4,23,4,t,e83133,2021-03-30T20:09:23.990Z
f084eb,1,36,4,t,e83133,2021-03-30T20:09:23.990Z
b9a74d,2,17,4,t,e83133,2021-03-30T20:09:23.990Z
e83aa3,2,32,15,t,403f30,2021-01-04T14:48:25.430Z
72f5d4,1,19,15,t,403f30,2021-01-04T14:48:25.430Z
9ec847,5,54,15,t,403f30,2021-01-04T14:48:25.430Z
5d267b,1,40,15,t,403f30,2021-01-04T14:48:25.430Z
2a2353,3,57,15,t,403f30,2021-01-04T14:48:25.430Z
f084eb,1,36,15,t,403f30,2021-01-04T14:48:25.430Z
2feb6b,2,29,15,t,403f30,2021-01-04T14:48:25.430Z
c4a632,1,13,20,f,46905c,2021-02-14T00:35:53.606Z
e83aa3,5,32,20,f,46905c,2021-02-14T00:35:53.606Z
d5e9a6,4,23,20,f,46905c,2021-02-14T00:35:53.606Z
5d267b,2,40,20,f,46905c,2021-02-14T00:35:53.606Z
b9a74d,4,17,20,f,46905c,2021-02-14T00:35:53.606Z
e83aa3,2,32,16,f,80fd05,2021-03-13T08:48:53.078Z
9ec847,3,54,16,f,80fd05,2021-03-13T08:48:53.078Z
5d267b,1,40,16,f,80fd05,2021-03-13T08:48:53.078Z
2a2353,5,57,16,f,80fd05,2021-03-13T08:48:53.078Z
b9a74d,1,17,16,f,80fd05,2021-03-13T08:48:53.078Z
c4a632,3,13,6,t,9ccb99,2021-01-26T23:54:20.534Z
e31d39,4,10,6,t,9ccb99,2021-01-26T23:54:20.534Z
9ec847,2,54,6,t,9ccb99,2021-01-26T23:54:20.534Z
2a2353,2,57,6,t,9ccb99,2021-01-26T23:54:20.534Z
f084eb,2,36,6,t,9ccb99,2021-01-26T23:54:20.534Z
b9a74d,3,17,6,t,9ccb99,2021-01-26T23:54:20.534Z
2feb6b,1,29,6,t,9ccb99,2021-01-26T23:54:20.534Z
e31d39,2,10,11,f,5f4024,2021-03-23T23:14:46.694Z
d5e9a6,1,23,11,f,5f4024,2021-03-23T23:14:46.694Z
5d267b,3,40,11,f,5f4024,2021-03-23T23:14:46.694Z
c8d436,2,10,11,f,5f4024,2021-03-23T23:14:46.694Z
2a2353,3,57,11,f,5f4024,2021-03-23T23:14:46.694Z
f084eb,1,36,11,f,5f4024,2021-03-23T23:14:46.694Z
b9a74d,4,17,11,f,5f4024,2021-03-23T23:14:46.694Z
2feb6b,5,29,11,f,5f4024,2021-03-23T23:14:46.694Z
d5e9a6,2,23,11,f,afdefd,2021-02-01T02:14:29.587Z
72f5d4,4,19,11,f,afdefd,2021-02-01T02:14:29.587Z
5d267b,5,40,11,f,afdefd,2021-02-01T02:14:29.587Z
b9a74d,3,17,11,f,afdefd,2021-02-01T02:14:29.587Z
c4a632,5,13,8,t,cbbcf9,2021-01-14T01:13:08.428Z
e31d39,2,10,8,t,cbbcf9,2021-01-14T01:13:08.428Z
d5e9a6,5,23,8,t,cbbcf9,2021-01-14T01:13:08.428Z
2a2353,5,57,8,t,cbbcf9,2021-01-14T01:13:08.428Z
f084eb,1,36,8,t,cbbcf9,2021-01-14T01:13:08.428Z
b9a74d,1,17,8,t,cbbcf9,2021-01-14T01:13:08.428Z
c4a632,1,13,12,t,205552,2021-03-18T19:15:56.908Z
e83aa3,2,32,12,t,205552,2021-03-18T19:15:56.908Z
d5e9a6,3,23,12,t,205552,2021-03-18T19:15:56.908Z
72f5d4,5,19,12,t,205552,2021-03-18T19:15:56.908Z
5d267b,5,40,12,t,205552,2021-03-18T19:15:56.908Z
c8d436,4,10,12,t,205552,2021-03-18T19:15:56.908Z
b9a74d,4,17,12,t,205552,2021-03-18T19:15:56.908Z
c4a632,1,13,20,t,6c723b,2021-02-27T22:33:07.660Z
e83aa3,4,32,20,t,6c723b,2021-02-27T22:33:07.660Z
e31d39,5,10,20,t,6c723b,2021-02-27T22:33:07.660Z
c8d436,3,10,20,t,6c723b,2021-02-27T22:33:07.660Z
b9a74d,1,17,20,t,6c723b,2021-02-27T22:33:07.660Z
c4a632,1,13,19,t,e52c64,2021-02-26T19:38:07.987Z
e83aa3,1,32,19,t,e52c64,2021-02-26T19:38:07.987Z
e31d39,1,10,19,t,e52c64,2021-02-26T19:38:07.987Z
c8d436,2,10,19,t,e52c64,2021-02-26T19:38:07.987Z
2a2353,4,57,19,t,e52c64,2021-02-26T19:38:07.987Z
f084eb,4,36,19,t,e52c64,2021-02-26T19:38:07.987Z
b9a74d,5,17,19,t,e52c64,2021-02-26T19:38:07.987Z
2feb6b,2,29,19,t,e52c64,2021-02-26T19:38:07.987Z
c4a632,3,13,9,t,0e3eb7,2021-01-22T12:23:05.164Z
d5e9a6,5,23,9,t,0e3eb7,2021-01-22T12:23:05.164Z
72f5d4,3,19,9,t,0e3eb7,2021-01-22T12:23:05.164Z
f084eb,2,36,9,t,0e3eb7,2021-01-22T12:23:05.164Z
b9a74d,3,17,9,t,0e3eb7,2021-01-22T12:23:05.164Z
2feb6b,2,29,9,t,0e3eb7,2021-01-22T12:23:05.164Z
e83aa3,1,32,1,f,50109e,2021-01-21T00:42:14.630Z
e31d39,1,10,1,f,50109e,2021-01-21T00:42:14.630Z
d5e9a6,5,23,1,f,50109e,2021-01-21T00:42:14.630Z
72f5d4,4,19,1,f,50109e,2021-01-21T00:42:14.630Z
5d267b,3,40,1,f,50109e,2021-01-21T00:42:14.630Z
2a2353,4,57,1,f,50109e,2021-01-21T00:42:14.630Z
f084eb,5,36,1,f,50109e,2021-01-21T00:42:14.630Z
b9a74d,1,17,1,f,50109e,2021-01-21T00:42:14.630Z
c4a632,5,13,20,t,37a53b,2021-03-04T15:31:24.384Z
e83aa3,2,32,20,t,37a53b,2021-03-04T15:31:24.384Z
d5e9a6,3,23,20,t,37a53b,2021-03-04T15:31:24.384Z
9ec847,2,54,20,t,37a53b,2021-03-04T15:31:24.384Z
b9a74d,4,17,20,t,37a53b,2021-03-04T15:31:24.384Z
c4a632,1,13,15,f,f4f57b,2021-02-22T06:46:23.635Z
e83aa3,2,32,15,f,f4f57b,2021-02-22T06:46:23.635Z
d5e9a6,1,23,15,f,f4f57b,2021-02-22T06:46:23.635Z
72f5d4,5,19,15,f,f4f57b,2021-02-22T06:46:23.635Z
9ec847,5,54,15,f,f4f57b,2021-02-22T06:46:23.635Z
5d267b,4,40,15,f,f4f57b,2021-02-22T06:46:23.635Z
2a2353,5,57,15,f,f4f57b,2021-02-22T06:46:23.635Z
b9a74d,3,17,15,f,f4f57b,2021-02-22T06:46:23.635Z
2feb6b,5,29,15,f,f4f57b,2021-02-22T06:46:23.635Z
72f5d4,5,19,1,t,89bac2,2021-02-08T04:43:01.315Z
2a2353,2,57,1,t,89bac2,2021-02-08T04:43:01.315Z
2feb6b,4,29,1,t,89bac2,2021-02-08T04:43:01.315Z
e83aa3,1,32,19,f,50105b,2021-03-09T08:39:11.692Z
e31d39,1,10,19,f,50105b,2021-03-09T08:39:11.692Z
c8d436,4,10,19,f,50105b,2021-03-09T08:39:11.692Z
2a2353,3,57,19,f,50105b,2021-03-09T08:39:11.692Z
f084eb,3,36,19,f,50105b,2021-03-09T08:39:11.692Z
2feb6b,3,29,19,f,50105b,2021-03-09T08:39:11.692Z
c4a632,4,13,17,t,43c178,2021-01-24T23:19:40.195Z
e83aa3,2,32,17,t,43c178,2021-01-24T23:19:40.195Z
d5e9a6,3,23,17,t,43c178,2021-01-24T23:19:40.195Z
f084eb,2,36,17,t,43c178,2021-01-24T23:19:40.195Z
b9a74d,5,17,17,t,43c178,2021-01-24T23:19:40.195Z
2feb6b,4,29,17,t,43c178,2021-01-24T23:19:40.195Z
e31d39,2,10,14,t,1df689,2021-01-10T16:04:48.950Z
d5e9a6,2,23,14,t,1df689,2021-01-10T16:04:48.950Z
c8d436,1,10,14,t,1df689,2021-01-10T16:04:48.950Z
2a2353,4,57,14,t,1df689,2021-01-10T16:04:48.950Z
b9a74d,1,17,14,t,1df689,2021-01-10T16:04:48.950Z
2feb6b,2,29,14,t,1df689,2021-01-10T16:04:48.950Z
c4a632,2,13,0,t,a8492a,2021-01-03T00:40:24.384Z
d5e9a6,4,23,0,t,a8492a,2021-01-03T00:40:24.384Z
72f5d4,5,19,0,t,a8492a,2021-01-03T00:40:24.384Z
5d267b,3,40,0,t,a8492a,2021-01-03T00:40:24.384Z
2feb6b,4,29,0,t,a8492a,2021-01-03T00:40:24.384Z
e31d39,4,10,13,t,cbcab2,2021-01-17T15:01:31.152Z
72f5d4,3,19,13,t,cbcab2,2021-01-17T15:01:31.152Z
9ec847,4,54,13,t,cbcab2,2021-01-17T15:01:31.152Z
5d267b,2,40,13,t,cbcab2,2021-01-17T15:01:31.152Z
c8d436,1,10,13,t,cbcab2,2021-01-17T15:01:31.152Z
2a2353,5,57,13,t,cbcab2,2021-01-17T15:01:31.152Z
f084eb,1,36,13,t,cbcab2,2021-01-17T15:01:31.152Z
b9a74d,2,17,13,t,cbcab2,2021-01-17T15:01:31.152Z
2feb6b,2,29,13,t,cbcab2,2021-01-17T15:01:31.152Z
e83aa3,2,32,24,f,822084,2021-02-04T07:20:31.920Z
9ec847,3,54,24,f,822084,2021-02-04T07:20:31.920Z
f084eb,1,36,24,f,822084,2021-02-04T07:20:31.920Z
9ec847,2,54,23,t,c467bb,2021-03-11T08:03:10.051Z
c8d436,2,10,23,t,c467bb,2021-03-11T08:03:10.051Z
2a2353,5,57,23,t,c467bb,2021-03-11T08:03:10.051Z
f084eb,2,36,23,t,c467bb,2021-03-11T08:03:10.051Z
b9a74d,3,17,23,t,c467bb,2021-03-11T08:03:10.051Z
c4a632,5,13,21,t,4cb5b3,2021-01-03T00:06:50.832Z
72f5d4,5,19,21,t,4cb5b3,2021-01-03T00:06:50.832Z
9ec847,1,54,21,t,4cb5b3,2021-01-03T00:06:50.832Z
5d267b,5,40,21,t,4cb5b3,2021-01-03T00:06:50.832Z
2a2353,2,57,21,t,4cb5b3,2021-01-03T00:06:50.832Z
e31d39,1,10,17,f,1fc853,2021-03-17T09:29:21.955Z
d5e9a6,3,23,17,f,1fc853,2021-03-17T09:29:21.955Z
9ec847,5,54,17,f,1fc853,2021-03-17T09:29:21.955Z
c4a632,4,13,16,t,f07417,2021-02-19T20:28:35.529Z
e83aa3,1,32,16,t,f07417,2021-02-19T20:28:35.529Z
e31d39,2,10,16,t,f07417,2021-02-19T20:28:35.529Z
d5e9a6,1,23,16,t,f07417,2021-02-19T20:28:35.529Z
72f5d4,4,19,16,t,f07417,2021-02-19T20:28:35.529Z
9ec847,2,54,16,t,f07417,2021-02-19T20:28:35.529Z
5d267b,5,40,16,t,f07417,2021-02-19T20:28:35.529Z
c8d436,3,10,16,t,f07417,2021-02-19T20:28:35.529Z
2a2353,1,57,16,t,f07417,2021-02-19T20:28:35.529Z
f084eb,2,36,16,t,f07417,2021-02-19T20:28:35.529Z
e83aa3,3,32,8,f,8e62d5,2021-02-14T05:41:59.913Z
e31d39,4,10,8,f,8e62d5,2021-02-14T05:41:59.913Z
9ec847,3,54,8,f,8e62d5,2021-02-14T05:41:59.913Z
c4a632,2,13,21,t,7eea9b,2021-02-22T06:33:10.310Z
e83aa3,3,32,21,t,7eea9b,2021-02-22T06:33:10.310Z
d5e9a6,4,23,21,t,7eea9b,2021-02-22T06:33:10.310Z
72f5d4,1,19,21,t,7eea9b,2021-02-22T06:33:10.310Z
5d267b,1,40,21,t,7eea9b,2021-02-22T06:33:10.310Z
c8d436,4,10,21,t,7eea9b,2021-02-22T06:33:10.310Z
2a2353,3,57,21,t,7eea9b,2021-02-22T06:33:10.310Z
2feb6b,5,29,21,t,7eea9b,2021-02-22T06:33:10.310Z
c4a632,5,13,8,t,3641f3,2021-01-06T22:05:00.700Z
e83aa3,1,32,8,t,3641f3,2021-01-06T22:05:00.700Z
e31d39,3,10,8,t,3641f3,2021-01-06T22:05:00.700Z
d5e9a6,4,23,8,t,3641f3,2021-01-06T22:05:00.700Z
72f5d4,2,19,8,t,3641f3,2021-01-06T22:05:00.700Z
9ec847,5,54,8,t,3641f3,2021-01-06T22:05:00.700Z
5d267b,5,40,8,t,3641f3,2021-01-06T22:05:00.700Z
c8d436,1,10,8,t,3641f3,2021-01-06T22:05:00.700Z
b9a74d,5,17,8,t,3641f3,2021-01-06T22:05:00.700Z
e31d39,2,10,9,f,2478bb,2021-01-05T10:22:33.484Z
9ec847,1,54,9,f,2478bb,2021-01-05T10:22:33.484Z
5d267b,5,40,9,f,2478bb,2021-01-05T10:22:33.484Z
c8d436,5,10,9,f,2478bb,2021-01-05T10:22:33.484Z
2a2353,4,57,9,f,2478bb,2021-01-05T10:22:33.484Z
f084eb,4,36,9,f,2478bb,2021-01-05T10:22:33.484Z
c4a632,5,13,0,t,c4a993,2021-03-25T14:38:44.044Z
9ec847,5,54,0,t,c4a993,2021-03-25T14:38:44.044Z
5d267b,4,40,0,t,c4a993,2021-03-25T14:38:44.044Z
2a2353,4,57,0,t,c4a993,2021-03-25T14:38:44.044Z
b9a74d,2,17,0,t,c4a993,2021-03-25T14:38:44.044Z
e83aa3,5,32,3,f,c301f0,2021-03-05T13:42:43.084Z
72f5d4,5,19,3,f,c301f0,2021-03-05T13:42:43.084Z
c8d436,1,10,3,f,c301f0,2021-03-05T13:42:43.084Z
f084eb,1,36,3,f,c301f0,2021-03-05T13:42:43.084Z
b9a74d,2,17,3,f,c301f0,2021-03-05T13:42:43.084Z
d5e9a6,1,23,18,t,631436,2021-02-22T20:43:34.521Z
72f5d4,1,19,18,t,631436,2021-02-22T20:43:34.521Z
9ec847,3,54,18,t,631436,2021-02-22T20:43:34.521Z
c8d436,1,10,18,t,631436,2021-02-22T20:43:34.521Z
f084eb,2,36,18,t,631436,2021-02-22T20:43:34.521Z
b9a74d,5,17,18,t,631436,2021-02-22T20:43:34.521Z
e83aa3,5,32,1,t,af49c4,2021-02-15T20:11:02.140Z
d5e9a6,3,23,1,t,af49c4,2021-02-15T20:11:02.140Z
72f5d4,1,19,1,t,af49c4,2021-02-15T20:11:02.140Z
2a2353,5,57,1,t,af49c4,2021-02-15T20:11:02.140Z
f084eb,3,36,1,t,af49c4,2021-02-15T20:11:02.140Z
2feb6b,3,29,1,t,af49c4,2021-02-15T20:11:02.140Z
e83aa3,5,32,16,t,52b6d8,2021-02-25T12:33:36.576Z
72f5d4,4,19,16,t,52b6d8,2021-02-25T12:33:36.576Z
9ec847,2,54,16,t,52b6d8,2021-02-25T12:33:36.576Z
2a2353,1,57,16,t,52b6d8,2021-02-25T12:33:36.576Z
f084eb,2,36,16,t,52b6d8,2021-02-25T12:33:36.576Z
b9a74d,4,17,16,t,52b6d8,2021-02-25T12:33:36.576Z
2feb6b,5,29,16,t,52b6d8,2021-02-25T12:33:36.576Z
e83aa3,3,32,6,f,b6c69a,2021-02-06T21:08:53.692Z
e31d39,2,10,6,f,b6c69a,2021-02-06T21:08:53.692Z
d5e9a6,5,23,6,f,b6c69a,2021-02-06T21:08:53.692Z
72f5d4,3,19,6,f,b6c69a,2021-02-06T21:08:53.692Z
9ec847,1,54,6,f,b6c69a,2021-02-06T21:08:53.692Z
5d267b,1,40,6,f,b6c69a,2021-02-06T21:08:53.692Z
c8d436,4,10,6,f,b6c69a,2021-02-06T21:08:53.692Z
2a2353,5,57,6,f,b6c69a,2021-02-06T21:08:53.692Z
c4a632,4,13,21,t,66bc33,2021-01-22T22:01:36.105Z
72f5d4,3,19,21,t,66bc33,2021-01-22T22:01:36.105Z
e83aa3,5,32,0,f,caab8e,2021-02-26T22:04:55.516Z
d5e9a6,1,23,0,f,caab8e,2021-02-26T22:04:55.516Z
5d267b,3,40,0,f,caab8e,2021-02-26T22:04:55.516Z
2a2353,4,57,0,f,caab8e,2021-02-26T22:04:55.516Z
c4a632,3,13,11,t,65b688,2021-01-09T21:22:15.398Z
e83aa3,1,32,11,t,65b688,2021-01-09T21:22:15.398Z
d5e9a6,3,23,11,t,65b688,2021-01-09T21:22:15.398Z
72f5d4,2,19,11,t,65b688,2021-01-09T21:22:15.398Z
9ec847,1,54,11,t,65b688,2021-01-09T21:22:15.398Z
f084eb,1,36,11,t,65b688,2021-01-09T21:22:15.398Z
c4a632,1,13,4,f,ec0224,2021-01-19T15:36:59.356Z
2a2353,3,57,4,f,ec0224,2021-01-19T15:36:59.356Z
b9a74d,1,17,4,f,ec0224,2021-01-19T15:36:59.356Z
c4a632,2,13,9,f,09eca8,2021-03-25T03:40:09.609Z
e83aa3,1,32,9,f,09eca8,2021-03-25T03:40:09.609Z
d5e9a6,4,23,9,f,09eca8,2021-03-25T03:40:09.609Z
72f5d4,5,19,9,f,09eca8,2021-03-25T03:40:09.609Z
c8d436,5,10,9,f,09eca8,2021-03-25T03:40:09.609Z
b9a74d,5,17,9,f,09eca8,2021-03-25T03:40:09.609Z
2feb6b,2,29,9,f,09eca8,2021-03-25T03:40:09.609Z
c4a632,3,13,5,t,ae6b1a,2021-02-14T22:32:40.185Z
e83aa3,1,32,5,t,ae6b1a,2021-02-14T22:32:40.185Z
72f5d4,3,19,5,t,ae6b1a,2021-02-14T22:32:40.185Z
5d267b,3,40,5,t,ae6b1a,2021-02-14T22:32:40.185Z
c8d436,1,10,5,t,ae6b1a,2021-02-14T22:32:40.185Z
f084eb,1,36,5,t,ae6b1a,2021-02-14T22:32:40.185Z
d5e9a6,4,23,10,f,c780c9,2021-03-26T14:09:57.168Z
5d267b,3,40,10,f,c780c9,2021-03-26T14:09:57.168Z
c8d436,4,10,10,f,c780c9,2021-03-26T14:09:57.168Z
2a2353,4,57,10,f,c780c9,2021-03-26T14:09:57.168Z
f084eb,4,36,10,f,c780c9,2021-03-26T14:09:57.168Z
e31d39,5,10,11,t,259da1,2021-02-16T21:17:29.587Z
d5e9a6,2,23,11,t,259da1,2021-02-16T21:17:29.587Z
9ec847,5,54,11,t,259da1,2021-02-16T21:17:29.587Z
c8d436,2,10,11,t,259da1,2021-02-16T21:17:29.587Z
2a2353,1,57,11,t,259da1,2021-02-16T21:17:29.587Z
e83aa3,2,32,5,f,95d045,2021-01-14T22:19:09.321Z
d5e9a6,1,23,5,f,95d045,2021-01-14T22:19:09.321Z
72f5d4,5,19,5,f,95d045,2021-01-14T22:19:09.321Z
c8d436,3,10,5,f,95d045,2021-01-14T22:19:09.321Z
f084eb,2,36,5,f,95d045,2021-01-14T22:19:09.321Z
b9a74d,1,17,5,f,95d045,2021-01-14T22:19:09.321Z
2feb6b,2,29,5,f,95d045,2021-01-14T22:19:09.321Z
e83aa3,5,32,19,t,4ccf02,2021-01-25T21:33:12.902Z
9ec847,2,54,19,t,4ccf02,2021-01-25T21:33:12.902Z
2feb6b,2,29,19,t,4ccf02,2021-01-25T21:33:12.902Z
e31d39,3,10,12,f,f9e95e,2021-01-15T03:00:54.432Z
d5e9a6,3,23,12,f,f9e95e,2021-01-15T03:00:54.432Z
5d267b,3,40,12,f,f9e95e,2021-01-15T03:00:54.432Z
c8d436,2,10,12,f,f9e95e,2021-01-15T03:00:54.432Z
2a2353,5,57,12,f,f9e95e,2021-01-15T03:00:54.432Z
2feb6b,3,29,12,f,f9e95e,2021-01-15T03:00:54.432Z
c4a632,1,13,22,t,2e90ec,2021-01-09T21:19:11.971Z
e83aa3,5,32,22,t,2e90ec,2021-01-09T21:19:11.971Z
d5e9a6,3,23,22,t,2e90ec,2021-01-09T21:19:11.971Z
72f5d4,4,19,22,t,2e90ec,2021-01-09T21:19:11.971Z
9ec847,4,54,22,t,2e90ec,2021-01-09T21:19:11.971Z
2a2353,4,57,22,t,2e90ec,2021-01-09T21:19:11.971Z
b9a74d,4,17,22,t,2e90ec,2021-01-09T21:19:11.971Z
e31d39,1,10,7,f,3de539,2021-02-05T06:55:01.344Z
72f5d4,5,19,7,f,3de539,2021-02-05T06:55:01.344Z
c8d436,1,10,7,f,3de539,2021-02-05T06:55:01.344Z
2a2353,5,57,7,f,3de539,2021-02-05T06:55:01.344Z
f084eb,4,36,7,f,3de539,2021-02-05T06:55:01.344Z
2feb6b,2,29,7,f,3de539,2021-02-05T06:55:01.344Z
c4a632,4,13,21,f,e7cad9,2021-01-26T04:15:42.307Z
e83aa3,1,32,21,f,e7cad9,2021-01-26T04:15:42.307Z
d5e9a6,2,23,21,f,e7cad9,2021-01-26T04:15:42.307Z
72f5d4,3,19,21,f,e7cad9,2021-01-26T04:15:42.307Z
5d267b,1,40,21,f,e7cad9,2021-01-26T04:15:42.307Z
c8d436,3,10,21,f,e7cad9,2021-01-26T04:15:42.307Z
2feb6b,2,29,21,f,e7cad9,2021-01-26T04:15:42.307Z
72f5d4,3,19,17,t,3f8b8e,2021-03-12T01:07:50.390Z
c8d436,1,10,17,t,3f8b8e,2021-03-12T01:07:50.390Z
2a2353,5,57,17,t,3f8b8e,2021-03-12T01:07:50.390Z
b9a74d,5,17,17,t,3f8b8e,2021-03-12T01:07:50.390Z
d5e9a6,5,23,22,t,656fd4,2021-02-18T10:03:59.011Z
72f5d4,5,19,22,t,656fd4,2021-02-18T10:03:59.011Z
9ec847,3,54,22,t,656fd4,2021-02-18T10:03:59.011Z
5d267b,3,40,22,t,656fd4,2021-02-18T10:03:59.011Z
2a2353,1,57,22,t,656fd4,2021-02-18T10:03:59.011Z
f084eb,5,36,22,t,656fd4,2021-02-18T10:03:59.011Z
b9a74d,2,17,22,t,656fd4,2021-02-18T10:03:59.011Z
2feb6b,5,29,22,t,656fd4,2021-02-18T10:03:59.011Z
d5e9a6,5,23,21,t,6aa13d,2021-01-25T20:59:29.155Z
72f5d4,5,19,21,t,6aa13d,2021-01-25T20:59:29.155Z
5d267b,5,40,21,t,6aa13d,2021-01-25T20:59:29.155Z
2a2353,4,57,21,t,6aa13d,2021-01-25T20:59:29.155Z
2feb6b,3,29,21,t,6aa13d,2021-01-25T20:59:29.155Z
c4a632,4,13,6,f,e8aa0e,2021-03-28T10:31:55.516Z
d5e9a6,2,23,6,f,e8aa0e,2021-03-28T10:31:55.516Z
5d267b,5,40,6,f,e8aa0e,2021-03-28T10:31:55.516Z
c8d436,2,10,6,f,e8aa0e,2021-03-28T10:31:55.516Z
2a2353,3,57,6,f,e8aa0e,2021-03-28T10:31:55.516Z
f084eb,1,36,6,f,e8aa0e,2021-03-28T10:31:55.516Z
b9a74d,3,17,6,f,e8aa0e,2021-03-28T10:31:55.516Z
2feb6b,3,29,6,f,e8aa0e,2021-03-28T10:31:55.516Z
72f5d4,1,19,7,t,8.55E+57,2021-02-09T20:20:41.193Z
5d267b,2,40,7,t,8.55E+57,2021-02-09T20:20:41.193Z
c8d436,2,10,7,t,8.55E+57,2021-02-09T20:20:41.193Z
f084eb,4,36,7,t,8.55E+57,2021-02-09T20:20:41.193Z
2feb6b,2,29,7,t,8.55E+57,2021-02-09T20:20:41.193Z
c4a632,5,13,0,t,0ab809,2021-01-27T07:40:33.484Z
72f5d4,2,19,0,t,0ab809,2021-01-27T07:40:33.484Z
9ec847,5,54,0,t,0ab809,2021-01-27T07:40:33.484Z
5d267b,5,40,0,t,0ab809,2021-01-27T07:40:33.484Z
c8d436,5,10,0,t,0ab809,2021-01-27T07:40:33.484Z
2a2353,1,57,0,t,0ab809,2021-01-27T07:40:33.484Z
f084eb,1,36,0,t,0ab809,2021-01-27T07:40:33.484Z
b9a74d,4,17,0,t,0ab809,2021-01-27T07:40:33.484Z
2feb6b,3,29,0,t,0ab809,2021-01-27T07:40:33.484Z
c4a632,1,13,6,f,cd037a,2021-03-19T16:35:44.649Z
e31d39,5,10,6,f,cd037a,2021-03-19T16:35:44.649Z
d5e9a6,4,23,6,f,cd037a,2021-03-19T16:35:44.649Z
72f5d4,2,19,6,f,cd037a,2021-03-19T16:35:44.649Z
9ec847,4,54,6,f,cd037a,2021-03-19T16:35:44.649Z
c8d436,4,10,6,f,cd037a,2021-03-19T16:35:44.649Z
2a2353,1,57,6,f,cd037a,2021-03-19T16:35:44.649Z
b9a74d,3,17,6,f,cd037a,2021-03-19T16:35:44.649Z
e83aa3,4,32,4,f,ea0fcd,2021-01-21T22:52:19.804Z
d5e9a6,5,23,4,f,ea0fcd,2021-01-21T22:52:19.804Z
72f5d4,2,19,4,f,ea0fcd,2021-01-21T22:52:19.804Z
9ec847,2,54,4,f,ea0fcd,2021-01-21T22:52:19.804Z
5d267b,5,40,4,f,ea0fcd,2021-01-21T22:52:19.804Z
c8d436,4,10,4,f,ea0fcd,2021-01-21T22:52:19.804Z
f084eb,5,36,4,f,ea0fcd,2021-01-21T22:52:19.804Z
e83aa3,5,32,3,t,fff8ca,2021-03-12T12:08:01.334Z
9ec847,4,54,3,t,fff8ca,2021-03-12T12:08:01.334Z
c8d436,5,10,3,t,fff8ca,2021-03-12T12:08:01.334Z
2a2353,2,57,3,t,fff8ca,2021-03-12T12:08:01.334Z
f084eb,1,36,3,t,fff8ca,2021-03-12T12:08:01.334Z
b9a74d,4,17,3,t,fff8ca,2021-03-12T12:08:01.334Z
e83aa3,2,32,14,f,f9d908,2021-02-03T09:20:01.996Z
d5e9a6,1,23,14,f,f9d908,2021-02-03T09:20:01.996Z
72f5d4,1,19,14,f,f9d908,2021-02-03T09:20:01.996Z
c8d436,1,10,14,f,f9d908,2021-02-03T09:20:01.996Z
f084eb,2,36,14,f,f9d908,2021-02-03T09:20:01.996Z
2feb6b,3,29,14,f,f9d908,2021-02-03T09:20:01.996Z
c4a632,5,13,1,t,32bb13,2021-01-13T17:33:19.958Z
e83aa3,3,32,1,t,32bb13,2021-01-13T17:33:19.958Z
d5e9a6,5,23,1,t,32bb13,2021-01-13T17:33:19.958Z
72f5d4,1,19,1,t,32bb13,2021-01-13T17:33:19.958Z
f084eb,5,36,1,t,32bb13,2021-01-13T17:33:19.958Z
b9a74d,5,17,1,t,32bb13,2021-01-13T17:33:19.958Z
e31d39,4,10,9,t,8c91ea,2021-03-01T12:22:48.748Z
2a2353,2,57,9,t,8c91ea,2021-03-01T12:22:48.748Z
b9a74d,2,17,9,t,8c91ea,2021-03-01T12:22:48.748Z
c4a632,5,13,14,t,b481ad,2021-01-08T14:43:04.454Z
e83aa3,3,32,14,t,b481ad,2021-01-08T14:43:04.454Z
e31d39,4,10,14,t,b481ad,2021-01-08T14:43:04.454Z
d5e9a6,1,23,14,t,b481ad,2021-01-08T14:43:04.454Z
9ec847,3,54,14,t,b481ad,2021-01-08T14:43:04.454Z
5d267b,2,40,14,t,b481ad,2021-01-08T14:43:04.454Z
e31d39,2,10,4,t,6e1c82,2021-03-03T01:39:54.604Z
d5e9a6,3,23,4,t,6e1c82,2021-03-03T01:39:54.604Z
72f5d4,1,19,4,t,6e1c82,2021-03-03T01:39:54.604Z
9ec847,1,54,4,t,6e1c82,2021-03-03T01:39:54.604Z
2a2353,5,57,4,t,6e1c82,2021-03-03T01:39:54.604Z
f084eb,1,36,4,t,6e1c82,2021-03-03T01:39:54.604Z
2feb6b,5,29,4,t,6e1c82,2021-03-03T01:39:54.604Z
d5e9a6,5,23,15,t,393738,2021-02-14T12:50:28.233Z
72f5d4,2,19,15,t,393738,2021-02-14T12:50:28.233Z
9ec847,5,54,15,t,393738,2021-02-14T12:50:28.233Z
5d267b,2,40,15,t,393738,2021-02-14T12:50:28.233Z
c8d436,5,10,15,t,393738,2021-02-14T12:50:28.233Z
f084eb,3,36,15,t,393738,2021-02-14T12:50:28.233Z
b9a74d,5,17,15,t,393738,2021-02-14T12:50:28.233Z
2feb6b,2,29,15,t,393738,2021-02-14T12:50:28.233Z
c4a632,2,13,3,f,c02a95,2021-01-02T12:57:01.180Z
9ec847,2,54,3,f,c02a95,2021-01-02T12:57:01.180Z
2a2353,5,57,3,f,c02a95,2021-01-02T12:57:01.180Z
b9a74d,3,17,3,f,c02a95,2021-01-02T12:57:01.180Z
e83aa3,4,32,5,t,356c41,2021-03-24T07:07:23.433Z
d5e9a6,3,23,5,t,356c41,2021-03-24T07:07:23.433Z
9ec847,4,54,5,t,356c41,2021-03-24T07:07:23.433Z
2a2353,1,57,5,t,356c41,2021-03-24T07:07:23.433Z
f084eb,5,36,5,t,356c41,2021-03-24T07:07:23.433Z
e83aa3,3,32,2,f,647bdf,2021-01-14T20:07:20.179Z
e31d39,4,10,2,f,647bdf,2021-01-14T20:07:20.179Z
d5e9a6,2,23,2,f,647bdf,2021-01-14T20:07:20.179Z
72f5d4,1,19,2,f,647bdf,2021-01-14T20:07:20.179Z
c8d436,4,10,2,f,647bdf,2021-01-14T20:07:20.179Z
f084eb,2,36,2,f,647bdf,2021-01-14T20:07:20.179Z
2feb6b,3,29,2,f,647bdf,2021-01-14T20:07:20.179Z
e31d39,4,10,23,f,428c4c,2021-02-09T19:15:14.659Z
d5e9a6,1,23,23,f,428c4c,2021-02-09T19:15:14.659Z
9ec847,5,54,23,f,428c4c,2021-02-09T19:15:14.659Z
5d267b,3,40,23,f,428c4c,2021-02-09T19:15:14.659Z
2a2353,1,57,23,f,428c4c,2021-02-09T19:15:14.659Z
f084eb,1,36,23,f,428c4c,2021-02-09T19:15:14.659Z
b9a74d,1,17,23,f,428c4c,2021-02-09T19:15:14.659Z
2feb6b,5,29,23,f,428c4c,2021-02-09T19:15:14.659Z
c4a632,2,13,1,t,16ac91,2021-02-03T17:06:44.323Z
e31d39,5,10,1,t,16ac91,2021-02-03T17:06:44.323Z
d5e9a6,4,23,1,t,16ac91,2021-02-03T17:06:44.323Z
9ec847,3,54,1,t,16ac91,2021-02-03T17:06:44.323Z
2a2353,1,57,1,t,16ac91,2021-02-03T17:06:44.323Z
2feb6b,2,29,1,t,16ac91,2021-02-03T17:06:44.323Z
e83aa3,1,32,4,f,b3b97c,2021-02-19T04:27:51.955Z
d5e9a6,4,23,4,f,b3b97c,2021-02-19T04:27:51.955Z
72f5d4,5,19,4,f,b3b97c,2021-02-19T04:27:51.955Z
9ec847,4,54,4,f,b3b97c,2021-02-19T04:27:51.955Z
5d267b,1,40,4,f,b3b97c,2021-02-19T04:27:51.955Z
2feb6b,4,29,4,f,b3b97c,2021-02-19T04:27:51.955Z
c4a632,1,13,22,t,389b95,2021-01-20T16:22:52.492Z
e83aa3,2,32,22,t,389b95,2021-01-20T16:22:52.492Z
e31d39,1,10,22,t,389b95,2021-01-20T16:22:52.492Z
72f5d4,5,19,22,t,389b95,2021-01-20T16:22:52.492Z
9ec847,4,54,22,t,389b95,2021-01-20T16:22:52.492Z
5d267b,2,40,22,t,389b95,2021-01-20T16:22:52.492Z
2a2353,5,57,22,t,389b95,2021-01-20T16:22:52.492Z
b9a74d,5,17,22,t,389b95,2021-01-20T16:22:52.492Z
e31d39,2,10,14,t,d71140,2021-03-24T21:08:34.425Z
d5e9a6,2,23,14,t,d71140,2021-03-24T21:08:34.425Z
9ec847,5,54,14,t,d71140,2021-03-24T21:08:34.425Z
5d267b,3,40,14,t,d71140,2021-03-24T21:08:34.425Z
2a2353,2,57,14,t,d71140,2021-03-24T21:08:34.425Z
f084eb,4,36,14,t,d71140,2021-03-24T21:08:34.425Z
b9a74d,4,17,14,t,d71140,2021-03-24T21:08:34.425Z
c4a632,2,13,5,t,f8ae2c,2021-01-23T04:01:51.312Z
e83aa3,3,32,5,t,f8ae2c,2021-01-23T04:01:51.312Z
9ec847,1,54,5,t,f8ae2c,2021-01-23T04:01:51.312Z
5d267b,2,40,5,t,f8ae2c,2021-01-23T04:01:51.312Z
c8d436,1,10,5,t,f8ae2c,2021-01-23T04:01:51.312Z
2a2353,3,57,5,t,f8ae2c,2021-01-23T04:01:51.312Z
f084eb,3,36,5,t,f8ae2c,2021-01-23T04:01:51.312Z
2feb6b,4,29,5,t,f8ae2c,2021-01-23T04:01:51.312Z
c4a632,5,13,19,t,c8fec7,2021-02-03T00:07:08.630Z
e83aa3,4,32,19,t,c8fec7,2021-02-03T00:07:08.630Z
d5e9a6,5,23,19,t,c8fec7,2021-02-03T00:07:08.630Z
72f5d4,3,19,19,t,c8fec7,2021-02-03T00:07:08.630Z
5d267b,5,40,19,t,c8fec7,2021-02-03T00:07:08.630Z
f084eb,5,36,19,t,c8fec7,2021-02-03T00:07:08.630Z
b9a74d,5,17,19,t,c8fec7,2021-02-03T00:07:08.630Z
e31d39,2,10,22,f,1f8464,2021-02-19T16:45:21.024Z
d5e9a6,2,23,22,f,1f8464,2021-02-19T16:45:21.024Z
9ec847,5,54,22,f,1f8464,2021-02-19T16:45:21.024Z
c8d436,4,10,22,f,1f8464,2021-02-19T16:45:21.024Z
2a2353,2,57,22,f,1f8464,2021-02-19T16:45:21.024Z
f084eb,1,36,22,f,1f8464,2021-02-19T16:45:21.024Z
c4a632,1,13,10,t,fd5379,2021-02-03T09:02:15.043Z
72f5d4,4,19,10,t,fd5379,2021-02-03T09:02:15.043Z
9ec847,5,54,10,t,fd5379,2021-02-03T09:02:15.043Z
5d267b,4,40,10,t,fd5379,2021-02-03T09:02:15.043Z
c8d436,4,10,10,t,fd5379,2021-02-03T09:02:15.043Z
f084eb,3,36,10,t,fd5379,2021-02-03T09:02:15.043Z
b9a74d,1,17,10,t,fd5379,2021-02-03T09:02:15.043Z
c4a632,3,13,16,f,6347f2,2021-02-25T02:12:24.134Z
d5e9a6,4,23,16,f,6347f2,2021-02-25T02:12:24.134Z
9ec847,2,54,16,f,6347f2,2021-02-25T02:12:24.134Z
5d267b,5,40,16,f,6347f2,2021-02-25T02:12:24.134Z
f084eb,1,36,16,f,6347f2,2021-02-25T02:12:24.134Z
2feb6b,4,29,16,f,6347f2,2021-02-25T02:12:24.134Z
c4a632,5,13,15,t,067d8a,2021-01-29T05:21:31.305Z
e83aa3,5,32,15,t,067d8a,2021-01-29T05:21:31.305Z
e31d39,4,10,15,t,067d8a,2021-01-29T05:21:31.305Z
d5e9a6,2,23,15,t,067d8a,2021-01-29T05:21:31.305Z
9ec847,5,54,15,t,067d8a,2021-01-29T05:21:31.305Z
5d267b,5,40,15,t,067d8a,2021-01-29T05:21:31.305Z
c8d436,5,10,15,t,067d8a,2021-01-29T05:21:31.305Z
c4a632,1,13,23,t,edd831,2021-03-01T21:45:46.051Z
e83aa3,3,32,23,t,edd831,2021-03-01T21:45:46.051Z
72f5d4,2,19,23,t,edd831,2021-03-01T21:45:46.051Z
9ec847,2,54,23,t,edd831,2021-03-01T21:45:46.051Z
c8d436,1,10,23,t,edd831,2021-03-01T21:45:46.051Z
f084eb,5,36,23,t,edd831,2021-03-01T21:45:46.051Z
2feb6b,1,29,23,t,edd831,2021-03-01T21:45:46.051Z
e83aa3,5,32,20,t,a30118,2021-03-24T09:48:42.393Z
e31d39,1,10,20,t,a30118,2021-03-24T09:48:42.393Z
5d267b,3,40,20,t,a30118,2021-03-24T09:48:42.393Z
b9a74d,5,17,20,t,a30118,2021-03-24T09:48:42.393Z
c4a632,4,13,6,t,c1da54,2021-03-17T09:15:50.486Z
e83aa3,5,32,6,t,c1da54,2021-03-17T09:15:50.486Z
d5e9a6,1,23,6,t,c1da54,2021-03-17T09:15:50.486Z
72f5d4,3,19,6,t,c1da54,2021-03-17T09:15:50.486Z
9ec847,4,54,6,t,c1da54,2021-03-17T09:15:50.486Z
5d267b,3,40,6,t,c1da54,2021-03-17T09:15:50.486Z
c8d436,2,10,6,t,c1da54,2021-03-17T09:15:50.486Z
2a2353,1,57,6,t,c1da54,2021-03-17T09:15:50.486Z
2feb6b,2,29,6,t,c1da54,2021-03-17T09:15:50.486Z
c4a632,3,13,16,f,a727fd,2021-01-21T08:55:11.251Z
d5e9a6,1,23,16,f,a727fd,2021-01-21T08:55:11.251Z
72f5d4,3,19,16,f,a727fd,2021-01-21T08:55:11.251Z
9ec847,1,54,16,f,a727fd,2021-01-21T08:55:11.251Z
c8d436,1,10,16,f,a727fd,2021-01-21T08:55:11.251Z
2a2353,1,57,16,f,a727fd,2021-01-21T08:55:11.251Z
2feb6b,1,29,16,f,a727fd,2021-01-21T08:55:11.251Z
c4a632,5,13,23,t,798be6,2021-03-13T16:51:29.260Z
e83aa3,2,32,23,t,798be6,2021-03-13T16:51:29.260Z
72f5d4,1,19,23,t,798be6,2021-03-13T16:51:29.260Z
5d267b,5,40,23,t,798be6,2021-03-13T16:51:29.260Z
2a2353,2,57,23,t,798be6,2021-03-13T16:51:29.260Z
f084eb,4,36,23,t,798be6,2021-03-13T16:51:29.260Z
b9a74d,1,17,23,t,798be6,2021-03-13T16:51:29.260Z
2feb6b,4,29,23,t,798be6,2021-03-13T16:51:29.260Z
c4a632,4,13,8,t,aff973,2021-01-20T18:58:38.899Z
e31d39,1,10,8,t,aff973,2021-01-20T18:58:38.899Z
d5e9a6,3,23,8,t,aff973,2021-01-20T18:58:38.899Z
9ec847,5,54,8,t,aff973,2021-01-20T18:58:38.899Z
2a2353,3,57,8,t,aff973,2021-01-20T18:58:38.899Z
f084eb,2,36,8,t,aff973,2021-01-20T18:58:38.899Z
b9a74d,5,17,8,t,aff973,2021-01-20T18:58:38.899Z
2feb6b,3,29,8,t,aff973,2021-01-20T18:58:38.899Z
c4a632,5,13,18,t,75de8b,2021-03-29T09:34:04.224Z
e83aa3,4,32,18,t,75de8b,2021-03-29T09:34:04.224Z
72f5d4,3,19,18,t,75de8b,2021-03-29T09:34:04.224Z
9ec847,1,54,18,t,75de8b,2021-03-29T09:34:04.224Z
5d267b,1,40,18,t,75de8b,2021-03-29T09:34:04.224Z
f084eb,2,36,18,t,75de8b,2021-03-29T09:34:04.224Z
c4a632,4,13,4,f,b785f3,2021-02-08T07:31:05.664Z
e31d39,2,10,4,f,b785f3,2021-02-08T07:31:05.664Z
72f5d4,4,19,4,f,b785f3,2021-02-08T07:31:05.664Z
9ec847,1,54,4,f,b785f3,2021-02-08T07:31:05.664Z
2a2353,4,57,4,f,b785f3,2021-02-08T07:31:05.664Z
f084eb,1,36,4,f,b785f3,2021-02-08T07:31:05.664Z
b9a74d,4,17,4,f,b785f3,2021-02-08T07:31:05.664Z
2feb6b,5,29,4,f,b785f3,2021-02-08T07:31:05.664Z
e83aa3,3,32,24,t,182ec4,2021-02-25T13:46:15.196Z
d5e9a6,3,23,24,t,182ec4,2021-02-25T13:46:15.196Z
9ec847,4,54,24,t,182ec4,2021-02-25T13:46:15.196Z
5d267b,4,40,24,t,182ec4,2021-02-25T13:46:15.196Z
c8d436,1,10,24,t,182ec4,2021-02-25T13:46:15.196Z
b9a74d,5,17,24,t,182ec4,2021-02-25T13:46:15.196Z
e31d39,3,10,10,t,af2f6c,2021-01-11T14:23:22.070Z
72f5d4,5,19,10,t,af2f6c,2021-01-11T14:23:22.070Z
5d267b,3,40,10,t,af2f6c,2021-01-11T14:23:22.070Z
2a2353,1,57,10,t,af2f6c,2021-01-11T14:23:22.070Z
2feb6b,4,29,10,t,af2f6c,2021-01-11T14:23:22.070Z
e83aa3,5,32,22,f,0e232d,2021-02-17T17:22:26.860Z
e31d39,5,10,22,f,0e232d,2021-02-17T17:22:26.860Z
d5e9a6,2,23,22,f,0e232d,2021-02-17T17:22:26.860Z
c8d436,4,10,22,f,0e232d,2021-02-17T17:22:26.860Z
2a2353,3,57,22,f,0e232d,2021-02-17T17:22:26.860Z
b9a74d,5,17,22,f,0e232d,2021-02-17T17:22:26.860Z
2feb6b,4,29,22,f,0e232d,2021-02-17T17:22:26.860Z
c4a632,4,13,8,t,291f6b,2021-02-25T10:04:31.411Z
e83aa3,4,32,8,t,291f6b,2021-02-25T10:04:31.411Z
d5e9a6,2,23,8,t,291f6b,2021-02-25T10:04:31.411Z
72f5d4,2,19,8,t,291f6b,2021-02-25T10:04:31.411Z
9ec847,4,54,8,t,291f6b,2021-02-25T10:04:31.411Z
f084eb,5,36,8,t,291f6b,2021-02-25T10:04:31.411Z
b9a74d,4,17,8,t,291f6b,2021-02-25T10:04:31.411Z
2feb6b,3,29,8,t,291f6b,2021-02-25T10:04:31.411Z
e83aa3,3,32,18,t,695ad1,2021-03-22T19:39:50.025Z
5d267b,5,40,18,t,695ad1,2021-03-22T19:39:50.025Z
2a2353,4,57,18,t,695ad1,2021-03-22T19:39:50.025Z
f084eb,1,36,18,t,695ad1,2021-03-22T19:39:50.025Z
b9a74d,5,17,18,t,695ad1,2021-03-22T19:39:50.025Z
2feb6b,4,29,18,t,695ad1,2021-03-22T19:39:50.025Z
c4a632,4,13,14,t,096ca8,2021-03-26T10:52:26.976Z
e83aa3,1,32,14,t,096ca8,2021-03-26T10:52:26.976Z
5d267b,4,40,14,t,096ca8,2021-03-26T10:52:26.976Z
c8d436,4,10,14,t,096ca8,2021-03-26T10:52:26.976Z
f084eb,4,36,14,t,096ca8,2021-03-26T10:52:26.976Z
e83aa3,1,32,13,t,30a84f,2021-03-09T14:43:10.070Z
e31d39,4,10,13,t,30a84f,2021-03-09T14:43:10.070Z
72f5d4,5,19,13,t,30a84f,2021-03-09T14:43:10.070Z
c8d436,1,10,13,t,30a84f,2021-03-09T14:43:10.070Z
2a2353,5,57,13,t,30a84f,2021-03-09T14:43:10.070Z
f084eb,2,36,13,t,30a84f,2021-03-09T14:43:10.070Z
b9a74d,4,17,13,t,30a84f,2021-03-09T14:43:10.070Z
c4a632,5,13,10,t,71c234,2021-03-14T03:38:41.308Z
72f5d4,2,19,10,t,71c234,2021-03-14T03:38:41.308Z
9ec847,2,54,10,t,71c234,2021-03-14T03:38:41.308Z
5d267b,5,40,10,t,71c234,2021-03-14T03:38:41.308Z
c8d436,3,10,10,t,71c234,2021-03-14T03:38:41.308Z
2a2353,5,57,10,t,71c234,2021-03-14T03:38:41.308Z
b9a74d,4,17,10,t,71c234,2021-03-14T03:38:41.308Z
c4a632,2,13,14,f,5562b8,2021-01-05T05:58:13.123Z
e31d39,3,10,14,f,5562b8,2021-01-05T05:58:13.123Z
d5e9a6,1,23,14,f,5562b8,2021-01-05T05:58:13.123Z
9ec847,5,54,14,f,5562b8,2021-01-05T05:58:13.123Z
5d267b,1,40,14,f,5562b8,2021-01-05T05:58:13.123Z
2feb6b,1,29,14,f,5562b8,2021-01-05T05:58:13.123Z
c4a632,3,13,23,f,27bda6,2021-03-11T22:35:30.134Z
e83aa3,4,32,23,f,27bda6,2021-03-11T22:35:30.134Z
72f5d4,1,19,23,f,27bda6,2021-03-11T22:35:30.134Z
9ec847,3,54,23,f,27bda6,2021-03-11T22:35:30.134Z
c8d436,3,10,23,f,27bda6,2021-03-11T22:35:30.134Z
2feb6b,3,29,23,f,27bda6,2021-03-11T22:35:30.134Z
c4a632,4,13,5,t,94c3db,2021-03-29T03:45:31.190Z
e83aa3,4,32,5,t,94c3db,2021-03-29T03:45:31.190Z
d5e9a6,5,23,5,t,94c3db,2021-03-29T03:45:31.190Z
9ec847,1,54,5,t,94c3db,2021-03-29T03:45:31.190Z
5d267b,1,40,5,t,94c3db,2021-03-29T03:45:31.190Z
c8d436,5,10,5,t,94c3db,2021-03-29T03:45:31.190Z
e83aa3,2,32,15,t,d3cea1,2021-02-09T14:36:42.912Z
72f5d4,2,19,15,t,d3cea1,2021-02-09T14:36:42.912Z
2a2353,2,57,15,t,d3cea1,2021-02-09T14:36:42.912Z
b9a74d,4,17,15,t,d3cea1,2021-02-09T14:36:42.912Z
e83aa3,4,32,20,t,c30daa,2021-03-12T13:05:26.793Z
9ec847,3,54,20,t,c30daa,2021-03-12T13:05:26.793Z
5d267b,1,40,20,t,c30daa,2021-03-12T13:05:26.793Z
c8d436,1,10,20,t,c30daa,2021-03-12T13:05:26.793Z
2a2353,2,57,20,t,c30daa,2021-03-12T13:05:26.793Z
b9a74d,2,17,20,t,c30daa,2021-03-12T13:05:26.793Z
2feb6b,1,29,20,t,c30daa,2021-03-12T13:05:26.793Z
e31d39,5,10,13,t,6.80E+52,2021-01-02T14:44:08.390Z
d5e9a6,2,23,13,t,6.80E+52,2021-01-02T14:44:08.390Z
2a2353,2,57,13,t,6.80E+52,2021-01-02T14:44:08.390Z
f084eb,5,36,13,t,6.80E+52,2021-01-02T14:44:08.390Z
b9a74d,4,17,13,t,6.80E+52,2021-01-02T14:44:08.390Z
2feb6b,3,29,13,t,6.80E+52,2021-01-02T14:44:08.390Z
c4a632,2,13,19,t,c5c3cb,2021-02-03T11:00:26.668Z
72f5d4,3,19,19,t,c5c3cb,2021-02-03T11:00:26.668Z
9ec847,2,54,19,t,c5c3cb,2021-02-03T11:00:26.668Z
5d267b,2,40,19,t,c5c3cb,2021-02-03T11:00:26.668Z
2a2353,1,57,19,t,c5c3cb,2021-02-03T11:00:26.668Z
f084eb,1,36,19,t,c5c3cb,2021-02-03T11:00:26.668Z
e31d39,4,10,24,f,8c6e12,2021-01-25T13:51:09.907Z
72f5d4,3,19,24,f,8c6e12,2021-01-25T13:51:09.907Z
5d267b,4,40,24,f,8c6e12,2021-01-25T13:51:09.907Z
2a2353,4,57,24,f,8c6e12,2021-01-25T13:51:09.907Z
f084eb,5,36,24,f,8c6e12,2021-01-25T13:51:09.907Z
b9a74d,5,17,24,f,8c6e12,2021-01-25T13:51:09.907Z
2feb6b,5,29,24,f,8c6e12,2021-01-25T13:51:09.907Z
c4a632,4,13,15,f,7e47c2,2021-01-29T20:46:45.724Z
e83aa3,5,32,15,f,7e47c2,2021-01-29T20:46:45.724Z
e31d39,2,10,15,f,7e47c2,2021-01-29T20:46:45.724Z
c8d436,3,10,15,f,7e47c2,2021-01-29T20:46:45.724Z
f084eb,5,36,15,f,7e47c2,2021-01-29T20:46:45.724Z
b9a74d,5,17,15,f,7e47c2,2021-01-29T20:46:45.724Z
2feb6b,2,29,15,f,7e47c2,2021-01-29T20:46:45.724Z
e31d39,5,10,1,f,cfc501,2021-03-24T11:01:43.392Z
72f5d4,2,19,1,f,cfc501,2021-03-24T11:01:43.392Z
9ec847,2,54,1,f,cfc501,2021-03-24T11:01:43.392Z
c8d436,3,10,1,f,cfc501,2021-03-24T11:01:43.392Z
f084eb,1,36,1,f,cfc501,2021-03-24T11:01:43.392Z
c4a632,1,13,15,f,8a5f18,2021-01-27T11:13:19.603Z
e83aa3,2,32,15,f,8a5f18,2021-01-27T11:13:19.603Z
72f5d4,1,19,15,f,8a5f18,2021-01-27T11:13:19.603Z
9ec847,4,54,15,f,8a5f18,2021-01-27T11:13:19.603Z
f084eb,4,36,15,f,8a5f18,2021-01-27T11:13:19.603Z
b9a74d,1,17,15,f,8a5f18,2021-01-27T11:13:19.603Z
2feb6b,5,29,15,f,8a5f18,2021-01-27T11:13:19.603Z
d5e9a6,3,23,8,f,0102f5,2021-03-03T01:01:23.923Z
9ec847,5,54,8,f,0102f5,2021-03-03T01:01:23.923Z
5d267b,3,40,8,f,0102f5,2021-03-03T01:01:23.923Z
c8d436,2,10,8,f,0102f5,2021-03-03T01:01:23.923Z
f084eb,1,36,8,f,0102f5,2021-03-03T01:01:23.923Z
2feb6b,5,29,8,f,0102f5,2021-03-03T01:01:23.923Z
e31d39,5,10,6,f,d88c7d,2021-02-07T10:34:27.926Z
d5e9a6,4,23,6,f,d88c7d,2021-02-07T10:34:27.926Z
9ec847,2,54,6,f,d88c7d,2021-02-07T10:34:27.926Z
c8d436,5,10,6,f,d88c7d,2021-02-07T10:34:27.926Z
b9a74d,4,17,6,f,d88c7d,2021-02-07T10:34:27.926Z
2feb6b,4,29,6,f,d88c7d,2021-02-07T10:34:27.926Z
e83aa3,5,32,0,f,c09cc3,2021-03-02T21:14:29.184Z
e31d39,5,10,0,f,c09cc3,2021-03-02T21:14:29.184Z
72f5d4,5,19,0,f,c09cc3,2021-03-02T21:14:29.184Z
9ec847,1,54,0,f,c09cc3,2021-03-02T21:14:29.184Z
5d267b,1,40,0,f,c09cc3,2021-03-02T21:14:29.184Z
c8d436,3,10,0,f,c09cc3,2021-03-02T21:14:29.184Z
2a2353,1,57,0,f,c09cc3,2021-03-02T21:14:29.184Z
b9a74d,5,17,0,f,c09cc3,2021-03-02T21:14:29.184Z
e83aa3,1,32,10,t,7b8ed8,2021-01-17T18:25:07.507Z
e31d39,1,10,10,t,7b8ed8,2021-01-17T18:25:07.507Z
d5e9a6,2,23,10,t,7b8ed8,2021-01-17T18:25:07.507Z
72f5d4,1,19,10,t,7b8ed8,2021-01-17T18:25:07.507Z
9ec847,4,54,10,t,7b8ed8,2021-01-17T18:25:07.507Z
5d267b,4,40,10,t,7b8ed8,2021-01-17T18:25:07.507Z
2feb6b,2,29,10,t,7b8ed8,2021-01-17T18:25:07.507Z
c4a632,1,13,2,t,981a40,2021-03-27T23:07:17.241Z
e83aa3,1,32,2,t,981a40,2021-03-27T23:07:17.241Z
d5e9a6,4,23,2,t,981a40,2021-03-27T23:07:17.241Z
72f5d4,4,19,2,t,981a40,2021-03-27T23:07:17.241Z
5d267b,5,40,2,t,981a40,2021-03-27T23:07:17.241Z
c8d436,2,10,2,t,981a40,2021-03-27T23:07:17.241Z
c4a632,4,13,3,t,09be57,2021-01-27T06:07:47.769Z
d5e9a6,3,23,3,t,09be57,2021-01-27T06:07:47.769Z
72f5d4,1,19,3,t,09be57,2021-01-27T06:07:47.769Z
5d267b,4,40,3,t,09be57,2021-01-27T06:07:47.769Z
c8d436,5,10,3,t,09be57,2021-01-27T06:07:47.769Z
2a2353,5,57,3,t,09be57,2021-01-27T06:07:47.769Z
c4a632,4,13,8,f,7fe256,2021-02-14T02:07:06.700Z
d5e9a6,1,23,8,f,7fe256,2021-02-14T02:07:06.700Z
72f5d4,3,19,8,f,7fe256,2021-02-14T02:07:06.700Z
9ec847,4,54,8,f,7fe256,2021-02-14T02:07:06.700Z
f084eb,1,36,8,f,7fe256,2021-02-14T02:07:06.700Z
2feb6b,2,29,8,f,7fe256,2021-02-14T02:07:06.700Z
c4a632,2,13,1,t,451dc6,2021-03-29T06:38:13.056Z
72f5d4,2,19,1,t,451dc6,2021-03-29T06:38:13.056Z
9ec847,1,54,1,t,451dc6,2021-03-29T06:38:13.056Z
5d267b,1,40,1,t,451dc6,2021-03-29T06:38:13.056Z
2a2353,2,57,1,t,451dc6,2021-03-29T06:38:13.056Z
b9a74d,3,17,1,t,451dc6,2021-03-29T06:38:13.056Z
2feb6b,2,29,1,t,451dc6,2021-03-29T06:38:13.056Z
c4a632,1,13,3,t,bab06c,2021-02-04T16:01:34.550Z
e31d39,3,10,3,t,bab06c,2021-02-04T16:01:34.550Z
d5e9a6,3,23,3,t,bab06c,2021-02-04T16:01:34.550Z
c8d436,1,10,3,t,bab06c,2021-02-04T16:01:34.550Z
2a2353,5,57,3,t,bab06c,2021-02-04T16:01:34.550Z
b9a74d,3,17,3,t,bab06c,2021-02-04T16:01:34.550Z
72f5d4,3,19,23,f,7f97c9,2021-02-01T13:26:16.915Z
5d267b,2,40,23,f,7f97c9,2021-02-01T13:26:16.915Z
2a2353,5,57,23,f,7f97c9,2021-02-01T13:26:16.915Z
b9a74d,4,17,23,f,7f97c9,2021-02-01T13:26:16.915Z
2feb6b,2,29,23,f,7f97c9,2021-02-01T13:26:16.915Z
e83aa3,3,32,16,t,416c6b,2021-03-08T22:16:47.712Z
5d267b,1,40,16,t,416c6b,2021-03-08T22:16:47.712Z
c8d436,4,10,16,t,416c6b,2021-03-08T22:16:47.712Z
f084eb,1,36,16,t,416c6b,2021-03-08T22:16:47.712Z
b9a74d,5,17,16,t,416c6b,2021-03-08T22:16:47.712Z
2feb6b,3,29,16,t,416c6b,2021-03-08T22:16:47.712Z
c4a632,3,13,19,t,d4b0c6,2021-01-18T11:11:43.612Z
e83aa3,1,32,19,t,d4b0c6,2021-01-18T11:11:43.612Z
e31d39,1,10,19,t,d4b0c6,2021-01-18T11:11:43.612Z
9ec847,1,54,19,t,d4b0c6,2021-01-18T11:11:43.612Z
5d267b,3,40,19,t,d4b0c6,2021-01-18T11:11:43.612Z
e31d39,5,10,15,t,455df5,2021-03-25T20:57:32.860Z
9ec847,1,54,15,t,455df5,2021-03-25T20:57:32.860Z
5d267b,5,40,15,t,455df5,2021-03-25T20:57:32.860Z
c8d436,3,10,15,t,455df5,2021-03-25T20:57:32.860Z
2a2353,3,57,15,t,455df5,2021-03-25T20:57:32.860Z
e31d39,1,10,6,t,5789d9,2021-01-08T17:31:08.025Z
72f5d4,4,19,6,t,5789d9,2021-01-08T17:31:08.025Z
9ec847,4,54,6,t,5789d9,2021-01-08T17:31:08.025Z
5d267b,1,40,6,t,5789d9,2021-01-08T17:31:08.025Z
2a2353,2,57,6,t,5789d9,2021-01-08T17:31:08.025Z
f084eb,4,36,6,t,5789d9,2021-01-08T17:31:08.025Z
c4a632,4,13,15,f,a3ee5d,2021-03-18T22:48:19.526Z
e31d39,3,10,15,f,a3ee5d,2021-03-18T22:48:19.526Z
d5e9a6,5,23,15,f,a3ee5d,2021-03-18T22:48:19.526Z
72f5d4,2,19,15,f,a3ee5d,2021-03-18T22:48:19.526Z
5d267b,5,40,15,f,a3ee5d,2021-03-18T22:48:19.526Z
2a2353,2,57,15,f,a3ee5d,2021-03-18T22:48:19.526Z
c4a632,2,13,5,f,b46965,2021-01-15T14:52:03.504Z
e31d39,5,10,5,f,b46965,2021-01-15T14:52:03.504Z
d5e9a6,1,23,5,f,b46965,2021-01-15T14:52:03.504Z
72f5d4,1,19,5,f,b46965,2021-01-15T14:52:03.504Z
5d267b,4,40,5,f,b46965,2021-01-15T14:52:03.504Z
2a2353,4,57,5,f,b46965,2021-01-15T14:52:03.504Z
f084eb,4,36,5,f,b46965,2021-01-15T14:52:03.504Z
e83aa3,4,32,17,f,1ed619,2021-03-06T14:22:11.568Z
d5e9a6,2,23,17,f,1ed619,2021-03-06T14:22:11.568Z
9ec847,5,54,17,f,1ed619,2021-03-06T14:22:11.568Z
5d267b,4,40,17,f,1ed619,2021-03-06T14:22:11.568Z
c8d436,2,10,17,f,1ed619,2021-03-06T14:22:11.568Z
2a2353,2,57,17,f,1ed619,2021-03-06T14:22:11.568Z
f084eb,2,36,17,f,1ed619,2021-03-06T14:22:11.568Z
b9a74d,2,17,17,f,1ed619,2021-03-06T14:22:11.568Z
2feb6b,4,29,17,f,1ed619,2021-03-06T14:22:11.568Z
e83aa3,5,32,19,t,8c4168,2021-02-01T10:26:32.294Z
e31d39,1,10,19,t,8c4168,2021-02-01T10:26:32.294Z
d5e9a6,2,23,19,t,8c4168,2021-02-01T10:26:32.294Z
c8d436,1,10,19,t,8c4168,2021-02-01T10:26:32.294Z
2a2353,2,57,19,t,8c4168,2021-02-01T10:26:32.294Z
b9a74d,5,17,19,t,8c4168,2021-02-01T10:26:32.294Z
e83aa3,4,32,14,t,568430,2021-03-15T04:42:01.526Z
d5e9a6,1,23,14,t,568430,2021-03-15T04:42:01.526Z
72f5d4,2,19,14,t,568430,2021-03-15T04:42:01.526Z
9ec847,3,54,14,t,568430,2021-03-15T04:42:01.526Z
2a2353,5,57,14,t,568430,2021-03-15T04:42:01.526Z
f084eb,1,36,14,t,568430,2021-03-15T04:42:01.526Z
c4a632,3,13,24,t,9.96E+35,2021-01-24T09:43:09.840Z
72f5d4,5,19,24,t,9.96E+35,2021-01-24T09:43:09.840Z
9ec847,3,54,24,t,9.96E+35,2021-01-24T09:43:09.840Z
5d267b,1,40,24,t,9.96E+35,2021-01-24T09:43:09.840Z
2a2353,2,57,24,t,9.96E+35,2021-01-24T09:43:09.840Z
b9a74d,1,17,24,t,9.96E+35,2021-01-24T09:43:09.840Z
e83aa3,1,32,8,t,56d389,2021-03-14T16:06:49.996Z
c8d436,1,10,8,t,56d389,2021-03-14T16:06:49.996Z
f084eb,1,36,8,t,56d389,2021-03-14T16:06:49.996Z
b9a74d,5,17,8,t,56d389,2021-03-14T16:06:49.996Z
9ec847,3,54,22,f,93b088,2021-03-06T09:49:45.465Z
c8d436,4,10,22,f,93b088,2021-03-06T09:49:45.465Z
2a2353,2,57,22,f,93b088,2021-03-06T09:49:45.465Z
f084eb,3,36,22,f,93b088,2021-03-06T09:49:45.465Z
b9a74d,5,17,22,f,93b088,2021-03-06T09:49:45.465Z
e31d39,4,10,19,f,f1c340,2021-03-13T00:18:42.681Z
9ec847,1,54,19,f,f1c340,2021-03-13T00:18:42.681Z
5d267b,4,40,19,f,f1c340,2021-03-13T00:18:42.681Z
2a2353,2,57,19,f,f1c340,2021-03-13T00:18:42.681Z
2feb6b,3,29,19,f,f1c340,2021-03-13T00:18:42.681Z
e31d39,3,10,17,f,7a244f,2021-02-27T04:19:34.809Z
5d267b,5,40,17,f,7a244f,2021-02-27T04:19:34.809Z
c8d436,4,10,17,f,7a244f,2021-02-27T04:19:34.809Z
2feb6b,1,29,17,f,7a244f,2021-02-27T04:19:34.809Z
c4a632,2,13,24,f,ab956d,2021-03-14T05:24:59.270Z
d5e9a6,2,23,24,f,ab956d,2021-03-14T05:24:59.270Z
5d267b,5,40,24,f,ab956d,2021-03-14T05:24:59.270Z
e83aa3,3,32,4,f,0e204b,2021-01-10T08:49:19.776Z
e31d39,2,10,4,f,0e204b,2021-01-10T08:49:19.776Z
72f5d4,3,19,4,f,0e204b,2021-01-10T08:49:19.776Z
2a2353,3,57,4,f,0e204b,2021-01-10T08:49:19.776Z
f084eb,3,36,4,f,0e204b,2021-01-10T08:49:19.776Z
e83aa3,3,32,24,t,2475d1,2021-01-12T11:37:03.043Z
e31d39,4,10,24,t,2475d1,2021-01-12T11:37:03.043Z
72f5d4,3,19,24,t,2475d1,2021-01-12T11:37:03.043Z
2a2353,3,57,24,t,2475d1,2021-01-12T11:37:03.043Z
f084eb,1,36,24,t,2475d1,2021-01-12T11:37:03.043Z
d5e9a6,1,23,1,t,24a5df,2021-01-03T05:49:42.585Z
72f5d4,4,19,1,t,24a5df,2021-01-03T05:49:42.585Z
c8d436,5,10,1,t,24a5df,2021-01-03T05:49:42.585Z
2a2353,2,57,1,t,24a5df,2021-01-03T05:49:42.585Z
b9a74d,2,17,1,t,24a5df,2021-01-03T05:49:42.585Z
e31d39,2,10,2,f,4f1aa6,2021-02-01T21:05:40.934Z
d5e9a6,4,23,2,f,4f1aa6,2021-02-01T21:05:40.934Z
72f5d4,3,19,2,f,4f1aa6,2021-02-01T21:05:40.934Z
9ec847,5,54,2,f,4f1aa6,2021-02-01T21:05:40.934Z
c8d436,2,10,2,f,4f1aa6,2021-02-01T21:05:40.934Z
2a2353,1,57,2,f,4f1aa6,2021-02-01T21:05:40.934Z
2feb6b,3,29,2,f,4f1aa6,2021-02-01T21:05:40.934Z
c4a632,1,13,11,t,66eaa8,2021-02-14T06:13:55.228Z
e83aa3,2,32,11,t,66eaa8,2021-02-14T06:13:55.228Z
e31d39,4,10,11,t,66eaa8,2021-02-14T06:13:55.228Z
9ec847,2,54,11,t,66eaa8,2021-02-14T06:13:55.228Z
c8d436,3,10,11,t,66eaa8,2021-02-14T06:13:55.228Z
2a2353,5,57,11,t,66eaa8,2021-02-14T06:13:55.228Z
f084eb,2,36,11,t,66eaa8,2021-02-14T06:13:55.228Z
b9a74d,1,17,11,t,66eaa8,2021-02-14T06:13:55.228Z
2feb6b,5,29,11,t,66eaa8,2021-02-14T06:13:55.228Z
e83aa3,3,32,13,t,83b588,2021-02-26T02:42:54.691Z
72f5d4,3,19,13,t,83b588,2021-02-26T02:42:54.691Z
9ec847,4,54,13,t,83b588,2021-02-26T02:42:54.691Z
5d267b,3,40,13,t,83b588,2021-02-26T02:42:54.691Z
c8d436,1,10,13,t,83b588,2021-02-26T02:42:54.691Z
2a2353,5,57,13,t,83b588,2021-02-26T02:42:54.691Z
f084eb,4,36,13,t,83b588,2021-02-26T02:42:54.691Z
b9a74d,1,17,13,t,83b588,2021-02-26T02:42:54.691Z
2feb6b,4,29,13,t,83b588,2021-02-26T02:42:54.691Z
e31d39,3,10,24,t,96c0c9,2021-01-21T00:52:30.403Z
d5e9a6,1,23,24,t,96c0c9,2021-01-21T00:52:30.403Z
72f5d4,2,19,24,t,96c0c9,2021-01-21T00:52:30.403Z
9ec847,1,54,24,t,96c0c9,2021-01-21T00:52:30.403Z
5d267b,4,40,24,t,96c0c9,2021-01-21T00:52:30.403Z
f084eb,1,36,24,t,96c0c9,2021-01-21T00:52:30.403Z
2feb6b,1,29,24,t,96c0c9,2021-01-21T00:52:30.403Z
e31d39,5,10,0,t,246a9c,2021-02-28T05:11:52.944Z
9ec847,3,54,0,t,246a9c,2021-02-28T05:11:52.944Z
5d267b,5,40,0,t,246a9c,2021-02-28T05:11:52.944Z
2a2353,4,57,0,t,246a9c,2021-02-28T05:11:52.944Z
e83aa3,4,32,2,t,7783ec,2021-03-28T13:28:11.481Z
e31d39,5,10,2,t,7783ec,2021-03-28T13:28:11.481Z
d5e9a6,5,23,2,t,7783ec,2021-03-28T13:28:11.481Z
9ec847,3,54,2,t,7783ec,2021-03-28T13:28:11.481Z
5d267b,3,40,2,t,7783ec,2021-03-28T13:28:11.481Z
c8d436,4,10,2,t,7783ec,2021-03-28T13:28:11.481Z
2a2353,1,57,2,t,7783ec,2021-03-28T13:28:11.481Z
f084eb,3,36,2,t,7783ec,2021-03-28T13:28:11.481Z
2feb6b,4,29,2,t,7783ec,2021-03-28T13:28:11.481Z
c4a632,1,13,23,t,dca9e1,2021-02-13T01:04:11.366Z
72f5d4,2,19,23,t,dca9e1,2021-02-13T01:04:11.366Z
9ec847,1,54,23,t,dca9e1,2021-02-13T01:04:11.366Z
5d267b,1,40,23,t,dca9e1,2021-02-13T01:04:11.366Z
c8d436,1,10,23,t,dca9e1,2021-02-13T01:04:11.366Z
2a2353,3,57,23,t,dca9e1,2021-02-13T01:04:11.366Z
b9a74d,3,17,23,t,dca9e1,2021-02-13T01:04:11.366Z
e31d39,5,10,8,t,ad17ca,2021-01-27T18:11:02.083Z
72f5d4,5,19,8,t,ad17ca,2021-01-27T18:11:02.083Z
5d267b,2,40,8,t,ad17ca,2021-01-27T18:11:02.083Z
c8d436,2,10,8,t,ad17ca,2021-01-27T18:11:02.083Z
b9a74d,4,17,8,t,ad17ca,2021-01-27T18:11:02.083Z
e31d39,3,10,10,f,6cf903,2021-03-07T22:02:15.158Z
72f5d4,5,19,10,f,6cf903,2021-03-07T22:02:15.158Z
9ec847,5,54,10,f,6cf903,2021-03-07T22:02:15.158Z
e83aa3,2,32,10,t,92ca7c,2021-01-28T01:12:25.574Z
e31d39,3,10,10,t,92ca7c,2021-01-28T01:12:25.574Z
d5e9a6,3,23,10,t,92ca7c,2021-01-28T01:12:25.574Z
72f5d4,5,19,10,t,92ca7c,2021-01-28T01:12:25.574Z
f084eb,4,36,10,t,92ca7c,2021-01-28T01:12:25.574Z
c4a632,4,13,2,t,354a7b,2021-03-28T04:54:38.908Z
d5e9a6,5,23,2,t,354a7b,2021-03-28T04:54:38.908Z
5d267b,4,40,2,t,354a7b,2021-03-28T04:54:38.908Z
2feb6b,1,29,2,t,354a7b,2021-03-28T04:54:38.908Z
c4a632,1,13,12,t,4064ff,2021-01-29T18:53:02.544Z
e31d39,3,10,12,t,4064ff,2021-01-29T18:53:02.544Z
72f5d4,4,19,12,t,4064ff,2021-01-29T18:53:02.544Z
c8d436,4,10,12,t,4064ff,2021-01-29T18:53:02.544Z
2a2353,5,57,12,t,4064ff,2021-01-29T18:53:02.544Z
b9a74d,4,17,12,t,4064ff,2021-01-29T18:53:02.544Z
e83aa3,3,32,23,t,687aa3,2021-03-28T07:51:19.756Z
e31d39,4,10,23,t,687aa3,2021-03-28T07:51:19.756Z
72f5d4,5,19,23,t,687aa3,2021-03-28T07:51:19.756Z
2a2353,1,57,23,t,687aa3,2021-03-28T07:51:19.756Z
f084eb,5,36,23,t,687aa3,2021-03-28T07:51:19.756Z
b9a74d,3,17,23,t,687aa3,2021-03-28T07:51:19.756Z
2feb6b,1,29,23,t,687aa3,2021-03-28T07:51:19.756Z
e31d39,4,10,17,f,b0de01,2021-03-09T13:39:26.179Z
d5e9a6,4,23,17,f,b0de01,2021-03-09T13:39:26.179Z
9ec847,1,54,17,f,b0de01,2021-03-09T13:39:26.179Z
5d267b,5,40,17,f,b0de01,2021-03-09T13:39:26.179Z
2feb6b,2,29,17,f,b0de01,2021-03-09T13:39:26.179Z
c4a632,2,13,14,t,fc9c3d,2021-01-24T07:06:19.411Z
e31d39,1,10,14,t,fc9c3d,2021-01-24T07:06:19.411Z
72f5d4,4,19,14,t,fc9c3d,2021-01-24T07:06:19.411Z
5d267b,2,40,14,t,fc9c3d,2021-01-24T07:06:19.411Z
2a2353,4,57,14,t,fc9c3d,2021-01-24T07:06:19.411Z
e83aa3,1,32,20,f,40217,2021-02-06T02:44:41.049Z
e31d39,3,10,20,f,40217,2021-02-06T02:44:41.049Z
72f5d4,1,19,20,f,40217,2021-02-06T02:44:41.049Z
5d267b,2,40,20,f,40217,2021-02-06T02:44:41.049Z
c8d436,1,10,20,f,40217,2021-02-06T02:44:41.049Z
2a2353,5,57,20,f,40217,2021-02-06T02:44:41.049Z
b9a74d,5,17,20,f,40217,2021-02-06T02:44:41.049Z
2feb6b,2,29,20,f,40217,2021-02-06T02:44:41.049Z
e83aa3,1,32,15,t,e84c09,2021-01-29T03:32:37.132Z
72f5d4,1,19,15,t,e84c09,2021-01-29T03:32:37.132Z
5d267b,3,40,15,t,e84c09,2021-01-29T03:32:37.132Z
c8d436,4,10,15,t,e84c09,2021-01-29T03:32:37.132Z
2a2353,1,57,15,t,e84c09,2021-01-29T03:32:37.132Z
b9a74d,2,17,15,t,e84c09,2021-01-29T03:32:37.132Z
e31d39,3,10,15,t,c1e506,2021-01-09T08:17:05.107Z
9ec847,3,54,15,t,c1e506,2021-01-09T08:17:05.107Z
2a2353,5,57,15,t,c1e506,2021-01-09T08:17:05.107Z
2feb6b,2,29,15,t,c1e506,2021-01-09T08:17:05.107Z
c4a632,4,13,10,t,ea1e40,2021-02-07T19:54:16.444Z
e83aa3,2,32,10,t,ea1e40,2021-02-07T19:54:16.444Z
e31d39,4,10,10,t,ea1e40,2021-02-07T19:54:16.444Z
d5e9a6,2,23,10,t,ea1e40,2021-02-07T19:54:16.444Z
72f5d4,2,19,10,t,ea1e40,2021-02-07T19:54:16.444Z
9ec847,2,54,10,t,ea1e40,2021-02-07T19:54:16.444Z
5d267b,3,40,10,t,ea1e40,2021-02-07T19:54:16.444Z
c8d436,4,10,10,t,ea1e40,2021-02-07T19:54:16.444Z
2feb6b,3,29,10,t,ea1e40,2021-02-07T19:54:16.444Z
72f5d4,2,19,14,f,a9617d,2021-02-24T06:11:44.246Z
9ec847,4,54,14,f,a9617d,2021-02-24T06:11:44.246Z
5d267b,4,40,14,f,a9617d,2021-02-24T06:11:44.246Z
2a2353,2,57,14,f,a9617d,2021-02-24T06:11:44.246Z
f084eb,2,36,14,f,a9617d,2021-02-24T06:11:44.246Z
b9a74d,2,17,14,f,a9617d,2021-02-24T06:11:44.246Z
c4a632,1,13,4,f,393360,2021-02-09T07:01:25.392Z
e83aa3,4,32,4,f,393360,2021-02-09T07:01:25.392Z
5d267b,2,40,4,f,393360,2021-02-09T07:01:25.392Z
2feb6b,1,29,4,f,393360,2021-02-09T07:01:25.392Z
d5e9a6,4,23,11,t,b8e96a,2021-02-20T02:12:23.011Z
72f5d4,5,19,11,t,b8e96a,2021-02-20T02:12:23.011Z
2a2353,4,57,11,t,b8e96a,2021-02-20T02:12:23.011Z
f084eb,2,36,11,t,b8e96a,2021-02-20T02:12:23.011Z
b9a74d,1,17,11,t,b8e96a,2021-02-20T02:12:23.011Z
e31d39,1,10,10,t,b2e636,2021-02-26T07:13:53.788Z
9ec847,5,54,10,t,b2e636,2021-02-26T07:13:53.788Z
2a2353,4,57,10,t,b2e636,2021-02-26T07:13:53.788Z
b9a74d,4,17,10,t,b2e636,2021-02-26T07:13:53.788Z
2feb6b,1,29,10,t,b2e636,2021-02-26T07:13:53.788Z
c4a632,3,13,17,t,0477ef,2021-03-02T23:11:09.225Z
e83aa3,2,32,17,t,0477ef,2021-03-02T23:11:09.225Z
d5e9a6,3,23,17,t,0477ef,2021-03-02T23:11:09.225Z
72f5d4,4,19,17,t,0477ef,2021-03-02T23:11:09.225Z
5d267b,5,40,17,t,0477ef,2021-03-02T23:11:09.225Z
c8d436,3,10,17,t,0477ef,2021-03-02T23:11:09.225Z
c4a632,5,13,8,t,d8029d,2021-02-10T06:56:57.120Z
e31d39,1,10,8,t,d8029d,2021-02-10T06:56:57.120Z
d5e9a6,2,23,8,t,d8029d,2021-02-10T06:56:57.120Z
5d267b,4,40,8,t,d8029d,2021-02-10T06:56:57.120Z
f084eb,1,36,8,t,d8029d,2021-02-10T06:56:57.120Z
2feb6b,3,29,8,t,d8029d,2021-02-10T06:56:57.120Z
e83aa3,2,32,20,t,f6fe05,2021-03-10T12:23:39.638Z
e31d39,2,10,20,t,f6fe05,2021-03-10T12:23:39.638Z
72f5d4,5,19,20,t,f6fe05,2021-03-10T12:23:39.638Z
c8d436,3,10,20,t,f6fe05,2021-03-10T12:23:39.638Z
2a2353,1,57,20,t,f6fe05,2021-03-10T12:23:39.638Z
f084eb,5,36,20,t,f6fe05,2021-03-10T12:23:39.638Z
b9a74d,1,17,20,t,f6fe05,2021-03-10T12:23:39.638Z
2feb6b,2,29,20,t,f6fe05,2021-03-10T12:23:39.638Z
e83aa3,2,32,17,f,1f517e,2021-02-01T18:31:41.664Z
e31d39,3,10,17,f,1f517e,2021-02-01T18:31:41.664Z
72f5d4,1,19,17,f,1f517e,2021-02-01T18:31:41.664Z
2a2353,5,57,17,f,1f517e,2021-02-01T18:31:41.664Z
c4a632,1,13,17,f,6d0610,2021-02-01T16:07:31.382Z
e83aa3,4,32,17,f,6d0610,2021-02-01T16:07:31.382Z
72f5d4,1,19,17,f,6d0610,2021-02-01T16:07:31.382Z
b9a74d,4,17,17,f,6d0610,2021-02-01T16:07:31.382Z
2feb6b,4,29,17,f,6d0610,2021-02-01T16:07:31.382Z
9ec847,2,54,8,f,430239,2021-03-17T10:38:04.012Z
5d267b,2,40,8,f,430239,2021-03-17T10:38:04.012Z
c8d436,2,10,8,f,430239,2021-03-17T10:38:04.012Z
f084eb,4,36,8,f,430239,2021-03-17T10:38:04.012Z
e83aa3,2,32,11,t,14f469,2021-03-09T09:42:56.102Z
72f5d4,3,19,11,t,14f469,2021-03-09T09:42:56.102Z
5d267b,2,40,11,t,14f469,2021-03-09T09:42:56.102Z
f084eb,3,36,11,t,14f469,2021-03-09T09:42:56.102Z
b9a74d,1,17,11,t,14f469,2021-03-09T09:42:56.102Z
c4a632,5,13,5,f,0e9243,2021-03-23T17:29:36.614Z
e31d39,1,10,5,f,0e9243,2021-03-23T17:29:36.614Z
d5e9a6,2,23,5,f,0e9243,2021-03-23T17:29:36.614Z
72f5d4,4,19,5,f,0e9243,2021-03-23T17:29:36.614Z
9ec847,3,54,5,f,0e9243,2021-03-23T17:29:36.614Z
c8d436,1,10,5,f,0e9243,2021-03-23T17:29:36.614Z
b9a74d,2,17,5,f,0e9243,2021-03-23T17:29:36.614Z
c4a632,5,13,20,t,22cfc4,2021-01-03T10:19:10.531Z
e83aa3,1,32,20,t,22cfc4,2021-01-03T10:19:10.531Z
d5e9a6,3,23,20,t,22cfc4,2021-01-03T10:19:10.531Z
9ec847,1,54,20,t,22cfc4,2021-01-03T10:19:10.531Z
5d267b,3,40,20,t,22cfc4,2021-01-03T10:19:10.531Z
c8d436,3,10,20,t,22cfc4,2021-01-03T10:19:10.531Z
2a2353,5,57,20,t,22cfc4,2021-01-03T10:19:10.531Z
f084eb,1,36,20,t,22cfc4,2021-01-03T10:19:10.531Z
2feb6b,2,29,20,t,22cfc4,2021-01-03T10:19:10.531Z
e83aa3,5,32,14,t,950705,2021-03-10T13:43:16.089Z
d5e9a6,4,23,14,t,950705,2021-03-10T13:43:16.089Z
72f5d4,4,19,14,t,950705,2021-03-10T13:43:16.089Z
9ec847,5,54,14,t,950705,2021-03-10T13:43:16.089Z
c8d436,5,10,14,t,950705,2021-03-10T13:43:16.089Z
f084eb,4,36,14,t,950705,2021-03-10T13:43:16.089Z
c4a632,4,13,9,f,bc23d5,2021-03-14T08:37:54.796Z
72f5d4,1,19,9,f,bc23d5,2021-03-14T08:37:54.796Z
9ec847,3,54,9,f,bc23d5,2021-03-14T08:37:54.796Z
c8d436,1,10,9,f,bc23d5,2021-03-14T08:37:54.796Z
b9a74d,2,17,9,f,bc23d5,2021-03-14T08:37:54.796Z
e31d39,2,10,18,f,afc26c,2021-02-13T08:20:18.211Z
d5e9a6,5,23,18,f,afc26c,2021-02-13T08:20:18.211Z
9ec847,2,54,18,f,afc26c,2021-02-13T08:20:18.211Z
b9a74d,5,17,18,f,afc26c,2021-02-13T08:20:18.211Z
c4a632,3,13,24,f,9396c6,2021-02-04T09:09:06.480Z
e83aa3,5,32,24,f,9396c6,2021-02-04T09:09:06.480Z
d5e9a6,1,23,24,f,9396c6,2021-02-04T09:09:06.480Z
72f5d4,3,19,24,f,9396c6,2021-02-04T09:09:06.480Z
5d267b,2,40,24,f,9396c6,2021-02-04T09:09:06.480Z
c4a632,3,13,10,t,ec6717,2021-03-02T09:56:43.814Z
5d267b,3,40,10,t,ec6717,2021-03-02T09:56:43.814Z
c8d436,2,10,10,t,ec6717,2021-03-02T09:56:43.814Z
f084eb,2,36,10,t,ec6717,2021-03-02T09:56:43.814Z
c4a632,4,13,3,f,0f3d07,2021-02-02T23:57:08.928Z
e83aa3,4,32,3,f,0f3d07,2021-02-02T23:57:08.928Z
9ec847,2,54,3,f,0f3d07,2021-02-02T23:57:08.928Z
5d267b,5,40,3,f,0f3d07,2021-02-02T23:57:08.928Z
f084eb,4,36,3,f,0f3d07,2021-02-02T23:57:08.928Z
e83aa3,2,32,1,t,75a640,2021-01-09T19:12:32.572Z
e31d39,4,10,1,t,75a640,2021-01-09T19:12:32.572Z
72f5d4,3,19,1,t,75a640,2021-01-09T19:12:32.572Z
9ec847,3,54,1,t,75a640,2021-01-09T19:12:32.572Z
5d267b,3,40,1,t,75a640,2021-01-09T19:12:32.572Z
c8d436,4,10,1,t,75a640,2021-01-09T19:12:32.572Z
2a2353,2,57,1,t,75a640,2021-01-09T19:12:32.572Z
2feb6b,3,29,1,t,75a640,2021-01-09T19:12:32.572Z
c4a632,4,13,8,f,c296a5,2021-02-03T07:51:37.900Z
d5e9a6,1,23,8,f,c296a5,2021-02-03T07:51:37.900Z
9ec847,4,54,8,f,c296a5,2021-02-03T07:51:37.900Z
c8d436,1,10,8,f,c296a5,2021-02-03T07:51:37.900Z
2a2353,1,57,8,f,c296a5,2021-02-03T07:51:37.900Z
b9a74d,1,17,8,f,c296a5,2021-02-03T07:51:37.900Z
2feb6b,3,29,8,f,c296a5,2021-02-03T07:51:37.900Z
e83aa3,2,32,17,t,58fafb,2021-02-05T19:25:08.572Z
d5e9a6,5,23,17,t,58fafb,2021-02-05T19:25:08.572Z
9ec847,1,54,17,t,58fafb,2021-02-05T19:25:08.572Z
2feb6b,1,29,17,t,58fafb,2021-02-05T19:25:08.572Z
c4a632,2,13,15,t,c4b2b1,2021-02-22T19:17:04.300Z
e83aa3,3,32,15,t,c4b2b1,2021-02-22T19:17:04.300Z
d5e9a6,2,23,15,t,c4b2b1,2021-02-22T19:17:04.300Z
2a2353,3,57,15,t,c4b2b1,2021-02-22T19:17:04.300Z
2feb6b,2,29,15,t,c4b2b1,2021-02-22T19:17:04.300Z
72f5d4,1,19,24,f,1.20E+63,2021-03-28T13:45:33.984Z
2a2353,5,57,24,f,1.20E+63,2021-03-28T13:45:33.984Z
f084eb,4,36,24,f,1.20E+63,2021-03-28T13:45:33.984Z
b9a74d,4,17,24,f,1.20E+63,2021-03-28T13:45:33.984Z
e31d39,3,10,20,f,c80aaf,2021-01-17T09:03:51.638Z
f084eb,3,36,20,f,c80aaf,2021-01-17T09:03:51.638Z
b9a74d,1,17,20,f,c80aaf,2021-01-17T09:03:51.638Z
2feb6b,2,29,20,f,c80aaf,2021-01-17T09:03:51.638Z
c4a632,4,13,1,f,54d41b,2021-03-26T22:50:36.816Z
e83aa3,4,32,1,f,54d41b,2021-03-26T22:50:36.816Z
e31d39,3,10,1,f,54d41b,2021-03-26T22:50:36.816Z
9ec847,5,54,1,f,54d41b,2021-03-26T22:50:36.816Z
5d267b,1,40,1,f,54d41b,2021-03-26T22:50:36.816Z
2a2353,5,57,1,f,54d41b,2021-03-26T22:50:36.816Z
b9a74d,2,17,1,f,54d41b,2021-03-26T22:50:36.816Z
2feb6b,1,29,1,f,54d41b,2021-03-26T22:50:36.816Z
c4a632,1,13,7,f,605eb4,2021-01-06T01:35:13.632Z
e31d39,2,10,7,f,605eb4,2021-01-06T01:35:13.632Z
72f5d4,2,19,7,f,605eb4,2021-01-06T01:35:13.632Z
b9a74d,1,17,7,f,605eb4,2021-01-06T01:35:13.632Z
2feb6b,3,29,7,f,605eb4,2021-01-06T01:35:13.632Z
c4a632,2,13,0,t,83dea6,2021-01-06T23:07:55.171Z
e31d39,5,10,0,t,83dea6,2021-01-06T23:07:55.171Z
d5e9a6,2,23,0,t,83dea6,2021-01-06T23:07:55.171Z
72f5d4,4,19,0,t,83dea6,2021-01-06T23:07:55.171Z
9ec847,3,54,0,t,83dea6,2021-01-06T23:07:55.171Z
5d267b,5,40,0,t,83dea6,2021-01-06T23:07:55.171Z
f084eb,5,36,0,t,83dea6,2021-01-06T23:07:55.171Z
e31d39,2,10,19,f,430be4,2021-03-17T12:03:54.316Z
d5e9a6,2,23,19,f,430be4,2021-03-17T12:03:54.316Z
2a2353,2,57,19,f,430be4,2021-03-17T12:03:54.316Z
f084eb,1,36,19,f,430be4,2021-03-17T12:03:54.316Z
b9a74d,3,17,19,f,430be4,2021-03-17T12:03:54.316Z
2feb6b,4,29,19,f,430be4,2021-03-17T12:03:54.316Z
d5e9a6,5,23,6,t,b58504,2021-02-09T15:41:39.724Z
72f5d4,3,19,6,t,b58504,2021-02-09T15:41:39.724Z
2a2353,5,57,6,t,b58504,2021-02-09T15:41:39.724Z
f084eb,3,36,6,t,b58504,2021-02-09T15:41:39.724Z
e31d39,1,10,16,f,46ab5e,2021-03-23T09:13:48.835Z
5d267b,1,40,16,f,46ab5e,2021-03-23T09:13:48.835Z
c8d436,2,10,16,f,46ab5e,2021-03-23T09:13:48.835Z
2a2353,5,57,16,f,46ab5e,2021-03-23T09:13:48.835Z
c4a632,3,13,2,f,26ce87,2021-03-11T17:35:40.012Z
d5e9a6,5,23,2,f,26ce87,2021-03-11T17:35:40.012Z
72f5d4,1,19,2,f,26ce87,2021-03-11T17:35:40.012Z
5d267b,3,40,2,f,26ce87,2021-03-11T17:35:40.012Z
c8d436,4,10,2,f,26ce87,2021-03-11T17:35:40.012Z
2feb6b,5,29,2,f,26ce87,2021-03-11T17:35:40.012Z
d5e9a6,4,23,6,f,b4f80f,2021-01-16T20:51:07.948Z
72f5d4,3,19,6,f,b4f80f,2021-01-16T20:51:07.948Z
9ec847,5,54,6,f,b4f80f,2021-01-16T20:51:07.948Z
b9a74d,5,17,6,f,b4f80f,2021-01-16T20:51:07.948Z
c4a632,1,13,18,t,b7a774,2021-03-02T12:09:27.820Z
e83aa3,1,32,18,t,b7a774,2021-03-02T12:09:27.820Z
72f5d4,3,19,18,t,b7a774,2021-03-02T12:09:27.820Z
2a2353,5,57,18,t,b7a774,2021-03-02T12:09:27.820Z
f084eb,2,36,18,t,b7a774,2021-03-02T12:09:27.820Z
2feb6b,3,29,18,t,b7a774,2021-03-02T12:09:27.820Z
e83aa3,1,32,3,f,f3aa17,2021-01-05T11:56:46.204Z
e31d39,3,10,3,f,f3aa17,2021-01-05T11:56:46.204Z
72f5d4,2,19,3,f,f3aa17,2021-01-05T11:56:46.204Z
9ec847,4,54,3,f,f3aa17,2021-01-05T11:56:46.204Z
c8d436,5,10,3,f,f3aa17,2021-01-05T11:56:46.204Z
f084eb,4,36,3,f,f3aa17,2021-01-05T11:56:46.204Z
b9a74d,2,17,3,f,f3aa17,2021-01-05T11:56:46.204Z
c4a632,2,13,6,t,08fab9,2021-01-01T04:01:29.798Z
e83aa3,5,32,6,t,08fab9,2021-01-01T04:01:29.798Z
e31d39,4,10,6,t,08fab9,2021-01-01T04:01:29.798Z
9ec847,1,54,6,t,08fab9,2021-01-01T04:01:29.798Z
2a2353,4,57,6,t,08fab9,2021-01-01T04:01:29.798Z
f084eb,4,36,6,t,08fab9,2021-01-01T04:01:29.798Z
b9a74d,2,17,6,t,08fab9,2021-01-01T04:01:29.798Z
2feb6b,2,29,6,t,08fab9,2021-01-01T04:01:29.798Z
b9a74d,5,17,5,t,6edde0,2021-02-20T17:00:05.587Z
2feb6b,2,29,5,t,6edde0,2021-02-20T17:00:05.587Z
e83aa3,2,32,20,t,734540,2021-02-11T18:04:36.480Z
d5e9a6,4,23,20,t,734540,2021-02-11T18:04:36.480Z
9ec847,5,54,20,t,734540,2021-02-11T18:04:36.480Z
c4a632,5,13,16,t,575ef5,2021-02-21T23:42:41.040Z
e83aa3,4,32,16,t,575ef5,2021-02-21T23:42:41.040Z
5d267b,3,40,16,t,575ef5,2021-02-21T23:42:41.040Z
c8d436,2,10,16,t,575ef5,2021-02-21T23:42:41.040Z
e83aa3,1,32,18,f,025da6,2021-02-11T05:20:15.100Z
d5e9a6,4,23,18,f,025da6,2021-02-11T05:20:15.100Z
72f5d4,2,19,18,f,025da6,2021-02-11T05:20:15.100Z
2feb6b,5,29,18,f,025da6,2021-02-11T05:20:15.100Z
e31d39,3,10,3,t,0b3b6a,2021-03-01T12:47:48.998Z
72f5d4,5,19,3,t,0b3b6a,2021-03-01T12:47:48.998Z
9ec847,5,54,3,t,0b3b6a,2021-03-01T12:47:48.998Z
5d267b,3,40,3,t,0b3b6a,2021-03-01T12:47:48.998Z
c8d436,4,10,3,t,0b3b6a,2021-03-01T12:47:48.998Z
f084eb,4,36,3,t,0b3b6a,2021-03-01T12:47:48.998Z
2feb6b,3,29,3,t,0b3b6a,2021-03-01T12:47:48.998Z
c4a632,4,13,22,t,55ffa1,2021-03-25T19:40:54.134Z
e83aa3,1,32,22,t,55ffa1,2021-03-25T19:40:54.134Z
72f5d4,3,19,22,t,55ffa1,2021-03-25T19:40:54.134Z
9ec847,5,54,22,t,55ffa1,2021-03-25T19:40:54.134Z
5d267b,4,40,22,t,55ffa1,2021-03-25T19:40:54.134Z
2a2353,5,57,22,t,55ffa1,2021-03-25T19:40:54.134Z
f084eb,2,36,22,t,55ffa1,2021-03-25T19:40:54.134Z
2feb6b,2,29,22,t,55ffa1,2021-03-25T19:40:54.134Z
e83aa3,5,32,3,f,e118b4,2021-01-12T00:49:45.638Z
e31d39,5,10,3,f,e118b4,2021-01-12T00:49:45.638Z
d5e9a6,2,23,3,f,e118b4,2021-01-12T00:49:45.638Z
72f5d4,4,19,3,f,e118b4,2021-01-12T00:49:45.638Z
c8d436,3,10,3,f,e118b4,2021-01-12T00:49:45.638Z
b9a74d,3,17,3,f,e118b4,2021-01-12T00:49:45.638Z
2feb6b,2,29,3,f,e118b4,2021-01-12T00:49:45.638Z
e83aa3,3,32,6,t,ad4b0e,2021-03-24T15:12:47.491Z
d5e9a6,2,23,6,t,ad4b0e,2021-03-24T15:12:47.491Z
9ec847,5,54,6,t,ad4b0e,2021-03-24T15:12:47.491Z
5d267b,3,40,6,t,ad4b0e,2021-03-24T15:12:47.491Z
c8d436,2,10,6,t,ad4b0e,2021-03-24T15:12:47.491Z
b9a74d,1,17,6,t,ad4b0e,2021-03-24T15:12:47.491Z
2feb6b,1,29,6,t,ad4b0e,2021-03-24T15:12:47.491Z
c4a632,1,13,18,f,2f8aba,2021-01-06T03:49:42.960Z
e31d39,4,10,18,f,2f8aba,2021-01-06T03:49:42.960Z
d5e9a6,1,23,18,f,2f8aba,2021-01-06T03:49:42.960Z
72f5d4,1,19,18,f,2f8aba,2021-01-06T03:49:42.960Z
9ec847,5,54,18,f,2f8aba,2021-01-06T03:49:42.960Z
5d267b,2,40,18,f,2f8aba,2021-01-06T03:49:42.960Z
c8d436,5,10,18,f,2f8aba,2021-01-06T03:49:42.960Z
2a2353,1,57,18,f,2f8aba,2021-01-06T03:49:42.960Z
c4a632,2,13,7,t,3efd41,2021-01-16T09:55:46.531Z
9ec847,2,54,7,t,3efd41,2021-01-16T09:55:46.531Z
5d267b,2,40,7,t,3efd41,2021-01-16T09:55:46.531Z
c8d436,3,10,7,t,3efd41,2021-01-16T09:55:46.531Z
2a2353,2,57,7,t,3efd41,2021-01-16T09:55:46.531Z
b9a74d,2,17,7,t,3efd41,2021-01-16T09:55:46.531Z
e31d39,1,10,11,t,36094c,2021-01-30T10:46:49.756Z
d5e9a6,1,23,11,t,36094c,2021-01-30T10:46:49.756Z
72f5d4,2,19,11,t,36094c,2021-01-30T10:46:49.756Z
9ec847,5,54,11,t,36094c,2021-01-30T10:46:49.756Z
c8d436,2,10,11,t,36094c,2021-01-30T10:46:49.756Z
2a2353,2,57,11,t,36094c,2021-01-30T10:46:49.756Z
f084eb,5,36,11,t,36094c,2021-01-30T10:46:49.756Z
2feb6b,5,29,11,t,36094c,2021-01-30T10:46:49.756Z
e83aa3,5,32,20,t,d2334a,2021-01-27T16:40:10.675Z
e31d39,1,10,20,t,d2334a,2021-01-27T16:40:10.675Z
2a2353,2,57,20,t,d2334a,2021-01-27T16:40:10.675Z
b9a74d,4,17,20,t,d2334a,2021-01-27T16:40:10.675Z
c4a632,4,13,12,f,5c1ce6,2021-03-14T00:13:50.131Z
e83aa3,3,32,12,f,5c1ce6,2021-03-14T00:13:50.131Z
e31d39,1,10,12,f,5c1ce6,2021-03-14T00:13:50.131Z
d5e9a6,5,23,12,f,5c1ce6,2021-03-14T00:13:50.131Z
72f5d4,2,19,12,f,5c1ce6,2021-03-14T00:13:50.131Z
9ec847,4,54,12,f,5c1ce6,2021-03-14T00:13:50.131Z
5d267b,4,40,12,f,5c1ce6,2021-03-14T00:13:50.131Z
c8d436,5,10,12,f,5c1ce6,2021-03-14T00:13:50.131Z
2a2353,2,57,12,f,5c1ce6,2021-03-14T00:13:50.131Z
f084eb,4,36,12,f,5c1ce6,2021-03-14T00:13:50.131Z
2feb6b,5,29,12,f,5c1ce6,2021-03-14T00:13:50.131Z
c4a632,5,13,1,f,e49f46,2021-02-12T17:07:32.275Z
e83aa3,4,32,1,f,e49f46,2021-02-12T17:07:32.275Z
d5e9a6,2,23,1,f,e49f46,2021-02-12T17:07:32.275Z
9ec847,3,54,1,f,e49f46,2021-02-12T17:07:32.275Z
c4a632,5,13,10,t,da7df0,2021-02-28T00:50:20.889Z
e83aa3,5,32,10,t,da7df0,2021-02-28T00:50:20.889Z
d5e9a6,3,23,10,t,da7df0,2021-02-28T00:50:20.889Z
72f5d4,4,19,10,t,da7df0,2021-02-28T00:50:20.889Z
c8d436,4,10,10,t,da7df0,2021-02-28T00:50:20.889Z
f084eb,1,36,10,t,da7df0,2021-02-28T00:50:20.889Z
b9a74d,2,17,10,t,da7df0,2021-02-28T00:50:20.889Z
2feb6b,2,29,10,t,da7df0,2021-02-28T00:50:20.889Z
e31d39,1,10,9,f,737ed8,2021-03-02T17:09:47.232Z
d5e9a6,2,23,9,f,737ed8,2021-03-02T17:09:47.232Z
72f5d4,1,19,9,f,737ed8,2021-03-02T17:09:47.232Z
9ec847,5,54,9,f,737ed8,2021-03-02T17:09:47.232Z
c8d436,2,10,9,f,737ed8,2021-03-02T17:09:47.232Z
f084eb,1,36,9,f,737ed8,2021-03-02T17:09:47.232Z
b9a74d,2,17,9,f,737ed8,2021-03-02T17:09:47.232Z
c4a632,2,13,20,t,b2b2f3,2021-02-17T09:16:16.838Z
d5e9a6,5,23,20,t,b2b2f3,2021-02-17T09:16:16.838Z
72f5d4,3,19,20,t,b2b2f3,2021-02-17T09:16:16.838Z
9ec847,4,54,20,t,b2b2f3,2021-02-17T09:16:16.838Z
5d267b,1,40,20,t,b2b2f3,2021-02-17T09:16:16.838Z
c8d436,4,10,20,t,b2b2f3,2021-02-17T09:16:16.838Z
2a2353,1,57,20,t,b2b2f3,2021-02-17T09:16:16.838Z
f084eb,2,36,20,t,b2b2f3,2021-02-17T09:16:16.838Z
b9a74d,1,17,20,t,b2b2f3,2021-02-17T09:16:16.838Z
e83aa3,4,32,15,f,1be5d8,2021-01-15T00:08:25.526Z
d5e9a6,5,23,15,f,1be5d8,2021-01-15T00:08:25.526Z
9ec847,2,54,15,f,1be5d8,2021-01-15T00:08:25.526Z
f084eb,5,36,15,f,1be5d8,2021-01-15T00:08:25.526Z
c4a632,2,13,4,f,0edbeb,2021-03-28T22:16:25.852Z
e83aa3,3,32,4,f,0edbeb,2021-03-28T22:16:25.852Z
d5e9a6,1,23,4,f,0edbeb,2021-03-28T22:16:25.852Z
5d267b,3,40,4,f,0edbeb,2021-03-28T22:16:25.852Z
c8d436,1,10,4,f,0edbeb,2021-03-28T22:16:25.852Z
f084eb,4,36,4,f,0edbeb,2021-03-28T22:16:25.852Z
b9a74d,2,17,4,f,0edbeb,2021-03-28T22:16:25.852Z
2feb6b,2,29,4,f,0edbeb,2021-03-28T22:16:25.852Z
c4a632,2,13,4,t,cad533,2021-01-13T07:54:53.424Z
e83aa3,1,32,4,t,cad533,2021-01-13T07:54:53.424Z
e31d39,2,10,4,t,cad533,2021-01-13T07:54:53.424Z
d5e9a6,3,23,4,t,cad533,2021-01-13T07:54:53.424Z
72f5d4,5,19,4,t,cad533,2021-01-13T07:54:53.424Z
5d267b,5,40,4,t,cad533,2021-01-13T07:54:53.424Z
c8d436,1,10,4,t,cad533,2021-01-13T07:54:53.424Z
2feb6b,2,29,4,t,cad533,2021-01-13T07:54:53.424Z
c4a632,2,13,19,t,f48c08,2021-01-17T12:32:07.584Z
9ec847,2,54,19,t,f48c08,2021-01-17T12:32:07.584Z
2a2353,5,57,19,t,f48c08,2021-01-17T12:32:07.584Z
f084eb,2,36,19,t,f48c08,2021-01-17T12:32:07.584Z
b9a74d,1,17,19,t,f48c08,2021-01-17T12:32:07.584Z
72f5d4,2,19,16,t,0a6ed1,2021-01-14T22:24:25.891Z
9ec847,2,54,16,t,0a6ed1,2021-01-14T22:24:25.891Z
c8d436,1,10,16,t,0a6ed1,2021-01-14T22:24:25.891Z
2a2353,1,57,16,t,0a6ed1,2021-01-14T22:24:25.891Z
f084eb,1,36,16,t,0a6ed1,2021-01-14T22:24:25.891Z
b9a74d,1,17,16,t,0a6ed1,2021-01-14T22:24:25.891Z
2feb6b,1,29,16,t,0a6ed1,2021-01-14T22:24:25.891Z
c4a632,4,13,12,t,715fb8,2021-02-10T16:30:59.011Z
d5e9a6,2,23,12,t,715fb8,2021-02-10T16:30:59.011Z
72f5d4,2,19,12,t,715fb8,2021-02-10T16:30:59.011Z
2a2353,4,57,12,t,715fb8,2021-02-10T16:30:59.011Z
f084eb,1,36,12,t,715fb8,2021-02-10T16:30:59.011Z
e83aa3,2,32,12,t,530bbe,2021-02-12T22:11:43.756Z
d5e9a6,1,23,12,t,530bbe,2021-02-12T22:11:43.756Z
5d267b,3,40,12,t,530bbe,2021-02-12T22:11:43.756Z
c8d436,4,10,12,t,530bbe,2021-02-12T22:11:43.756Z
2a2353,2,57,12,t,530bbe,2021-02-12T22:11:43.756Z
b9a74d,5,17,12,t,530bbe,2021-02-12T22:11:43.756Z
2feb6b,4,29,12,t,530bbe,2021-02-12T22:11:43.756Z
c4a632,3,13,1,f,da3595,2021-03-11T06:32:32.985Z
e83aa3,3,32,1,f,da3595,2021-03-11T06:32:32.985Z
d5e9a6,1,23,1,f,da3595,2021-03-11T06:32:32.985Z
72f5d4,5,19,1,f,da3595,2021-03-11T06:32:32.985Z
5d267b,3,40,1,f,da3595,2021-03-11T06:32:32.985Z
2a2353,3,57,1,f,da3595,2021-03-11T06:32:32.985Z
c4a632,1,13,6,t,d08090,2021-03-03T01:25:17.212Z
e31d39,1,10,6,t,d08090,2021-03-03T01:25:17.212Z
d5e9a6,1,23,6,t,d08090,2021-03-03T01:25:17.212Z
9ec847,2,54,6,t,d08090,2021-03-03T01:25:17.212Z
c8d436,2,10,6,t,d08090,2021-03-03T01:25:17.212Z
2a2353,3,57,6,t,d08090,2021-03-03T01:25:17.212Z
b9a74d,2,17,6,t,d08090,2021-03-03T01:25:17.212Z
d5e9a6,2,23,15,f,0cf305,2021-03-22T12:04:25.420Z
72f5d4,3,19,15,f,0cf305,2021-03-22T12:04:25.420Z
9ec847,4,54,15,f,0cf305,2021-03-22T12:04:25.420Z
c8d436,2,10,15,f,0cf305,2021-03-22T12:04:25.420Z
b9a74d,1,17,15,f,0cf305,2021-03-22T12:04:25.420Z
2feb6b,3,29,15,f,0cf305,2021-03-22T12:04:25.420Z
c4a632,3,13,1,t,2db67a,2021-01-24T20:49:02.409Z
e31d39,3,10,1,t,2db67a,2021-01-24T20:49:02.409Z
d5e9a6,1,23,1,t,2db67a,2021-01-24T20:49:02.409Z
c8d436,2,10,1,t,2db67a,2021-01-24T20:49:02.409Z
2a2353,1,57,1,t,2db67a,2021-01-24T20:49:02.409Z
b9a74d,4,17,1,t,2db67a,2021-01-24T20:49:02.409Z
2feb6b,3,29,1,t,2db67a,2021-01-24T20:49:02.409Z
e83aa3,4,32,20,t,c1c904,2021-01-13T02:38:48.796Z
d5e9a6,5,23,20,t,c1c904,2021-01-13T02:38:48.796Z
72f5d4,2,19,20,t,c1c904,2021-01-13T02:38:48.796Z
9ec847,3,54,20,t,c1c904,2021-01-13T02:38:48.796Z
c8d436,4,10,20,t,c1c904,2021-01-13T02:38:48.796Z
f084eb,3,36,20,t,c1c904,2021-01-13T02:38:48.796Z
2feb6b,1,29,20,t,c1c904,2021-01-13T02:38:48.796Z
72f5d4,5,19,16,t,3a56f7,2021-03-26T04:39:24.019Z
5d267b,4,40,16,t,3a56f7,2021-03-26T04:39:24.019Z
c8d436,2,10,16,t,3a56f7,2021-03-26T04:39:24.019Z
2a2353,5,57,16,t,3a56f7,2021-03-26T04:39:24.019Z
f084eb,1,36,16,t,3a56f7,2021-03-26T04:39:24.019Z
c4a632,2,13,16,t,83e20e,2021-03-23T05:31:15.801Z
e31d39,1,10,16,t,83e20e,2021-03-23T05:31:15.801Z
c8d436,3,10,16,t,83e20e,2021-03-23T05:31:15.801Z
f084eb,3,36,16,t,83e20e,2021-03-23T05:31:15.801Z
b9a74d,2,17,16,t,83e20e,2021-03-23T05:31:15.801Z
2feb6b,2,29,16,t,83e20e,2021-03-23T05:31:15.801Z
c4a632,5,13,15,f,aadcd4,2021-01-07T22:35:16.483Z
e83aa3,5,32,15,f,aadcd4,2021-01-07T22:35:16.483Z
e31d39,1,10,15,f,aadcd4,2021-01-07T22:35:16.483Z
9ec847,3,54,15,f,aadcd4,2021-01-07T22:35:16.483Z
5d267b,4,40,15,f,aadcd4,2021-01-07T22:35:16.483Z
2a2353,2,57,15,f,aadcd4,2021-01-07T22:35:16.483Z
b9a74d,2,17,15,f,aadcd4,2021-01-07T22:35:16.483Z
c4a632,3,13,4,t,ec35fe,2021-01-28T07:02:23.280Z
e31d39,2,10,4,t,ec35fe,2021-01-28T07:02:23.280Z
d5e9a6,3,23,4,t,ec35fe,2021-01-28T07:02:23.280Z
9ec847,2,54,4,t,ec35fe,2021-01-28T07:02:23.280Z
5d267b,5,40,4,t,ec35fe,2021-01-28T07:02:23.280Z
c8d436,2,10,4,t,ec35fe,2021-01-28T07:02:23.280Z
2a2353,2,57,4,t,ec35fe,2021-01-28T07:02:23.280Z
c4a632,5,13,9,t,d612ee,2021-01-19T15:18:09.244Z
2a2353,1,57,9,t,d612ee,2021-01-19T15:18:09.244Z
2feb6b,3,29,9,t,d612ee,2021-01-19T15:18:09.244Z
c4a632,4,13,24,f,bf574e,2021-02-14T19:19:44.572Z
72f5d4,3,19,24,f,bf574e,2021-02-14T19:19:44.572Z
f084eb,1,36,24,f,bf574e,2021-02-14T19:19:44.572Z
c4a632,1,13,17,f,304d78,2021-03-19T23:54:53.107Z
e31d39,3,10,17,f,304d78,2021-03-19T23:54:53.107Z
9ec847,1,54,17,f,304d78,2021-03-19T23:54:53.107Z
b9a74d,5,17,17,f,304d78,2021-03-19T23:54:53.107Z
c4a632,2,13,1,f,93d466,2021-01-05T23:55:33.110Z
e31d39,2,10,1,f,93d466,2021-01-05T23:55:33.110Z
72f5d4,5,19,1,f,93d466,2021-01-05T23:55:33.110Z
5d267b,4,40,1,f,93d466,2021-01-05T23:55:33.110Z
b9a74d,4,17,1,f,93d466,2021-01-05T23:55:33.110Z
e83aa3,2,32,9,t,809670,2021-01-18T13:19:12.345Z
e31d39,5,10,9,t,809670,2021-01-18T13:19:12.345Z
d5e9a6,4,23,9,t,809670,2021-01-18T13:19:12.345Z
5d267b,4,40,9,t,809670,2021-01-18T13:19:12.345Z
c8d436,4,10,9,t,809670,2021-01-18T13:19:12.345Z
2a2353,3,57,9,t,809670,2021-01-18T13:19:12.345Z
2feb6b,2,29,9,t,809670,2021-01-18T13:19:12.345Z
e31d39,5,10,1,t,ec8efd,2021-02-20T12:43:47.251Z
d5e9a6,1,23,1,t,ec8efd,2021-02-20T12:43:47.251Z
9ec847,2,54,1,t,ec8efd,2021-02-20T12:43:47.251Z
5d267b,5,40,1,t,ec8efd,2021-02-20T12:43:47.251Z
c8d436,5,10,1,t,ec8efd,2021-02-20T12:43:47.251Z
2feb6b,4,29,1,t,ec8efd,2021-02-20T12:43:47.251Z
e83aa3,2,32,20,t,e43852,2021-01-01T06:57:18.633Z
e31d39,5,10,20,t,e43852,2021-01-01T06:57:18.633Z
72f5d4,2,19,20,t,e43852,2021-01-01T06:57:18.633Z
9ec847,5,54,20,t,e43852,2021-01-01T06:57:18.633Z
c8d436,1,10,20,t,e43852,2021-01-01T06:57:18.633Z
2a2353,2,57,20,t,e43852,2021-01-01T06:57:18.633Z
d5e9a6,2,23,5,f,b144f3,2021-02-28T10:38:45.657Z
72f5d4,2,19,5,f,b144f3,2021-02-28T10:38:45.657Z
c8d436,3,10,5,f,b144f3,2021-02-28T10:38:45.657Z
2a2353,1,57,5,f,b144f3,2021-02-28T10:38:45.657Z
d5e9a6,2,23,15,t,c08da5,2021-02-12T20:15:28.684Z
72f5d4,5,19,15,t,c08da5,2021-02-12T20:15:28.684Z
9ec847,2,54,15,t,c08da5,2021-02-12T20:15:28.684Z
2a2353,3,57,15,t,c08da5,2021-02-12T20:15:28.684Z
f084eb,5,36,15,t,c08da5,2021-02-12T20:15:28.684Z
2feb6b,1,29,15,t,c08da5,2021-02-12T20:15:28.684Z
c4a632,5,13,20,f,ac09cd,2021-02-02T23:23:10.147Z
e31d39,5,10,20,f,ac09cd,2021-02-02T23:23:10.147Z
d5e9a6,3,23,20,f,ac09cd,2021-02-02T23:23:10.147Z
72f5d4,5,19,20,f,ac09cd,2021-02-02T23:23:10.147Z
9ec847,5,54,20,f,ac09cd,2021-02-02T23:23:10.147Z
2a2353,1,57,20,f,ac09cd,2021-02-02T23:23:10.147Z
f084eb,4,36,20,f,ac09cd,2021-02-02T23:23:10.147Z
2feb6b,3,29,20,f,ac09cd,2021-02-02T23:23:10.147Z
c4a632,1,13,14,t,d87b10,2021-01-04T07:04:11.280Z
e83aa3,2,32,14,t,d87b10,2021-01-04T07:04:11.280Z
e31d39,3,10,14,t,d87b10,2021-01-04T07:04:11.280Z
72f5d4,4,19,14,t,d87b10,2021-01-04T07:04:11.280Z
5d267b,2,40,14,t,d87b10,2021-01-04T07:04:11.280Z
f084eb,1,36,14,t,d87b10,2021-01-04T07:04:11.280Z
c4a632,4,13,8,f,087a77,2021-01-30T01:24:47.491Z
e31d39,3,10,8,f,087a77,2021-01-30T01:24:47.491Z
d5e9a6,4,23,8,f,087a77,2021-01-30T01:24:47.491Z
9ec847,5,54,8,f,087a77,2021-01-30T01:24:47.491Z
c8d436,3,10,8,f,087a77,2021-01-30T01:24:47.491Z
f084eb,3,36,8,f,087a77,2021-01-30T01:24:47.491Z
5d267b,3,40,1,t,13b759,2021-01-18T02:07:45.148Z
c8d436,1,10,1,t,13b759,2021-01-18T02:07:45.148Z
72f5d4,5,19,3,t,d15a6c,2021-01-26T09:20:44.592Z
9ec847,4,54,3,t,d15a6c,2021-01-26T09:20:44.592Z
5d267b,2,40,3,t,d15a6c,2021-01-26T09:20:44.592Z
c8d436,3,10,3,t,d15a6c,2021-01-26T09:20:44.592Z
f084eb,5,36,3,t,d15a6c,2021-01-26T09:20:44.592Z
b9a74d,2,17,3,t,d15a6c,2021-01-26T09:20:44.592Z
e83aa3,1,32,17,f,cbfc57,2021-02-26T19:30:08.467Z
d5e9a6,4,23,17,f,cbfc57,2021-02-26T19:30:08.467Z
72f5d4,4,19,17,f,cbfc57,2021-02-26T19:30:08.467Z
9ec847,3,54,17,f,cbfc57,2021-02-26T19:30:08.467Z
2a2353,1,57,17,f,cbfc57,2021-02-26T19:30:08.467Z
f084eb,2,36,17,f,cbfc57,2021-02-26T19:30:08.467Z
b9a74d,3,17,17,f,cbfc57,2021-02-26T19:30:08.467Z
2feb6b,3,29,17,f,cbfc57,2021-02-26T19:30:08.467Z
e83aa3,4,32,24,f,5b36bd,2021-02-03T15:41:05.164Z
72f5d4,5,19,24,f,5b36bd,2021-02-03T15:41:05.164Z
5d267b,3,40,24,f,5b36bd,2021-02-03T15:41:05.164Z
e31d39,1,10,4,t,b0492d,2021-02-02T06:01:32.707Z
9ec847,1,54,4,t,b0492d,2021-02-02T06:01:32.707Z
c8d436,4,10,4,t,b0492d,2021-02-02T06:01:32.707Z
2a2353,3,57,4,t,b0492d,2021-02-02T06:01:32.707Z
f084eb,1,36,4,t,b0492d,2021-02-02T06:01:32.707Z
b9a74d,4,17,4,t,b0492d,2021-02-02T06:01:32.707Z
e83aa3,4,32,1,t,491f65,2021-01-26T06:20:49.344Z
e31d39,1,10,1,t,491f65,2021-01-26T06:20:49.344Z
d5e9a6,3,23,1,t,491f65,2021-01-26T06:20:49.344Z
2a2353,1,57,1,t,491f65,2021-01-26T06:20:49.344Z
2feb6b,5,29,1,t,491f65,2021-01-26T06:20:49.344Z
9ec847,1,54,16,f,9b65ee,2021-01-17T19:35:47.155Z
c8d436,3,10,16,f,9b65ee,2021-01-17T19:35:47.155Z
b9a74d,1,17,16,f,9b65ee,2021-01-17T19:35:47.155Z
c4a632,5,13,24,f,ed9dd9,2021-02-14T15:55:40.310Z
e31d39,2,10,24,f,ed9dd9,2021-02-14T15:55:40.310Z
d5e9a6,3,23,24,f,ed9dd9,2021-02-14T15:55:40.310Z
5d267b,5,40,24,f,ed9dd9,2021-02-14T15:55:40.310Z
2a2353,2,57,24,f,ed9dd9,2021-02-14T15:55:40.310Z
f084eb,3,36,24,f,ed9dd9,2021-02-14T15:55:40.310Z
e83aa3,4,32,4,f,44cf15,2021-02-21T18:42:12.384Z
e31d39,2,10,4,f,44cf15,2021-02-21T18:42:12.384Z
c8d436,4,10,4,f,44cf15,2021-02-21T18:42:12.384Z
f084eb,1,36,4,f,44cf15,2021-02-21T18:42:12.384Z
b9a74d,1,17,4,f,44cf15,2021-02-21T18:42:12.384Z
2feb6b,4,29,4,f,44cf15,2021-02-21T18:42:12.384Z
c4a632,3,13,7,f,01d907,2021-03-05T07:09:45.388Z
e83aa3,4,32,7,f,01d907,2021-03-05T07:09:45.388Z
5d267b,3,40,7,f,01d907,2021-03-05T07:09:45.388Z
c8d436,4,10,7,f,01d907,2021-03-05T07:09:45.388Z
f084eb,3,36,7,f,01d907,2021-03-05T07:09:45.388Z
2feb6b,4,29,7,f,01d907,2021-03-05T07:09:45.388Z
e83aa3,2,32,7,f,9c6dce,2021-01-01T15:03:21.225Z
e31d39,4,10,7,f,9c6dce,2021-01-01T15:03:21.225Z
d5e9a6,5,23,7,f,9c6dce,2021-01-01T15:03:21.225Z
72f5d4,5,19,7,f,9c6dce,2021-01-01T15:03:21.225Z
9ec847,1,54,7,f,9c6dce,2021-01-01T15:03:21.225Z
f084eb,2,36,7,f,9c6dce,2021-01-01T15:03:21.225Z
b9a74d,3,17,7,f,9c6dce,2021-01-01T15:03:21.225Z
e83aa3,4,32,18,t,db45e2,2021-01-16T06:42:10.396Z
e31d39,5,10,18,t,db45e2,2021-01-16T06:42:10.396Z
d5e9a6,3,23,18,t,db45e2,2021-01-16T06:42:10.396Z
72f5d4,2,19,18,t,db45e2,2021-01-16T06:42:10.396Z
9ec847,4,54,18,t,db45e2,2021-01-16T06:42:10.396Z
5d267b,2,40,18,t,db45e2,2021-01-16T06:42:10.396Z
2a2353,4,57,18,t,db45e2,2021-01-16T06:42:10.396Z
f084eb,3,36,18,t,db45e2,2021-01-16T06:42:10.396Z
2feb6b,3,29,18,t,db45e2,2021-01-16T06:42:10.396Z
c4a632,4,13,24,t,e30ce5,2021-03-01T23:17:59.625Z
d5e9a6,3,23,24,t,e30ce5,2021-03-01T23:17:59.625Z
72f5d4,1,19,24,t,e30ce5,2021-03-01T23:17:59.625Z
9ec847,4,54,24,t,e30ce5,2021-03-01T23:17:59.625Z
5d267b,2,40,24,t,e30ce5,2021-03-01T23:17:59.625Z
c4a632,4,13,14,t,14d8bf,2021-01-12T18:29:19.104Z
e31d39,5,10,14,t,14d8bf,2021-01-12T18:29:19.104Z
72f5d4,5,19,14,t,14d8bf,2021-01-12T18:29:19.104Z
9ec847,2,54,14,t,14d8bf,2021-01-12T18:29:19.104Z
5d267b,1,40,14,t,14d8bf,2021-01-12T18:29:19.104Z
c8d436,1,10,14,t,14d8bf,2021-01-12T18:29:19.104Z
2a2353,5,57,14,t,14d8bf,2021-01-12T18:29:19.104Z
b9a74d,3,17,14,t,14d8bf,2021-01-12T18:29:19.104Z
e83aa3,5,32,13,t,76e1b4,2021-02-23T03:14:07.756Z
72f5d4,5,19,13,t,76e1b4,2021-02-23T03:14:07.756Z
c8d436,3,10,13,t,76e1b4,2021-02-23T03:14:07.756Z
b9a74d,2,17,13,t,76e1b4,2021-02-23T03:14:07.756Z
e83aa3,2,32,2,t,2d29af,2021-03-13T19:04:50.678Z
e31d39,2,10,2,t,2d29af,2021-03-13T19:04:50.678Z
d5e9a6,1,23,2,t,2d29af,2021-03-13T19:04:50.678Z
72f5d4,3,19,2,t,2d29af,2021-03-13T19:04:50.678Z
5d267b,4,40,2,t,2d29af,2021-03-13T19:04:50.678Z
c8d436,3,10,2,t,2d29af,2021-03-13T19:04:50.678Z
b9a74d,3,17,2,t,2d29af,2021-03-13T19:04:50.678Z
2feb6b,4,29,2,t,2d29af,2021-03-13T19:04:50.678Z
c4a632,3,13,23,f,4a64f1,2021-01-06T05:00:12.499Z
e31d39,5,10,23,f,4a64f1,2021-01-06T05:00:12.499Z
72f5d4,3,19,23,f,4a64f1,2021-01-06T05:00:12.499Z
9ec847,3,54,23,f,4a64f1,2021-01-06T05:00:12.499Z
5d267b,4,40,23,f,4a64f1,2021-01-06T05:00:12.499Z
c8d436,5,10,23,f,4a64f1,2021-01-06T05:00:12.499Z
2a2353,2,57,23,f,4a64f1,2021-01-06T05:00:12.499Z
f084eb,3,36,23,f,4a64f1,2021-01-06T05:00:12.499Z
b9a74d,3,17,23,f,4a64f1,2021-01-06T05:00:12.499Z
2feb6b,3,29,23,f,4a64f1,2021-01-06T05:00:12.499Z
e31d39,3,10,22,t,334aa1,2021-03-27T10:40:02.380Z
9ec847,3,54,22,t,334aa1,2021-03-27T10:40:02.380Z
5d267b,4,40,22,t,334aa1,2021-03-27T10:40:02.380Z
b9a74d,3,17,22,t,334aa1,2021-03-27T10:40:02.380Z
c4a632,3,13,21,t,5.55E+16,2021-03-04T03:58:10.560Z
e31d39,2,10,21,t,5.55E+16,2021-03-04T03:58:10.560Z
d5e9a6,2,23,21,t,5.55E+16,2021-03-04T03:58:10.560Z
72f5d4,4,19,21,t,5.55E+16,2021-03-04T03:58:10.560Z
9ec847,4,54,21,t,5.55E+16,2021-03-04T03:58:10.560Z
f084eb,1,36,21,t,5.55E+16,2021-03-04T03:58:10.560Z
b9a74d,2,17,21,t,5.55E+16,2021-03-04T03:58:10.560Z
d5e9a6,4,23,0,t,cb4fbf,2021-03-20T22:46:08.284Z
2a2353,3,57,0,t,cb4fbf,2021-03-20T22:46:08.284Z
f084eb,4,36,0,t,cb4fbf,2021-03-20T22:46:08.284Z
2feb6b,1,29,0,t,cb4fbf,2021-03-20T22:46:08.284Z
e31d39,3,10,15,t,dcac2d,2021-01-06T21:47:23.942Z
72f5d4,3,19,15,t,dcac2d,2021-01-06T21:47:23.942Z
5d267b,2,40,15,t,dcac2d,2021-01-06T21:47:23.942Z
c8d436,2,10,15,t,dcac2d,2021-01-06T21:47:23.942Z
f084eb,2,36,15,t,dcac2d,2021-01-06T21:47:23.942Z
e83aa3,2,32,4,t,5668d2,2021-03-09T15:21:07.833Z
e31d39,1,10,4,t,5668d2,2021-03-09T15:21:07.833Z
d5e9a6,5,23,4,t,5668d2,2021-03-09T15:21:07.833Z
5d267b,2,40,4,t,5668d2,2021-03-09T15:21:07.833Z
c8d436,2,10,4,t,5668d2,2021-03-09T15:21:07.833Z
f084eb,5,36,4,t,5668d2,2021-03-09T15:21:07.833Z
2feb6b,5,29,4,t,5668d2,2021-03-09T15:21:07.833Z
c4a632,4,13,16,t,6eb8ad,2021-03-02T04:01:56.064Z
72f5d4,1,19,16,t,6eb8ad,2021-03-02T04:01:56.064Z
9ec847,3,54,16,t,6eb8ad,2021-03-02T04:01:56.064Z
c8d436,3,10,16,t,6eb8ad,2021-03-02T04:01:56.064Z
2a2353,4,57,16,t,6eb8ad,2021-03-02T04:01:56.064Z
2feb6b,3,29,16,t,6eb8ad,2021-03-02T04:01:56.064Z
e31d39,2,10,17,f,f3dc64,2021-02-10T15:40:30.864Z
d5e9a6,5,23,17,f,f3dc64,2021-02-10T15:40:30.864Z
5d267b,4,40,17,f,f3dc64,2021-02-10T15:40:30.864Z
c8d436,4,10,17,f,f3dc64,2021-02-10T15:40:30.864Z
f084eb,3,36,17,f,f3dc64,2021-02-10T15:40:30.864Z
b9a74d,2,17,17,f,f3dc64,2021-02-10T15:40:30.864Z
c4a632,4,13,18,t,4.05E+47,2021-01-07T23:44:16.771Z
72f5d4,1,19,18,t,4.05E+47,2021-01-07T23:44:16.771Z
9ec847,5,54,18,t,4.05E+47,2021-01-07T23:44:16.771Z
2a2353,3,57,18,t,4.05E+47,2021-01-07T23:44:16.771Z
f084eb,1,36,18,t,4.05E+47,2021-01-07T23:44:16.771Z
2feb6b,4,29,18,t,4.05E+47,2021-01-07T23:44:16.771Z
e83aa3,2,32,10,t,7ee411,2021-02-03T06:53:35.203Z
9ec847,2,54,10,t,7ee411,2021-02-03T06:53:35.203Z
f084eb,1,36,10,t,7ee411,2021-02-03T06:53:35.203Z
b9a74d,1,17,10,t,7ee411,2021-02-03T06:53:35.203Z
d5e9a6,2,23,18,t,87ed1f,2021-02-01T03:02:04.934Z
9ec847,1,54,18,t,87ed1f,2021-02-01T03:02:04.934Z
5d267b,4,40,18,t,87ed1f,2021-02-01T03:02:04.934Z
c8d436,3,10,18,t,87ed1f,2021-02-01T03:02:04.934Z
2a2353,3,57,18,t,87ed1f,2021-02-01T03:02:04.934Z
f084eb,1,36,18,t,87ed1f,2021-02-01T03:02:04.934Z
c4a632,5,13,14,f,8f8458,2021-01-04T17:42:22.377Z
e31d39,5,10,14,f,8f8458,2021-01-04T17:42:22.377Z
5d267b,3,40,14,f,8f8458,2021-01-04T17:42:22.377Z
2feb6b,5,29,14,f,8f8458,2021-01-04T17:42:22.377Z
e83aa3,2,32,19,f,4c28a3,2021-02-07T13:33:19.843Z
e31d39,2,10,19,f,4c28a3,2021-02-07T13:33:19.843Z
d5e9a6,4,23,19,f,4c28a3,2021-02-07T13:33:19.843Z
72f5d4,4,19,19,f,4c28a3,2021-02-07T13:33:19.843Z
9ec847,5,54,19,f,4c28a3,2021-02-07T13:33:19.843Z
5d267b,3,40,19,f,4c28a3,2021-02-07T13:33:19.843Z
f084eb,3,36,19,f,4c28a3,2021-02-07T13:33:19.843Z
b9a74d,5,17,19,f,4c28a3,2021-02-07T13:33:19.843Z
2feb6b,1,29,19,f,4c28a3,2021-02-07T13:33:19.843Z
c4a632,3,13,8,f,327aa0,2021-03-15T06:59:41.712Z
e83aa3,4,32,8,f,327aa0,2021-03-15T06:59:41.712Z
9ec847,5,54,8,f,327aa0,2021-03-15T06:59:41.712Z
c8d436,5,10,8,f,327aa0,2021-03-15T06:59:41.712Z
2a2353,4,57,8,f,327aa0,2021-03-15T06:59:41.712Z
f084eb,3,36,8,f,327aa0,2021-03-15T06:59:41.712Z
b9a74d,3,17,8,f,327aa0,2021-03-15T06:59:41.712Z
2feb6b,1,29,8,f,327aa0,2021-03-15T06:59:41.712Z
c4a632,3,13,18,t,533b89,2021-01-20T21:30:20.188Z
9ec847,3,54,18,t,533b89,2021-01-20T21:30:20.188Z
5d267b,3,40,18,t,533b89,2021-01-20T21:30:20.188Z
c8d436,3,10,18,t,533b89,2021-01-20T21:30:20.188Z
f084eb,3,36,18,t,533b89,2021-01-20T21:30:20.188Z
2feb6b,3,29,18,t,533b89,2021-01-20T21:30:20.188Z
c4a632,1,13,9,f,c6e5c3,2021-01-06T15:08:59.049Z
e83aa3,1,32,9,f,c6e5c3,2021-01-06T15:08:59.049Z
c8d436,1,10,9,f,c6e5c3,2021-01-06T15:08:59.049Z
f084eb,2,36,9,f,c6e5c3,2021-01-06T15:08:59.049Z
b9a74d,2,17,9,f,c6e5c3,2021-01-06T15:08:59.049Z
e83aa3,4,32,0,t,aba74b,2021-03-20T13:15:02.476Z
e31d39,2,10,0,t,aba74b,2021-03-20T13:15:02.476Z
9ec847,3,54,0,t,aba74b,2021-03-20T13:15:02.476Z
5d267b,5,40,0,t,aba74b,2021-03-20T13:15:02.476Z
c8d436,3,10,0,t,aba74b,2021-03-20T13:15:02.476Z
b9a74d,1,17,0,t,aba74b,2021-03-20T13:15:02.476Z
c4a632,3,13,8,f,139683,2021-03-09T12:45:11.318Z
e31d39,4,10,8,f,139683,2021-03-09T12:45:11.318Z
d5e9a6,1,23,8,f,139683,2021-03-09T12:45:11.318Z
72f5d4,4,19,8,f,139683,2021-03-09T12:45:11.318Z
9ec847,3,54,8,f,139683,2021-03-09T12:45:11.318Z
f084eb,5,36,8,f,139683,2021-03-09T12:45:11.318Z
c4a632,5,13,12,f,9be667,2021-02-23T23:20:13.372Z
e83aa3,4,32,12,f,9be667,2021-02-23T23:20:13.372Z
e31d39,3,10,12,f,9be667,2021-02-23T23:20:13.372Z
d5e9a6,4,23,12,f,9be667,2021-02-23T23:20:13.372Z
72f5d4,2,19,12,f,9be667,2021-02-23T23:20:13.372Z
9ec847,5,54,12,f,9be667,2021-02-23T23:20:13.372Z
5d267b,5,40,12,f,9be667,2021-02-23T23:20:13.372Z
2a2353,3,57,12,f,9be667,2021-02-23T23:20:13.372Z
f084eb,2,36,12,f,9be667,2021-02-23T23:20:13.372Z
c4a632,5,13,9,t,8d48c6,2021-02-18T20:35:53.491Z
e31d39,3,10,9,t,8d48c6,2021-02-18T20:35:53.491Z
72f5d4,3,19,9,t,8d48c6,2021-02-18T20:35:53.491Z
9ec847,3,54,9,t,8d48c6,2021-02-18T20:35:53.491Z
2a2353,1,57,9,t,8d48c6,2021-02-18T20:35:53.491Z
f084eb,2,36,9,t,8d48c6,2021-02-18T20:35:53.491Z
c4a632,5,13,9,f,63df3f,2021-03-24T05:12:25.948Z
e31d39,3,10,9,f,63df3f,2021-03-24T05:12:25.948Z
d5e9a6,2,23,9,f,63df3f,2021-03-24T05:12:25.948Z
72f5d4,3,19,9,f,63df3f,2021-03-24T05:12:25.948Z
9ec847,2,54,9,f,63df3f,2021-03-24T05:12:25.948Z
2a2353,1,57,9,f,63df3f,2021-03-24T05:12:25.948Z
e83aa3,5,32,23,t,8f0ec9,2021-01-21T10:58:36.854Z
5d267b,4,40,23,t,8f0ec9,2021-01-21T10:58:36.854Z
2a2353,5,57,23,t,8f0ec9,2021-01-21T10:58:36.854Z
b9a74d,3,17,23,t,8f0ec9,2021-01-21T10:58:36.854Z
c4a632,4,13,6,f,9d1c54,2021-02-28T16:35:00.499Z
e83aa3,2,32,6,f,9d1c54,2021-02-28T16:35:00.499Z
d5e9a6,5,23,6,f,9d1c54,2021-02-28T16:35:00.499Z
9ec847,3,54,6,f,9d1c54,2021-02-28T16:35:00.499Z
5d267b,1,40,6,f,9d1c54,2021-02-28T16:35:00.499Z
2a2353,2,57,6,f,9d1c54,2021-02-28T16:35:00.499Z
2feb6b,2,29,6,f,9d1c54,2021-02-28T16:35:00.499Z
e83aa3,4,32,24,f,ad3989,2021-02-02T09:17:22.502Z
72f5d4,1,19,24,f,ad3989,2021-02-02T09:17:22.502Z
9ec847,5,54,24,f,ad3989,2021-02-02T09:17:22.502Z
c8d436,1,10,24,f,ad3989,2021-02-02T09:17:22.502Z
f084eb,1,36,24,f,ad3989,2021-02-02T09:17:22.502Z
b9a74d,2,17,24,f,ad3989,2021-02-02T09:17:22.502Z
2feb6b,4,29,24,f,ad3989,2021-02-02T09:17:22.502Z
e31d39,3,10,17,t,b815fd,2021-01-22T02:58:46.473Z
9ec847,2,54,17,t,b815fd,2021-01-22T02:58:46.473Z
5d267b,3,40,17,t,b815fd,2021-01-22T02:58:46.473Z
c8d436,2,10,17,t,b815fd,2021-01-22T02:58:46.473Z
2a2353,3,57,17,t,b815fd,2021-01-22T02:58:46.473Z
c4a632,4,13,17,f,ceb3df,2021-01-07T20:43:52.665Z
e83aa3,3,32,17,f,ceb3df,2021-01-07T20:43:52.665Z
d5e9a6,3,23,17,f,ceb3df,2021-01-07T20:43:52.665Z
5d267b,1,40,17,f,ceb3df,2021-01-07T20:43:52.665Z
c8d436,3,10,17,f,ceb3df,2021-01-07T20:43:52.665Z
2a2353,2,57,17,f,ceb3df,2021-01-07T20:43:52.665Z
f084eb,3,36,17,f,ceb3df,2021-01-07T20:43:52.665Z
b9a74d,5,17,17,f,ceb3df,2021-01-07T20:43:52.665Z
e31d39,5,10,3,f,170437,2021-01-18T15:17:00.297Z
5d267b,3,40,3,f,170437,2021-01-18T15:17:00.297Z
2a2353,3,57,3,f,170437,2021-01-18T15:17:00.297Z
2feb6b,3,29,3,f,170437,2021-01-18T15:17:00.297Z
c4a632,5,13,17,t,41787f,2021-03-01T22:41:42.604Z
e31d39,5,10,17,t,41787f,2021-03-01T22:41:42.604Z
c8d436,4,10,17,t,41787f,2021-03-01T22:41:42.604Z
2a2353,2,57,17,t,41787f,2021-03-01T22:41:42.604Z
b9a74d,5,17,17,t,41787f,2021-03-01T22:41:42.604Z
2feb6b,4,29,17,t,41787f,2021-03-01T22:41:42.604Z
c4a632,3,13,23,f,bd7d3a,2021-01-23T04:07:38.812Z
e31d39,2,10,23,f,bd7d3a,2021-01-23T04:07:38.812Z
d5e9a6,5,23,23,f,bd7d3a,2021-01-23T04:07:38.812Z
9ec847,4,54,23,f,bd7d3a,2021-01-23T04:07:38.812Z
c8d436,1,10,23,f,bd7d3a,2021-01-23T04:07:38.812Z
2a2353,5,57,23,f,bd7d3a,2021-01-23T04:07:38.812Z
b9a74d,1,17,23,f,bd7d3a,2021-01-23T04:07:38.812Z
2feb6b,2,29,23,f,bd7d3a,2021-01-23T04:07:38.812Z
e83aa3,3,32,23,t,67fb7f,2021-03-06T20:42:38.793Z
e31d39,1,10,23,t,67fb7f,2021-03-06T20:42:38.793Z
d5e9a6,3,23,23,t,67fb7f,2021-03-06T20:42:38.793Z
5d267b,4,40,23,t,67fb7f,2021-03-06T20:42:38.793Z
c8d436,2,10,23,t,67fb7f,2021-03-06T20:42:38.793Z
f084eb,4,36,23,t,67fb7f,2021-03-06T20:42:38.793Z
c4a632,2,13,8,t,cbd7b5,2021-03-22T06:45:20.995Z
e83aa3,5,32,8,t,cbd7b5,2021-03-22T06:45:20.995Z
72f5d4,3,19,8,t,cbd7b5,2021-03-22T06:45:20.995Z
b9a74d,1,17,8,t,cbd7b5,2021-03-22T06:45:20.995Z
2feb6b,1,29,8,t,cbd7b5,2021-03-22T06:45:20.995Z
c4a632,3,13,15,f,08ee38,2021-03-28T15:40:00.624Z
e83aa3,5,32,15,f,08ee38,2021-03-28T15:40:00.624Z
72f5d4,1,19,15,f,08ee38,2021-03-28T15:40:00.624Z
5d267b,4,40,15,f,08ee38,2021-03-28T15:40:00.624Z
c8d436,1,10,15,f,08ee38,2021-03-28T15:40:00.624Z
2a2353,1,57,15,f,08ee38,2021-03-28T15:40:00.624Z
b9a74d,3,17,15,f,08ee38,2021-03-28T15:40:00.624Z
c4a632,5,13,7,t,dd7c4f,2021-03-01T06:54:30.240Z
e31d39,3,10,7,t,dd7c4f,2021-03-01T06:54:30.240Z
d5e9a6,5,23,7,t,dd7c4f,2021-03-01T06:54:30.240Z
72f5d4,1,19,7,t,dd7c4f,2021-03-01T06:54:30.240Z
9ec847,3,54,7,t,dd7c4f,2021-03-01T06:54:30.240Z
5d267b,3,40,7,t,dd7c4f,2021-03-01T06:54:30.240Z
c8d436,5,10,7,t,dd7c4f,2021-03-01T06:54:30.240Z
e83aa3,4,32,18,t,129c41,2021-02-22T15:45:28.252Z
72f5d4,1,19,18,t,129c41,2021-02-22T15:45:28.252Z
9ec847,1,54,18,t,129c41,2021-02-22T15:45:28.252Z
c8d436,1,10,18,t,129c41,2021-02-22T15:45:28.252Z
2a2353,5,57,18,t,129c41,2021-02-22T15:45:28.252Z
2feb6b,4,29,18,t,129c41,2021-02-22T15:45:28.252Z
e31d39,4,10,24,f,43de08,2021-02-06T18:16:17.097Z
d5e9a6,1,23,24,f,43de08,2021-02-06T18:16:17.097Z
9ec847,3,54,24,f,43de08,2021-02-06T18:16:17.097Z
c8d436,1,10,24,f,43de08,2021-02-06T18:16:17.097Z
e83aa3,4,32,2,t,d3a747,2021-01-24T01:37:25.737Z
e31d39,1,10,2,t,d3a747,2021-01-24T01:37:25.737Z
d5e9a6,5,23,2,t,d3a747,2021-01-24T01:37:25.737Z
72f5d4,1,19,2,t,d3a747,2021-01-24T01:37:25.737Z
9ec847,4,54,2,t,d3a747,2021-01-24T01:37:25.737Z
c8d436,3,10,2,t,d3a747,2021-01-24T01:37:25.737Z
2a2353,5,57,2,t,d3a747,2021-01-24T01:37:25.737Z
f084eb,4,36,2,t,d3a747,2021-01-24T01:37:25.737Z
b9a74d,4,17,2,t,d3a747,2021-01-24T01:37:25.737Z
2feb6b,1,29,2,t,d3a747,2021-01-24T01:37:25.737Z
e83aa3,4,32,11,f,0f6ca0,2021-01-06T18:20:08.217Z
e31d39,2,10,11,f,0f6ca0,2021-01-06T18:20:08.217Z
d5e9a6,4,23,11,f,0f6ca0,2021-01-06T18:20:08.217Z
72f5d4,2,19,11,f,0f6ca0,2021-01-06T18:20:08.217Z
9ec847,5,54,11,f,0f6ca0,2021-01-06T18:20:08.217Z
f084eb,5,36,11,f,0f6ca0,2021-01-06T18:20:08.217Z
2feb6b,4,29,11,f,0f6ca0,2021-01-06T18:20:08.217Z
d5e9a6,2,23,23,f,9ff41b,2021-02-21T14:30:01.497Z
72f5d4,2,19,23,f,9ff41b,2021-02-21T14:30:01.497Z
5d267b,1,40,23,f,9ff41b,2021-02-21T14:30:01.497Z
c8d436,2,10,23,f,9ff41b,2021-02-21T14:30:01.497Z
b9a74d,1,17,23,f,9ff41b,2021-02-21T14:30:01.497Z
e83aa3,4,32,8,t,e80871,2021-03-02T11:52:45.494Z
d5e9a6,2,23,8,t,e80871,2021-03-02T11:52:45.494Z
f084eb,3,36,8,t,e80871,2021-03-02T11:52:45.494Z
e83aa3,1,32,4,t,a96d69,2021-01-19T14:44:11.846Z
d5e9a6,5,23,4,t,a96d69,2021-01-19T14:44:11.846Z
72f5d4,5,19,4,t,a96d69,2021-01-19T14:44:11.846Z
9ec847,2,54,4,t,a96d69,2021-01-19T14:44:11.846Z
5d267b,3,40,4,t,a96d69,2021-01-19T14:44:11.846Z
2a2353,4,57,4,t,a96d69,2021-01-19T14:44:11.846Z
f084eb,3,36,4,t,a96d69,2021-01-19T14:44:11.846Z
b9a74d,3,17,4,t,a96d69,2021-01-19T14:44:11.846Z
e31d39,5,10,17,t,c6e8e8,2021-01-15T11:14:42.201Z
b9a74d,3,17,17,t,c6e8e8,2021-01-15T11:14:42.201Z
e31d39,3,10,14,t,542492,2021-01-09T08:43:07.910Z
9ec847,5,54,14,t,542492,2021-01-09T08:43:07.910Z
5d267b,1,40,14,t,542492,2021-01-09T08:43:07.910Z
c8d436,5,10,14,t,542492,2021-01-09T08:43:07.910Z
2a2353,5,57,14,t,542492,2021-01-09T08:43:07.910Z
f084eb,4,36,14,t,542492,2021-01-09T08:43:07.910Z
b9a74d,3,17,14,t,542492,2021-01-09T08:43:07.910Z
2feb6b,2,29,14,t,542492,2021-01-09T08:43:07.910Z
e83aa3,4,32,24,f,f4d6e1,2021-01-01T05:05:16.800Z
e31d39,1,10,24,f,f4d6e1,2021-01-01T05:05:16.800Z
d5e9a6,2,23,24,f,f4d6e1,2021-01-01T05:05:16.800Z
72f5d4,1,19,24,f,f4d6e1,2021-01-01T05:05:16.800Z
5d267b,4,40,24,f,f4d6e1,2021-01-01T05:05:16.800Z
c8d436,5,10,24,f,f4d6e1,2021-01-01T05:05:16.800Z
2a2353,5,57,24,f,f4d6e1,2021-01-01T05:05:16.800Z
f084eb,4,36,24,f,f4d6e1,2021-01-01T05:05:16.800Z
b9a74d,3,17,24,f,f4d6e1,2021-01-01T05:05:16.800Z
d5e9a6,3,23,19,t,9f47bf,2021-02-02T12:57:30.816Z
9ec847,1,54,19,t,9f47bf,2021-02-02T12:57:30.816Z
c8d436,1,10,19,t,9f47bf,2021-02-02T12:57:30.816Z
e83aa3,4,32,14,t,1db83f,2021-02-06T11:22:44.659Z
e31d39,3,10,14,t,1db83f,2021-02-06T11:22:44.659Z
d5e9a6,1,23,14,t,1db83f,2021-02-06T11:22:44.659Z
72f5d4,3,19,14,t,1db83f,2021-02-06T11:22:44.659Z
9ec847,2,54,14,t,1db83f,2021-02-06T11:22:44.659Z
5d267b,4,40,14,t,1db83f,2021-02-06T11:22:44.659Z
c8d436,5,10,14,t,1db83f,2021-02-06T11:22:44.659Z
2a2353,2,57,14,t,1db83f,2021-02-06T11:22:44.659Z
b9a74d,5,17,14,t,1db83f,2021-02-06T11:22:44.659Z
2feb6b,2,29,14,t,1db83f,2021-02-06T11:22:44.659Z
c4a632,3,13,5,t,f7cab8,2021-03-14T07:51:50.342Z
9ec847,4,54,5,t,f7cab8,2021-03-14T07:51:50.342Z
f084eb,4,36,5,t,f7cab8,2021-03-14T07:51:50.342Z
b9a74d,1,17,5,t,f7cab8,2021-03-14T07:51:50.342Z
e83aa3,5,32,7,f,5ad5a6,2021-03-18T20:20:01.276Z
e31d39,4,10,7,f,5ad5a6,2021-03-18T20:20:01.276Z
d5e9a6,1,23,7,f,5ad5a6,2021-03-18T20:20:01.276Z
72f5d4,5,19,7,f,5ad5a6,2021-03-18T20:20:01.276Z
c8d436,1,10,7,f,5ad5a6,2021-03-18T20:20:01.276Z
2a2353,2,57,7,f,5ad5a6,2021-03-18T20:20:01.276Z
b9a74d,3,17,7,f,5ad5a6,2021-03-18T20:20:01.276Z
e83aa3,5,32,23,t,edd773,2021-01-22T06:54:18.489Z
e31d39,4,10,23,t,edd773,2021-01-22T06:54:18.489Z
d5e9a6,4,23,23,t,edd773,2021-01-22T06:54:18.489Z
9ec847,4,54,23,t,edd773,2021-01-22T06:54:18.489Z
5d267b,4,40,23,t,edd773,2021-01-22T06:54:18.489Z
c8d436,4,10,23,t,edd773,2021-01-22T06:54:18.489Z
2a2353,5,57,23,t,edd773,2021-01-22T06:54:18.489Z
f084eb,4,36,23,t,edd773,2021-01-22T06:54:18.489Z
2feb6b,3,29,23,t,edd773,2021-01-22T06:54:18.489Z
c4a632,2,13,10,t,908a52,2021-03-01T16:56:14.380Z
d5e9a6,1,23,10,t,908a52,2021-03-01T16:56:14.380Z
9ec847,1,54,10,t,908a52,2021-03-01T16:56:14.380Z
c8d436,3,10,10,t,908a52,2021-03-01T16:56:14.380Z
2a2353,2,57,10,t,908a52,2021-03-01T16:56:14.380Z
f084eb,3,36,10,t,908a52,2021-03-01T16:56:14.380Z
2feb6b,2,29,10,t,908a52,2021-03-01T16:56:14.380Z
e31d39,2,10,12,t,1e4fd6,2021-01-01T23:57:02.275Z
d5e9a6,1,23,12,t,1e4fd6,2021-01-01T23:57:02.275Z
5d267b,3,40,12,t,1e4fd6,2021-01-01T23:57:02.275Z
2a2353,2,57,12,t,1e4fd6,2021-01-01T23:57:02.275Z
b9a74d,4,17,12,t,1e4fd6,2021-01-01T23:57:02.275Z
2feb6b,5,29,12,t,1e4fd6,2021-01-01T23:57:02.275Z
c4a632,2,13,13,t,d64dc3,2021-01-07T04:02:57.840Z
72f5d4,1,19,13,t,d64dc3,2021-01-07T04:02:57.840Z
f084eb,3,36,13,t,d64dc3,2021-01-07T04:02:57.840Z
2feb6b,1,29,13,t,d64dc3,2021-01-07T04:02:57.840Z
e31d39,5,10,24,t,22efa6,2021-01-22T22:46:22.368Z
d5e9a6,4,23,24,t,22efa6,2021-01-22T22:46:22.368Z
2a2353,1,57,24,t,22efa6,2021-01-22T22:46:22.368Z
2feb6b,5,29,24,t,22efa6,2021-01-22T22:46:22.368Z
72f5d4,5,19,7,t,2c372d,2021-03-26T18:46:48.345Z
b9a74d,1,17,7,t,2c372d,2021-03-26T18:46:48.345Z
c8d436,5,10,13,f,bafa81,2021-03-04T14:23:30.537Z
c4a632,1,13,23,t,5bd828,2021-02-02T03:56:45.715Z
e83aa3,5,32,23,t,5bd828,2021-02-02T03:56:45.715Z
e31d39,2,10,23,t,5bd828,2021-02-02T03:56:45.715Z
d5e9a6,5,23,23,t,5bd828,2021-02-02T03:56:45.715Z
72f5d4,1,19,23,t,5bd828,2021-02-02T03:56:45.715Z
9ec847,5,54,23,t,5bd828,2021-02-02T03:56:45.715Z
c8d436,2,10,23,t,5bd828,2021-02-02T03:56:45.715Z
2a2353,5,57,23,t,5bd828,2021-02-02T03:56:45.715Z
b9a74d,5,17,23,t,5bd828,2021-02-02T03:56:45.715Z
e31d39,5,10,9,f,9.90E+05,2021-02-09T11:17:24.892Z
9ec847,5,54,9,f,9.90E+05,2021-02-09T11:17:24.892Z
5d267b,5,40,9,f,9.90E+05,2021-02-09T11:17:24.892Z
2a2353,3,57,9,f,9.90E+05,2021-02-09T11:17:24.892Z
f084eb,1,36,9,f,9.90E+05,2021-02-09T11:17:24.892Z
b9a74d,5,17,9,f,9.90E+05,2021-02-09T11:17:24.892Z
2feb6b,3,29,9,f,9.90E+05,2021-02-09T11:17:24.892Z
e83aa3,4,32,6,t,3ff0ea,2021-03-30T17:13:01.891Z
e31d39,5,10,6,t,3ff0ea,2021-03-30T17:13:01.891Z
d5e9a6,3,23,6,t,3ff0ea,2021-03-30T17:13:01.891Z
72f5d4,2,19,6,t,3ff0ea,2021-03-30T17:13:01.891Z
9ec847,1,54,6,t,3ff0ea,2021-03-30T17:13:01.891Z
5d267b,5,40,6,t,3ff0ea,2021-03-30T17:13:01.891Z
2a2353,3,57,6,t,3ff0ea,2021-03-30T17:13:01.891Z
e31d39,2,10,21,t,096b70,2021-01-06T02:50:24.230Z
d5e9a6,1,23,21,t,096b70,2021-01-06T02:50:24.230Z
9ec847,1,54,21,t,096b70,2021-01-06T02:50:24.230Z
5d267b,2,40,21,t,096b70,2021-01-06T02:50:24.230Z
c8d436,5,10,21,t,096b70,2021-01-06T02:50:24.230Z
2a2353,5,57,21,t,096b70,2021-01-06T02:50:24.230Z
b9a74d,2,17,21,t,096b70,2021-01-06T02:50:24.230Z
2feb6b,2,29,21,t,096b70,2021-01-06T02:50:24.230Z
c8d436,4,10,24,f,98673f,2021-01-28T23:56:02.918Z
2a2353,1,57,24,f,98673f,2021-01-28T23:56:02.918Z
b9a74d,1,17,24,f,98673f,2021-01-28T23:56:02.918Z
2feb6b,4,29,24,f,98673f,2021-01-28T23:56:02.918Z
e31d39,5,10,18,t,1aa420,2021-03-11T12:52:08.284Z
d5e9a6,5,23,18,t,1aa420,2021-03-11T12:52:08.284Z
72f5d4,3,19,18,t,1aa420,2021-03-11T12:52:08.284Z
5d267b,4,40,18,t,1aa420,2021-03-11T12:52:08.284Z
f084eb,5,36,18,t,1aa420,2021-03-11T12:52:08.284Z
c4a632,3,13,2,t,566c93,2021-03-30T07:30:48.816Z
e31d39,3,10,2,t,566c93,2021-03-30T07:30:48.816Z
72f5d4,5,19,2,t,566c93,2021-03-30T07:30:48.816Z
9ec847,5,54,2,t,566c93,2021-03-30T07:30:48.816Z
e83aa3,1,32,12,f,245dc1,2021-01-17T16:57:39.225Z
d5e9a6,1,23,12,f,245dc1,2021-01-17T16:57:39.225Z
9ec847,3,54,12,f,245dc1,2021-01-17T16:57:39.225Z
f084eb,4,36,12,f,245dc1,2021-01-17T16:57:39.225Z
b9a74d,2,17,12,f,245dc1,2021-01-17T16:57:39.225Z
c4a632,4,13,22,t,237c59,2021-03-25T18:01:01.776Z
d5e9a6,5,23,22,t,237c59,2021-03-25T18:01:01.776Z
72f5d4,5,19,22,t,237c59,2021-03-25T18:01:01.776Z
5d267b,1,40,22,t,237c59,2021-03-25T18:01:01.776Z
c8d436,2,10,22,t,237c59,2021-03-25T18:01:01.776Z
2a2353,1,57,22,t,237c59,2021-03-25T18:01:01.776Z
f084eb,1,36,22,t,237c59,2021-03-25T18:01:01.776Z
b9a74d,5,17,22,t,237c59,2021-03-25T18:01:01.776Z
2feb6b,3,29,22,t,237c59,2021-03-25T18:01:01.776Z
e31d39,2,10,14,t,b2c4a3,2021-02-03T09:46:17.500Z
d5e9a6,5,23,14,t,b2c4a3,2021-02-03T09:46:17.500Z
72f5d4,1,19,14,t,b2c4a3,2021-02-03T09:46:17.500Z
9ec847,2,54,14,t,b2c4a3,2021-02-03T09:46:17.500Z
5d267b,5,40,14,t,b2c4a3,2021-02-03T09:46:17.500Z
c8d436,2,10,14,t,b2c4a3,2021-02-03T09:46:17.500Z
2a2353,2,57,14,t,b2c4a3,2021-02-03T09:46:17.500Z
f084eb,1,36,14,t,b2c4a3,2021-02-03T09:46:17.500Z
b9a74d,1,17,14,t,b2c4a3,2021-02-03T09:46:17.500Z
e31d39,5,10,11,f,594a8c,2021-02-28T02:32:50.841Z
72f5d4,4,19,11,f,594a8c,2021-02-28T02:32:50.841Z
2a2353,3,57,11,f,594a8c,2021-02-28T02:32:50.841Z
c4a632,5,13,19,f,555604,2021-03-30T09:02:14.870Z
e83aa3,1,32,19,f,555604,2021-03-30T09:02:14.870Z
e31d39,3,10,19,f,555604,2021-03-30T09:02:14.870Z
d5e9a6,1,23,19,f,555604,2021-03-30T09:02:14.870Z
72f5d4,2,19,19,f,555604,2021-03-30T09:02:14.870Z
9ec847,1,54,19,f,555604,2021-03-30T09:02:14.870Z
5d267b,5,40,19,f,555604,2021-03-30T09:02:14.870Z
2a2353,1,57,19,f,555604,2021-03-30T09:02:14.870Z
f084eb,1,36,19,f,555604,2021-03-30T09:02:14.870Z
b9a74d,5,17,19,f,555604,2021-03-30T09:02:14.870Z
e83aa3,2,32,14,t,5d1e17,2021-02-15T01:47:38.054Z
e31d39,4,10,14,t,5d1e17,2021-02-15T01:47:38.054Z
d5e9a6,2,23,14,t,5d1e17,2021-02-15T01:47:38.054Z
72f5d4,2,19,14,t,5d1e17,2021-02-15T01:47:38.054Z
5d267b,4,40,14,t,5d1e17,2021-02-15T01:47:38.054Z
2a2353,3,57,14,t,5d1e17,2021-02-15T01:47:38.054Z
2feb6b,2,29,14,t,5d1e17,2021-02-15T01:47:38.054Z
e83aa3,3,32,16,f,b8d571,2021-02-22T14:20:57.350Z
72f5d4,5,19,16,f,b8d571,2021-02-22T14:20:57.350Z
9ec847,3,54,16,f,b8d571,2021-02-22T14:20:57.350Z
2a2353,1,57,16,f,b8d571,2021-02-22T14:20:57.350Z
f084eb,3,36,16,f,b8d571,2021-02-22T14:20:57.350Z
c4a632,5,13,14,t,6ca7f4,2021-02-28T06:32:36.960Z
d5e9a6,3,23,14,t,6ca7f4,2021-02-28T06:32:36.960Z
2a2353,2,57,14,t,6ca7f4,2021-02-28T06:32:36.960Z
f084eb,4,36,14,t,6ca7f4,2021-02-28T06:32:36.960Z
b9a74d,2,17,14,t,6ca7f4,2021-02-28T06:32:36.960Z
2feb6b,2,29,14,t,6ca7f4,2021-02-28T06:32:36.960Z
c4a632,3,13,15,f,f94ce0,2021-01-01T06:41:56.227Z
e31d39,3,10,15,f,f94ce0,2021-01-01T06:41:56.227Z
72f5d4,1,19,15,f,f94ce0,2021-01-01T06:41:56.227Z
2a2353,5,57,15,f,f94ce0,2021-01-01T06:41:56.227Z
f084eb,1,36,15,f,f94ce0,2021-01-01T06:41:56.227Z
b9a74d,3,17,15,f,f94ce0,2021-01-01T06:41:56.227Z
2feb6b,2,29,15,f,f94ce0,2021-01-01T06:41:56.227Z
e83aa3,2,32,1,f,1e3127,2021-01-24T05:37:28.358Z
72f5d4,5,19,1,f,1e3127,2021-01-24T05:37:28.358Z
c8d436,2,10,1,f,1e3127,2021-01-24T05:37:28.358Z
2a2353,1,57,1,f,1e3127,2021-01-24T05:37:28.358Z
2feb6b,1,29,1,f,1e3127,2021-01-24T05:37:28.358Z
c4a632,4,13,8,f,35bbc9,2021-03-09T12:35:14.294Z
e83aa3,1,32,8,f,35bbc9,2021-03-09T12:35:14.294Z
d5e9a6,4,23,8,f,35bbc9,2021-03-09T12:35:14.294Z
9ec847,5,54,8,f,35bbc9,2021-03-09T12:35:14.294Z
5d267b,3,40,8,f,35bbc9,2021-03-09T12:35:14.294Z
c8d436,4,10,8,f,35bbc9,2021-03-09T12:35:14.294Z
2a2353,1,57,8,f,35bbc9,2021-03-09T12:35:14.294Z
b9a74d,5,17,8,f,35bbc9,2021-03-09T12:35:14.294Z
c4a632,1,13,3,f,e1ad80,2021-01-14T16:21:31.968Z
e83aa3,1,32,3,f,e1ad80,2021-01-14T16:21:31.968Z
e83aa3,1,32,9,t,3eb2b6,2021-02-05T13:56:40.819Z
e31d39,1,10,9,t,3eb2b6,2021-02-05T13:56:40.819Z
d5e9a6,5,23,9,t,3eb2b6,2021-02-05T13:56:40.819Z
72f5d4,1,19,9,t,3eb2b6,2021-02-05T13:56:40.819Z
9ec847,2,54,9,t,3eb2b6,2021-02-05T13:56:40.819Z
5d267b,1,40,9,t,3eb2b6,2021-02-05T13:56:40.819Z
2a2353,5,57,9,t,3eb2b6,2021-02-05T13:56:40.819Z
f084eb,5,36,9,t,3eb2b6,2021-02-05T13:56:40.819Z
2feb6b,5,29,9,t,3eb2b6,2021-02-05T13:56:40.819Z
d5e9a6,2,23,6,t,12a9bf,2021-02-13T09:21:10.598Z
9ec847,4,54,6,t,12a9bf,2021-02-13T09:21:10.598Z
5d267b,1,40,6,t,12a9bf,2021-02-13T09:21:10.598Z
b9a74d,3,17,6,t,12a9bf,2021-02-13T09:21:10.598Z
c4a632,3,13,3,t,7aac00,2021-01-20T10:41:13.660Z
e83aa3,1,32,3,t,7aac00,2021-01-20T10:41:13.660Z
e31d39,2,10,3,t,7aac00,2021-01-20T10:41:13.660Z
72f5d4,4,19,3,t,7aac00,2021-01-20T10:41:13.660Z
f084eb,3,36,3,t,7aac00,2021-01-20T10:41:13.660Z
d5e9a6,1,23,20,t,582956,2021-01-10T09:51:06.595Z
2a2353,4,57,20,t,582956,2021-01-10T09:51:06.595Z
b9a74d,5,17,20,t,582956,2021-01-10T09:51:06.595Z
c4a632,3,13,2,f,ef3960,2021-02-15T20:42:09.504Z
72f5d4,5,19,2,f,ef3960,2021-02-15T20:42:09.504Z
9ec847,2,54,2,f,ef3960,2021-02-15T20:42:09.504Z
5d267b,4,40,2,f,ef3960,2021-02-15T20:42:09.504Z
c8d436,4,10,2,f,ef3960,2021-02-15T20:42:09.504Z
f084eb,3,36,2,f,ef3960,2021-02-15T20:42:09.504Z
b9a74d,3,17,2,f,ef3960,2021-02-15T20:42:09.504Z
c4a632,4,13,8,f,594579,2021-02-05T15:27:27.734Z
e83aa3,5,32,8,f,594579,2021-02-05T15:27:27.734Z
e31d39,1,10,8,f,594579,2021-02-05T15:27:27.734Z
d5e9a6,4,23,8,f,594579,2021-02-05T15:27:27.734Z
72f5d4,1,19,8,f,594579,2021-02-05T15:27:27.734Z
9ec847,2,54,8,f,594579,2021-02-05T15:27:27.734Z
5d267b,3,40,8,f,594579,2021-02-05T15:27:27.734Z
c8d436,4,10,8,f,594579,2021-02-05T15:27:27.734Z
f084eb,3,36,8,f,594579,2021-02-05T15:27:27.734Z
c4a632,3,13,8,t,00c8dc,2021-02-11T13:13:49.987Z
e31d39,2,10,8,t,00c8dc,2021-02-11T13:13:49.987Z
5d267b,2,40,8,t,00c8dc,2021-02-11T13:13:49.987Z
c8d436,1,10,8,t,00c8dc,2021-02-11T13:13:49.987Z
f084eb,4,36,8,t,00c8dc,2021-02-11T13:13:49.987Z
b9a74d,3,17,8,t,00c8dc,2021-02-11T13:13:49.987Z
2feb6b,4,29,8,t,00c8dc,2021-02-11T13:13:49.987Z
d5e9a6,2,23,4,f,85cbe5,2021-03-09T08:33:50.112Z
9ec847,5,54,4,f,85cbe5,2021-03-09T08:33:50.112Z
c8d436,1,10,4,f,85cbe5,2021-03-09T08:33:50.112Z
2a2353,1,57,4,f,85cbe5,2021-03-09T08:33:50.112Z
f084eb,2,36,4,f,85cbe5,2021-03-09T08:33:50.112Z
b9a74d,3,17,4,f,85cbe5,2021-03-09T08:33:50.112Z
2feb6b,2,29,4,f,85cbe5,2021-03-09T08:33:50.112Z
c4a632,3,13,2,t,2711ae,2021-02-08T07:05:29.040Z
e31d39,5,10,2,t,2711ae,2021-02-08T07:05:29.040Z
72f5d4,5,19,2,t,2711ae,2021-02-08T07:05:29.040Z
5d267b,2,40,2,t,2711ae,2021-02-08T07:05:29.040Z
2a2353,3,57,2,t,2711ae,2021-02-08T07:05:29.040Z
b9a74d,5,17,2,t,2711ae,2021-02-08T07:05:29.040Z
e83aa3,1,32,10,f,a58b8a,2021-03-09T09:25:12.777Z
e31d39,2,10,10,f,a58b8a,2021-03-09T09:25:12.777Z
d5e9a6,5,23,10,f,a58b8a,2021-03-09T09:25:12.777Z
2a2353,5,57,10,f,a58b8a,2021-03-09T09:25:12.777Z
f084eb,1,36,10,f,a58b8a,2021-03-09T09:25:12.777Z
c4a632,1,13,0,f,189190,2021-03-15T11:48:15.148Z
d5e9a6,2,23,0,f,189190,2021-03-15T11:48:15.148Z
72f5d4,1,19,0,f,189190,2021-03-15T11:48:15.148Z
5d267b,1,40,0,f,189190,2021-03-15T11:48:15.148Z
c8d436,1,10,0,f,189190,2021-03-15T11:48:15.148Z
b9a74d,2,17,0,f,189190,2021-03-15T11:48:15.148Z
2feb6b,3,29,0,f,189190,2021-03-15T11:48:15.148Z
c4a632,1,13,5,t,050e6d,2021-01-20T05:24:08.380Z
e83aa3,2,32,5,t,050e6d,2021-01-20T05:24:08.380Z
e31d39,4,10,5,t,050e6d,2021-01-20T05:24:08.380Z
f084eb,5,36,5,t,050e6d,2021-01-20T05:24:08.380Z
b9a74d,4,17,5,t,050e6d,2021-01-20T05:24:08.380Z
c4a632,3,13,6,f,7bda8c,2021-03-08T08:57:26.294Z
e83aa3,4,32,6,f,7bda8c,2021-03-08T08:57:26.294Z
e31d39,2,10,6,f,7bda8c,2021-03-08T08:57:26.294Z
2a2353,3,57,6,f,7bda8c,2021-03-08T08:57:26.294Z
b9a74d,4,17,6,f,7bda8c,2021-03-08T08:57:26.294Z
e31d39,1,10,9,t,de36ff,2021-03-02T07:24:06.278Z
72f5d4,1,19,9,t,de36ff,2021-03-02T07:24:06.278Z
f084eb,4,36,9,t,de36ff,2021-03-02T07:24:06.278Z
2feb6b,1,29,9,t,de36ff,2021-03-02T07:24:06.278Z
c4a632,2,13,13,f,e78543,2021-02-28T20:51:37.238Z
e83aa3,5,32,13,f,e78543,2021-02-28T20:51:37.238Z
e31d39,1,10,13,f,e78543,2021-02-28T20:51:37.238Z
d5e9a6,1,23,13,f,e78543,2021-02-28T20:51:37.238Z
9ec847,5,54,13,f,e78543,2021-02-28T20:51:37.238Z
5d267b,3,40,13,f,e78543,2021-02-28T20:51:37.238Z
f084eb,3,36,13,f,e78543,2021-02-28T20:51:37.238Z
e83aa3,4,32,23,t,fdcdd7,2021-03-16T16:11:30.883Z
e31d39,2,10,23,t,fdcdd7,2021-03-16T16:11:30.883Z
72f5d4,4,19,23,t,fdcdd7,2021-03-16T16:11:30.883Z
5d267b,3,40,23,t,fdcdd7,2021-03-16T16:11:30.883Z
2a2353,1,57,23,t,fdcdd7,2021-03-16T16:11:30.883Z
b9a74d,2,17,23,t,fdcdd7,2021-03-16T16:11:30.883Z
2feb6b,1,29,23,t,fdcdd7,2021-03-16T16:11:30.883Z
72f5d4,5,19,10,t,d6e68e,2021-01-12T00:02:45.888Z
9ec847,1,54,10,t,d6e68e,2021-01-12T00:02:45.888Z
c8d436,2,10,10,t,d6e68e,2021-01-12T00:02:45.888Z
b9a74d,3,17,10,t,d6e68e,2021-01-12T00:02:45.888Z
2feb6b,3,29,10,t,d6e68e,2021-01-12T00:02:45.888Z
72f5d4,3,19,15,t,249c2c,2021-01-09T05:31:21.072Z
9ec847,3,54,15,t,249c2c,2021-01-09T05:31:21.072Z
5d267b,1,40,15,t,249c2c,2021-01-09T05:31:21.072Z
c8d436,4,10,15,t,249c2c,2021-01-09T05:31:21.072Z
2a2353,1,57,15,t,249c2c,2021-01-09T05:31:21.072Z
b9a74d,2,17,15,t,249c2c,2021-01-09T05:31:21.072Z
2feb6b,2,29,15,t,249c2c,2021-01-09T05:31:21.072Z
c4a632,4,13,10,t,0d35d3,2021-03-09T17:32:04.444Z
72f5d4,4,19,10,t,0d35d3,2021-03-09T17:32:04.444Z
9ec847,2,54,10,t,0d35d3,2021-03-09T17:32:04.444Z
5d267b,3,40,10,t,0d35d3,2021-03-09T17:32:04.444Z
c8d436,4,10,10,t,0d35d3,2021-03-09T17:32:04.444Z
f084eb,5,36,10,t,0d35d3,2021-03-09T17:32:04.444Z
c4a632,4,13,22,f,060c04,2021-02-23T02:42:39.744Z
d5e9a6,5,23,22,f,060c04,2021-02-23T02:42:39.744Z
5d267b,5,40,22,f,060c04,2021-02-23T02:42:39.744Z
c8d436,5,10,22,f,060c04,2021-02-23T02:42:39.744Z
2a2353,2,57,22,f,060c04,2021-02-23T02:42:39.744Z
2feb6b,2,29,22,f,060c04,2021-02-23T02:42:39.744Z
c4a632,3,13,22,f,c3aca1,2021-01-20T20:16:46.531Z
e83aa3,2,32,22,f,c3aca1,2021-01-20T20:16:46.531Z
e31d39,5,10,22,f,c3aca1,2021-01-20T20:16:46.531Z
d5e9a6,5,23,22,f,c3aca1,2021-01-20T20:16:46.531Z
f084eb,3,36,22,f,c3aca1,2021-01-20T20:16:46.531Z
2feb6b,1,29,22,f,c3aca1,2021-01-20T20:16:46.531Z
72f5d4,2,19,14,f,d12471,2021-02-25T02:45:51.465Z
9ec847,2,54,14,f,d12471,2021-02-25T02:45:51.465Z
5d267b,3,40,14,f,d12471,2021-02-25T02:45:51.465Z
2a2353,2,57,14,f,d12471,2021-02-25T02:45:51.465Z
f084eb,5,36,14,f,d12471,2021-02-25T02:45:51.465Z
2feb6b,2,29,14,f,d12471,2021-02-25T02:45:51.465Z
e83aa3,1,32,2,t,0e6ca4,2021-03-17T06:57:06.451Z
e31d39,4,10,2,t,0e6ca4,2021-03-17T06:57:06.451Z
f084eb,4,36,2,t,0e6ca4,2021-03-17T06:57:06.451Z
2feb6b,1,29,2,t,0e6ca4,2021-03-17T06:57:06.451Z
c4a632,2,13,18,t,4983a3,2021-02-09T02:59:18.441Z
d5e9a6,4,23,18,t,4983a3,2021-02-09T02:59:18.441Z
72f5d4,3,19,18,t,4983a3,2021-02-09T02:59:18.441Z
9ec847,3,54,18,t,4983a3,2021-02-09T02:59:18.441Z
5d267b,4,40,18,t,4983a3,2021-02-09T02:59:18.441Z
c8d436,4,10,18,t,4983a3,2021-02-09T02:59:18.441Z
2a2353,5,57,18,t,4983a3,2021-02-09T02:59:18.441Z
c4a632,5,13,1,t,2d01e7,2021-03-02T02:25:38.668Z
e83aa3,3,32,1,t,2d01e7,2021-03-02T02:25:38.668Z
9ec847,2,54,1,t,2d01e7,2021-03-02T02:25:38.668Z
5d267b,1,40,1,t,2d01e7,2021-03-02T02:25:38.668Z
f084eb,4,36,1,t,2d01e7,2021-03-02T02:25:38.668Z
2feb6b,2,29,1,t,2d01e7,2021-03-02T02:25:38.668Z
e83aa3,1,32,5,t,a0d9d1,2021-02-26T17:26:24.201Z
9ec847,4,54,5,t,a0d9d1,2021-02-26T17:26:24.201Z
b9a74d,4,17,5,t,a0d9d1,2021-02-26T17:26:24.201Z
2feb6b,3,29,5,t,a0d9d1,2021-02-26T17:26:24.201Z
e31d39,5,10,6,f,b188a5,2021-02-15T06:34:08.198Z
d5e9a6,5,23,6,f,b188a5,2021-02-15T06:34:08.198Z
9ec847,2,54,6,f,b188a5,2021-02-15T06:34:08.198Z
f084eb,4,36,6,f,b188a5,2021-02-15T06:34:08.198Z
b9a74d,1,17,6,f,b188a5,2021-02-15T06:34:08.198Z
2feb6b,5,29,6,f,b188a5,2021-02-15T06:34:08.198Z
e83aa3,3,32,20,f,0b823c,2021-01-23T14:37:52.464Z
e31d39,1,10,20,f,0b823c,2021-01-23T14:37:52.464Z
d5e9a6,3,23,20,f,0b823c,2021-01-23T14:37:52.464Z
72f5d4,1,19,20,f,0b823c,2021-01-23T14:37:52.464Z
2a2353,5,57,20,f,0b823c,2021-01-23T14:37:52.464Z
2feb6b,2,29,20,f,0b823c,2021-01-23T14:37:52.464Z
e83aa3,3,32,2,f,83c631,2021-01-06T15:29:48.566Z
d5e9a6,4,23,2,f,83c631,2021-01-06T15:29:48.566Z
9ec847,1,54,2,f,83c631,2021-01-06T15:29:48.566Z
c8d436,2,10,2,f,83c631,2021-01-06T15:29:48.566Z
2a2353,5,57,2,f,83c631,2021-01-06T15:29:48.566Z
b9a74d,3,17,2,f,83c631,2021-01-06T15:29:48.566Z
2feb6b,3,29,2,f,83c631,2021-01-06T15:29:48.566Z
c4a632,2,13,7,t,751bd3,2021-01-20T21:32:53.203Z
e31d39,5,10,7,t,751bd3,2021-01-20T21:32:53.203Z
d5e9a6,4,23,7,t,751bd3,2021-01-20T21:32:53.203Z
72f5d4,3,19,7,t,751bd3,2021-01-20T21:32:53.203Z
5d267b,3,40,7,t,751bd3,2021-01-20T21:32:53.203Z
c8d436,1,10,7,t,751bd3,2021-01-20T21:32:53.203Z
b9a74d,5,17,7,t,751bd3,2021-01-20T21:32:53.203Z
e83aa3,5,32,9,f,3c57b3,2021-01-12T20:32:37.104Z
e31d39,5,10,9,f,3c57b3,2021-01-12T20:32:37.104Z
9ec847,1,54,9,f,3c57b3,2021-01-12T20:32:37.104Z
c8d436,2,10,9,f,3c57b3,2021-01-12T20:32:37.104Z
b9a74d,3,17,9,f,3c57b3,2021-01-12T20:32:37.104Z
2feb6b,2,29,9,f,3c57b3,2021-01-12T20:32:37.104Z
c4a632,1,13,13,f,625fa1,2021-03-10T00:48:09.302Z
9ec847,4,54,13,f,625fa1,2021-03-10T00:48:09.302Z
c8d436,5,10,13,f,625fa1,2021-03-10T00:48:09.302Z
2a2353,1,57,13,f,625fa1,2021-03-10T00:48:09.302Z
f084eb,3,36,13,f,625fa1,2021-03-10T00:48:09.302Z
b9a74d,1,17,13,f,625fa1,2021-03-10T00:48:09.302Z
2feb6b,2,29,13,f,625fa1,2021-03-10T00:48:09.302Z
c4a632,2,13,9,t,ddd735,2021-01-10T13:38:47.040Z
e83aa3,3,32,9,t,ddd735,2021-01-10T13:38:47.040Z
d5e9a6,1,23,9,t,ddd735,2021-01-10T13:38:47.040Z
72f5d4,2,19,9,t,ddd735,2021-01-10T13:38:47.040Z
9ec847,1,54,9,t,ddd735,2021-01-10T13:38:47.040Z
5d267b,1,40,9,t,ddd735,2021-01-10T13:38:47.040Z
2a2353,5,57,9,t,ddd735,2021-01-10T13:38:47.040Z
c4a632,5,13,18,t,3ea7af,2021-03-23T21:41:27.024Z
72f5d4,2,19,18,t,3ea7af,2021-03-23T21:41:27.024Z
9ec847,3,54,18,t,3ea7af,2021-03-23T21:41:27.024Z
f084eb,1,36,18,t,3ea7af,2021-03-23T21:41:27.024Z
e31d39,2,10,22,t,d6ca6f,2021-01-21T20:44:57.638Z
72f5d4,5,19,22,t,d6ca6f,2021-01-21T20:44:57.638Z
c8d436,2,10,22,t,d6ca6f,2021-01-21T20:44:57.638Z
2a2353,5,57,22,t,d6ca6f,2021-01-21T20:44:57.638Z
f084eb,3,36,22,t,d6ca6f,2021-01-21T20:44:57.638Z
b9a74d,1,17,22,t,d6ca6f,2021-01-21T20:44:57.638Z
e31d39,3,10,18,f,06eae9,2021-02-26T12:53:46.262Z
c8d436,4,10,18,f,06eae9,2021-02-26T12:53:46.262Z
f084eb,1,36,18,f,06eae9,2021-02-26T12:53:46.262Z
e31d39,4,10,4,f,c0c3c5,2021-03-19T02:52:55.603Z
5d267b,5,40,4,f,c0c3c5,2021-03-19T02:52:55.603Z
2a2353,2,57,4,f,c0c3c5,2021-03-19T02:52:55.603Z
f084eb,1,36,4,f,c0c3c5,2021-03-19T02:52:55.603Z
b9a74d,2,17,4,f,c0c3c5,2021-03-19T02:52:55.603Z
c4a632,5,13,4,f,6b1eda,2021-02-14T17:58:22.281Z
e31d39,4,10,4,f,6b1eda,2021-02-14T17:58:22.281Z
d5e9a6,3,23,4,f,6b1eda,2021-02-14T17:58:22.281Z
2feb6b,4,29,4,f,6b1eda,2021-02-14T17:58:22.281Z
e31d39,1,10,14,f,9d4b7b,2021-02-25T01:18:02.966Z
d5e9a6,5,23,14,f,9d4b7b,2021-02-25T01:18:02.966Z
c8d436,2,10,14,f,9d4b7b,2021-02-25T01:18:02.966Z
2feb6b,2,29,14,f,9d4b7b,2021-02-25T01:18:02.966Z
e83aa3,2,32,21,f,9f1de8,2021-03-01T07:08:37.219Z
e31d39,1,10,21,f,9f1de8,2021-03-01T07:08:37.219Z
d5e9a6,1,23,21,f,9f1de8,2021-03-01T07:08:37.219Z
c8d436,2,10,21,f,9f1de8,2021-03-01T07:08:37.219Z
f084eb,2,36,21,f,9f1de8,2021-03-01T07:08:37.219Z
2feb6b,1,29,21,f,9f1de8,2021-03-01T07:08:37.219Z
d5e9a6,1,23,21,t,85e588,2021-02-25T09:10:13.440Z
5d267b,3,40,21,t,85e588,2021-02-25T09:10:13.440Z
2a2353,3,57,21,t,85e588,2021-02-25T09:10:13.440Z
2feb6b,2,29,21,t,85e588,2021-02-25T09:10:13.440Z
e31d39,4,10,7,f,ccc277,2021-03-01T09:51:08.668Z
d5e9a6,4,23,7,f,ccc277,2021-03-01T09:51:08.668Z
9ec847,2,54,7,f,ccc277,2021-03-01T09:51:08.668Z
5d267b,4,40,7,f,ccc277,2021-03-01T09:51:08.668Z
2a2353,2,57,7,f,ccc277,2021-03-01T09:51:08.668Z
b9a74d,1,17,7,f,ccc277,2021-03-01T09:51:08.668Z
2feb6b,5,29,7,f,ccc277,2021-03-01T09:51:08.668Z
e83aa3,5,32,0,t,5d8863,2021-01-02T23:27:53.971Z
e31d39,5,10,0,t,5d8863,2021-01-02T23:27:53.971Z
d5e9a6,2,23,0,t,5d8863,2021-01-02T23:27:53.971Z
72f5d4,3,19,0,t,5d8863,2021-01-02T23:27:53.971Z
c8d436,4,10,0,t,5d8863,2021-01-02T23:27:53.971Z
f084eb,5,36,0,t,5d8863,2021-01-02T23:27:53.971Z
e31d39,4,10,16,t,e2402b,2021-02-10T13:35:16.224Z
d5e9a6,2,23,16,t,e2402b,2021-02-10T13:35:16.224Z
72f5d4,2,19,16,t,e2402b,2021-02-10T13:35:16.224Z
f084eb,4,36,16,t,e2402b,2021-02-10T13:35:16.224Z
e83aa3,5,32,21,t,f50c08,2021-02-18T16:41:20.832Z
e31d39,5,10,21,t,f50c08,2021-02-18T16:41:20.832Z
d5e9a6,3,23,21,t,f50c08,2021-02-18T16:41:20.832Z
9ec847,5,54,21,t,f50c08,2021-02-18T16:41:20.832Z
5d267b,3,40,21,t,f50c08,2021-02-18T16:41:20.832Z
2a2353,3,57,21,t,f50c08,2021-02-18T16:41:20.832Z
f084eb,2,36,21,t,f50c08,2021-02-18T16:41:20.832Z
b9a74d,1,17,21,t,f50c08,2021-02-18T16:41:20.832Z
c4a632,1,13,13,t,e24250,2021-01-30T09:27:59.616Z
d5e9a6,5,23,13,t,e24250,2021-01-30T09:27:59.616Z
9ec847,1,54,13,t,e24250,2021-01-30T09:27:59.616Z
c8d436,3,10,13,t,e24250,2021-01-30T09:27:59.616Z
f084eb,1,36,13,t,e24250,2021-01-30T09:27:59.616Z
b9a74d,4,17,13,t,e24250,2021-01-30T09:27:59.616Z
2feb6b,4,29,13,t,e24250,2021-01-30T09:27:59.616Z
c4a632,5,13,18,f,a42e9c,2021-03-18T22:49:34.608Z
d5e9a6,3,23,18,f,a42e9c,2021-03-18T22:49:34.608Z
72f5d4,1,19,18,f,a42e9c,2021-03-18T22:49:34.608Z
f084eb,1,36,18,f,a42e9c,2021-03-18T22:49:34.608Z
b9a74d,4,17,18,f,a42e9c,2021-03-18T22:49:34.608Z
2feb6b,2,29,18,f,a42e9c,2021-03-18T22:49:34.608Z
c4a632,5,13,6,f,e27ebd,2021-02-10T22:56:08.246Z
d5e9a6,2,23,6,f,e27ebd,2021-02-10T22:56:08.246Z
72f5d4,4,19,6,f,e27ebd,2021-02-10T22:56:08.246Z
9ec847,5,54,6,f,e27ebd,2021-02-10T22:56:08.246Z
5d267b,5,40,6,f,e27ebd,2021-02-10T22:56:08.246Z
2a2353,2,57,6,f,e27ebd,2021-02-10T22:56:08.246Z
b9a74d,4,17,6,f,e27ebd,2021-02-10T22:56:08.246Z
2feb6b,5,29,6,f,e27ebd,2021-02-10T22:56:08.246Z
c4a632,3,13,21,f,3c1dcd,2021-02-28T16:44:29.529Z
e83aa3,1,32,21,f,3c1dcd,2021-02-28T16:44:29.529Z
72f5d4,4,19,21,f,3c1dcd,2021-02-28T16:44:29.529Z
9ec847,3,54,21,f,3c1dcd,2021-02-28T16:44:29.529Z
5d267b,5,40,21,f,3c1dcd,2021-02-28T16:44:29.529Z
c8d436,4,10,21,f,3c1dcd,2021-02-28T16:44:29.529Z
f084eb,5,36,21,f,3c1dcd,2021-02-28T16:44:29.529Z
b9a74d,4,17,21,f,3c1dcd,2021-02-28T16:44:29.529Z
c4a632,4,13,15,t,9d4f29,2021-03-13T11:36:43.084Z
e83aa3,2,32,15,t,9d4f29,2021-03-13T11:36:43.084Z
c8d436,2,10,15,t,9d4f29,2021-03-13T11:36:43.084Z
f084eb,3,36,15,t,9d4f29,2021-03-13T11:36:43.084Z
2feb6b,4,29,15,t,9d4f29,2021-03-13T11:36:43.084Z
c4a632,4,13,11,f,993b8b,2021-01-28T19:53:35.923Z
e83aa3,3,32,11,f,993b8b,2021-01-28T19:53:35.923Z
9ec847,1,54,11,f,993b8b,2021-01-28T19:53:35.923Z
5d267b,3,40,11,f,993b8b,2021-01-28T19:53:35.923Z
c8d436,3,10,11,f,993b8b,2021-01-28T19:53:35.923Z
f084eb,4,36,11,f,993b8b,2021-01-28T19:53:35.923Z
b9a74d,5,17,11,f,993b8b,2021-01-28T19:53:35.923Z
2feb6b,1,29,11,f,993b8b,2021-01-28T19:53:35.923Z
c4a632,3,13,18,t,1ffa21,2021-01-16T14:25:43.680Z
e83aa3,4,32,18,t,1ffa21,2021-01-16T14:25:43.680Z
e31d39,2,10,18,t,1ffa21,2021-01-16T14:25:43.680Z
d5e9a6,1,23,18,t,1ffa21,2021-01-16T14:25:43.680Z
9ec847,4,54,18,t,1ffa21,2021-01-16T14:25:43.680Z
2a2353,2,57,18,t,1ffa21,2021-01-16T14:25:43.680Z
f084eb,4,36,18,t,1ffa21,2021-01-16T14:25:43.680Z
b9a74d,4,17,18,t,1ffa21,2021-01-16T14:25:43.680Z
2feb6b,5,29,18,t,1ffa21,2021-01-16T14:25:43.680Z
c4a632,2,13,24,f,c44dbe,2021-01-14T03:00:12.009Z
e31d39,1,10,24,f,c44dbe,2021-01-14T03:00:12.009Z
72f5d4,4,19,24,f,c44dbe,2021-01-14T03:00:12.009Z
9ec847,2,54,24,f,c44dbe,2021-01-14T03:00:12.009Z
5d267b,2,40,24,f,c44dbe,2021-01-14T03:00:12.009Z
e83aa3,2,32,22,t,c27c48,2021-03-16T01:16:42.009Z
72f5d4,2,19,22,t,c27c48,2021-03-16T01:16:42.009Z
5d267b,5,40,22,t,c27c48,2021-03-16T01:16:42.009Z
d5e9a6,5,23,7,f,b1ba78,2021-02-24T16:31:25.363Z
5d267b,1,40,7,f,b1ba78,2021-02-24T16:31:25.363Z
c8d436,1,10,7,f,b1ba78,2021-02-24T16:31:25.363Z
b9a74d,3,17,7,f,b1ba78,2021-02-24T16:31:25.363Z
c4a632,3,13,3,f,bd306f,2021-01-21T16:07:13.929Z
d5e9a6,4,23,3,f,bd306f,2021-01-21T16:07:13.929Z
9ec847,5,54,3,f,bd306f,2021-01-21T16:07:13.929Z
5d267b,2,40,3,f,bd306f,2021-01-21T16:07:13.929Z
2a2353,4,57,3,f,bd306f,2021-01-21T16:07:13.929Z
f084eb,2,36,3,f,bd306f,2021-01-21T16:07:13.929Z
b9a74d,3,17,3,f,bd306f,2021-01-21T16:07:13.929Z
2feb6b,3,29,3,f,bd306f,2021-01-21T16:07:13.929Z
c4a632,4,13,9,t,a6be6d,2021-03-29T10:33:23.990Z
e31d39,1,10,9,t,a6be6d,2021-03-29T10:33:23.990Z
d5e9a6,1,23,9,t,a6be6d,2021-03-29T10:33:23.990Z
2a2353,3,57,9,t,a6be6d,2021-03-29T10:33:23.990Z
f084eb,2,36,9,t,a6be6d,2021-03-29T10:33:23.990Z
b9a74d,5,17,9,t,a6be6d,2021-03-29T10:33:23.990Z
2feb6b,5,29,9,t,a6be6d,2021-03-29T10:33:23.990Z
e83aa3,2,32,17,t,6b2583,2021-02-15T20:37:36.998Z
e31d39,4,10,17,t,6b2583,2021-02-15T20:37:36.998Z
72f5d4,2,19,17,t,6b2583,2021-02-15T20:37:36.998Z
9ec847,1,54,17,t,6b2583,2021-02-15T20:37:36.998Z
5d267b,5,40,17,t,6b2583,2021-02-15T20:37:36.998Z
c8d436,2,10,17,t,6b2583,2021-02-15T20:37:36.998Z
b9a74d,2,17,17,t,6b2583,2021-02-15T20:37:36.998Z
c4a632,3,13,17,t,1c69df,2021-03-01T17:31:24.614Z
e83aa3,5,32,17,t,1c69df,2021-03-01T17:31:24.614Z
72f5d4,3,19,17,t,1c69df,2021-03-01T17:31:24.614Z
2a2353,4,57,17,t,1c69df,2021-03-01T17:31:24.614Z
f084eb,4,36,17,t,1c69df,2021-03-01T17:31:24.614Z
2feb6b,3,29,17,t,1c69df,2021-03-01T17:31:24.614Z
c4a632,1,13,19,t,e42fe2,2021-01-13T06:27:22.377Z
e83aa3,4,32,19,t,e42fe2,2021-01-13T06:27:22.377Z
5d267b,2,40,19,t,e42fe2,2021-01-13T06:27:22.377Z
f084eb,3,36,19,t,e42fe2,2021-01-13T06:27:22.377Z
2feb6b,5,29,19,t,e42fe2,2021-01-13T06:27:22.377Z
e83aa3,4,32,5,t,1bb22d,2021-01-17T10:30:06.307Z
72f5d4,4,19,5,t,1bb22d,2021-01-17T10:30:06.307Z
9ec847,4,54,5,t,1bb22d,2021-01-17T10:30:06.307Z
5d267b,3,40,5,t,1bb22d,2021-01-17T10:30:06.307Z
c8d436,4,10,5,t,1bb22d,2021-01-17T10:30:06.307Z
b9a74d,2,17,5,t,1bb22d,2021-01-17T10:30:06.307Z
2feb6b,4,29,5,t,1bb22d,2021-01-17T10:30:06.307Z
d5e9a6,1,23,22,t,42ce92,2021-02-21T05:29:36.096Z
72f5d4,1,19,22,t,42ce92,2021-02-21T05:29:36.096Z
9ec847,2,54,22,t,42ce92,2021-02-21T05:29:36.096Z
5d267b,3,40,22,t,42ce92,2021-02-21T05:29:36.096Z
f084eb,3,36,22,t,42ce92,2021-02-21T05:29:36.096Z
2feb6b,2,29,22,t,42ce92,2021-02-21T05:29:36.096Z
c4a632,5,13,4,t,a0cfd7,2021-01-11T08:26:55.478Z
e83aa3,1,32,4,t,a0cfd7,2021-01-11T08:26:55.478Z
e31d39,5,10,4,t,a0cfd7,2021-01-11T08:26:55.478Z
d5e9a6,5,23,4,t,a0cfd7,2021-01-11T08:26:55.478Z
9ec847,1,54,4,t,a0cfd7,2021-01-11T08:26:55.478Z
2a2353,1,57,4,t,a0cfd7,2021-01-11T08:26:55.478Z
f084eb,5,36,4,t,a0cfd7,2021-01-11T08:26:55.478Z
c4a632,3,13,7,t,57a9b9,2021-01-07T00:00:12.441Z
5d267b,1,40,7,t,57a9b9,2021-01-07T00:00:12.441Z
c8d436,2,10,7,t,57a9b9,2021-01-07T00:00:12.441Z
2a2353,1,57,7,t,57a9b9,2021-01-07T00:00:12.441Z
f084eb,4,36,7,t,57a9b9,2021-01-07T00:00:12.441Z
b9a74d,2,17,7,t,57a9b9,2021-01-07T00:00:12.441Z
2feb6b,2,29,7,t,57a9b9,2021-01-07T00:00:12.441Z
e83aa3,1,32,22,f,9a9c95,2021-03-20T23:22:31.958Z
72f5d4,5,19,22,f,9a9c95,2021-03-20T23:22:31.958Z
9ec847,3,54,22,f,9a9c95,2021-03-20T23:22:31.958Z
5d267b,1,40,22,f,9a9c95,2021-03-20T23:22:31.958Z
2a2353,1,57,22,f,9a9c95,2021-03-20T23:22:31.958Z
2feb6b,2,29,22,f,9a9c95,2021-03-20T23:22:31.958Z
c4a632,2,13,14,f,b2131b,2021-03-23T00:34:55.891Z
d5e9a6,1,23,14,f,b2131b,2021-03-23T00:34:55.891Z
f084eb,1,36,14,f,b2131b,2021-03-23T00:34:55.891Z
c4a632,5,13,21,t,ab55aa,2021-01-06T22:49:20.697Z
72f5d4,5,19,21,t,ab55aa,2021-01-06T22:49:20.697Z
9ec847,1,54,21,t,ab55aa,2021-01-06T22:49:20.697Z
2a2353,3,57,21,t,ab55aa,2021-01-06T22:49:20.697Z
f084eb,1,36,21,t,ab55aa,2021-01-06T22:49:20.697Z
b9a74d,1,17,21,t,ab55aa,2021-01-06T22:49:20.697Z
2feb6b,1,29,21,t,ab55aa,2021-01-06T22:49:20.697Z
c4a632,1,13,1,f,d9fd57,2021-03-25T08:32:19.392Z
d5e9a6,2,23,1,f,d9fd57,2021-03-25T08:32:19.392Z
5d267b,4,40,1,f,d9fd57,2021-03-25T08:32:19.392Z
c8d436,2,10,1,f,d9fd57,2021-03-25T08:32:19.392Z
f084eb,3,36,1,f,d9fd57,2021-03-25T08:32:19.392Z
b9a74d,5,17,1,f,d9fd57,2021-03-25T08:32:19.392Z
2feb6b,1,29,1,f,d9fd57,2021-03-25T08:32:19.392Z
c4a632,5,13,19,f,d947fa,2021-03-03T21:48:52.329Z
5d267b,1,40,19,f,d947fa,2021-03-03T21:48:52.329Z
c8d436,4,10,19,f,d947fa,2021-03-03T21:48:52.329Z
f084eb,5,36,19,f,d947fa,2021-03-03T21:48:52.329Z
c4a632,4,13,11,t,7a6a35,2021-01-07T05:58:13.123Z
e31d39,3,10,11,t,7a6a35,2021-01-07T05:58:13.123Z
5d267b,3,40,11,t,7a6a35,2021-01-07T05:58:13.123Z
c8d436,2,10,11,t,7a6a35,2021-01-07T05:58:13.123Z
2a2353,5,57,11,t,7a6a35,2021-01-07T05:58:13.123Z
f084eb,5,36,11,t,7a6a35,2021-01-07T05:58:13.123Z
b9a74d,3,17,11,t,7a6a35,2021-01-07T05:58:13.123Z
c4a632,1,13,3,f,38758f,2021-01-20T08:27:11.721Z
e83aa3,4,32,3,f,38758f,2021-01-20T08:27:11.721Z
d5e9a6,5,23,3,f,38758f,2021-01-20T08:27:11.721Z
5d267b,1,40,3,f,38758f,2021-01-20T08:27:11.721Z
f084eb,5,36,3,f,38758f,2021-01-20T08:27:11.721Z
e83aa3,3,32,0,t,f4fc77,2021-01-29T06:56:51.590Z
72f5d4,1,19,0,t,f4fc77,2021-01-29T06:56:51.590Z
f084eb,1,36,0,t,f4fc77,2021-01-29T06:56:51.590Z
2feb6b,1,29,0,t,f4fc77,2021-01-29T06:56:51.590Z
72f5d4,5,19,13,f,66ef38,2021-02-01T02:06:24.969Z
c8d436,3,10,13,f,66ef38,2021-02-01T02:06:24.969Z
f084eb,1,36,13,f,66ef38,2021-02-01T02:06:24.969Z
b9a74d,2,17,13,f,66ef38,2021-02-01T02:06:24.969Z
2feb6b,5,29,13,f,66ef38,2021-02-01T02:06:24.969Z
d5e9a6,4,23,5,t,47f83d,2021-02-23T19:38:40.819Z
c8d436,4,10,5,t,47f83d,2021-02-23T19:38:40.819Z
2a2353,5,57,5,t,47f83d,2021-02-23T19:38:40.819Z
f084eb,1,36,5,t,47f83d,2021-02-23T19:38:40.819Z
2feb6b,4,29,5,t,47f83d,2021-02-23T19:38:40.819Z
c4a632,4,13,9,f,b04dc9,2021-03-01T18:45:20.217Z
d5e9a6,4,23,9,f,b04dc9,2021-03-01T18:45:20.217Z
72f5d4,2,19,9,f,b04dc9,2021-03-01T18:45:20.217Z
9ec847,4,54,9,f,b04dc9,2021-03-01T18:45:20.217Z
5d267b,2,40,9,f,b04dc9,2021-03-01T18:45:20.217Z
c8d436,4,10,9,f,b04dc9,2021-03-01T18:45:20.217Z
2a2353,3,57,9,f,b04dc9,2021-03-01T18:45:20.217Z
2feb6b,5,29,9,f,b04dc9,2021-03-01T18:45:20.217Z
c4a632,4,13,23,f,73b366,2021-03-21T00:09:33.436Z
e83aa3,5,32,23,f,73b366,2021-03-21T00:09:33.436Z
9ec847,1,54,23,f,73b366,2021-03-21T00:09:33.436Z
5d267b,5,40,23,f,73b366,2021-03-21T00:09:33.436Z
2a2353,2,57,23,f,73b366,2021-03-21T00:09:33.436Z
f084eb,4,36,23,f,73b366,2021-03-21T00:09:33.436Z
e83aa3,4,32,16,f,373d30,2021-03-18T22:31:55.948Z
e31d39,5,10,16,f,373d30,2021-03-18T22:31:55.948Z
9ec847,1,54,16,f,373d30,2021-03-18T22:31:55.948Z
5d267b,1,40,16,f,373d30,2021-03-18T22:31:55.948Z
2a2353,3,57,16,f,373d30,2021-03-18T22:31:55.948Z
f084eb,2,36,16,f,373d30,2021-03-18T22:31:55.948Z
b9a74d,5,17,16,f,373d30,2021-03-18T22:31:55.948Z
2feb6b,4,29,16,f,373d30,2021-03-18T22:31:55.948Z
c4a632,1,13,7,f,80067d,2021-01-29T17:12:42.710Z
e83aa3,4,32,7,f,80067d,2021-01-29T17:12:42.710Z
5d267b,4,40,7,f,80067d,2021-01-29T17:12:42.710Z
c8d436,4,10,7,f,80067d,2021-01-29T17:12:42.710Z
2a2353,3,57,7,f,80067d,2021-01-29T17:12:42.710Z
f084eb,3,36,7,f,80067d,2021-01-29T17:12:42.710Z
b9a74d,1,17,7,f,80067d,2021-01-29T17:12:42.710Z
2feb6b,1,29,7,f,80067d,2021-01-29T17:12:42.710Z
c4a632,5,13,20,t,fd2cd5,2021-02-01T11:01:46.761Z
e83aa3,2,32,20,t,fd2cd5,2021-02-01T11:01:46.761Z
d5e9a6,2,23,20,t,fd2cd5,2021-02-01T11:01:46.761Z
9ec847,4,54,20,t,fd2cd5,2021-02-01T11:01:46.761Z
c8d436,4,10,20,t,fd2cd5,2021-02-01T11:01:46.761Z
b9a74d,4,17,20,t,fd2cd5,2021-02-01T11:01:46.761Z
2feb6b,4,29,20,t,fd2cd5,2021-02-01T11:01:46.761Z
c4a632,2,13,2,f,615aa8,2021-02-09T09:12:57.254Z
e31d39,4,10,2,f,615aa8,2021-02-09T09:12:57.254Z
72f5d4,2,19,2,f,615aa8,2021-02-09T09:12:57.254Z
5d267b,4,40,2,f,615aa8,2021-02-09T09:12:57.254Z
2a2353,4,57,2,f,615aa8,2021-02-09T09:12:57.254Z
f084eb,4,36,2,f,615aa8,2021-02-09T09:12:57.254Z
e31d39,1,10,19,f,13dbb1,2021-02-17T19:49:37.977Z
d5e9a6,4,23,19,f,13dbb1,2021-02-17T19:49:37.977Z
9ec847,1,54,19,f,13dbb1,2021-02-17T19:49:37.977Z
5d267b,1,40,19,f,13dbb1,2021-02-17T19:49:37.977Z
c8d436,2,10,19,f,13dbb1,2021-02-17T19:49:37.977Z
2a2353,1,57,19,f,13dbb1,2021-02-17T19:49:37.977Z
f084eb,4,36,19,f,13dbb1,2021-02-17T19:49:37.977Z
b9a74d,2,17,19,f,13dbb1,2021-02-17T19:49:37.977Z
c4a632,4,13,8,f,ca1390,2021-01-09T22:10:26.774Z
72f5d4,3,19,8,f,ca1390,2021-01-09T22:10:26.774Z
9ec847,2,54,8,f,ca1390,2021-01-09T22:10:26.774Z
5d267b,2,40,8,f,ca1390,2021-01-09T22:10:26.774Z
c8d436,1,10,8,f,ca1390,2021-01-09T22:10:26.774Z
f084eb,4,36,8,f,ca1390,2021-01-09T22:10:26.774Z
e31d39,1,10,1,f,5e928e,2021-03-22T05:21:39.427Z
d5e9a6,5,23,1,f,5e928e,2021-03-22T05:21:39.427Z
72f5d4,3,19,1,f,5e928e,2021-03-22T05:21:39.427Z
5d267b,5,40,1,f,5e928e,2021-03-22T05:21:39.427Z
2a2353,2,57,1,f,5e928e,2021-03-22T05:21:39.427Z
f084eb,4,36,1,f,5e928e,2021-03-22T05:21:39.427Z
b9a74d,1,17,1,f,5e928e,2021-03-22T05:21:39.427Z
c4a632,3,13,9,t,ff753a,2021-01-28T14:14:03.840Z
e31d39,5,10,9,t,ff753a,2021-01-28T14:14:03.840Z
d5e9a6,5,23,9,t,ff753a,2021-01-28T14:14:03.840Z
9ec847,5,54,9,t,ff753a,2021-01-28T14:14:03.840Z
2a2353,2,57,9,t,ff753a,2021-01-28T14:14:03.840Z
f084eb,5,36,9,t,ff753a,2021-01-28T14:14:03.840Z
c4a632,5,13,1,f,caa8b9,2021-03-15T08:42:53.913Z
e83aa3,3,32,1,f,caa8b9,2021-03-15T08:42:53.913Z
e31d39,3,10,1,f,caa8b9,2021-03-15T08:42:53.913Z
9ec847,3,54,1,f,caa8b9,2021-03-15T08:42:53.913Z
5d267b,3,40,1,f,caa8b9,2021-03-15T08:42:53.913Z
c8d436,5,10,1,f,caa8b9,2021-03-15T08:42:53.913Z
2a2353,5,57,1,f,caa8b9,2021-03-15T08:42:53.913Z
b9a74d,1,17,1,f,caa8b9,2021-03-15T08:42:53.913Z
e31d39,2,10,18,t,3c1fac,2021-01-10T17:51:42.854Z
9ec847,4,54,18,t,3c1fac,2021-01-10T17:51:42.854Z
c8d436,4,10,18,t,3c1fac,2021-01-10T17:51:42.854Z
b9a74d,4,17,18,t,3c1fac,2021-01-10T17:51:42.854Z
c4a632,2,13,13,f,27,2021-02-20T00:40:00.969Z
e83aa3,3,32,13,f,27,2021-02-20T00:40:00.969Z
e31d39,3,10,13,f,27,2021-02-20T00:40:00.969Z
9ec847,3,54,13,f,27,2021-02-20T00:40:00.969Z
f084eb,4,36,13,f,27,2021-02-20T00:40:00.969Z
b9a74d,2,17,13,f,27,2021-02-20T00:40:00.969Z
2feb6b,1,29,13,f,27,2021-02-20T00:40:00.969Z
c4a632,4,13,11,t,e13e21,2021-01-17T11:48:45.475Z
e83aa3,1,32,11,t,e13e21,2021-01-17T11:48:45.475Z
e31d39,5,10,11,t,e13e21,2021-01-17T11:48:45.475Z
d5e9a6,2,23,11,t,e13e21,2021-01-17T11:48:45.475Z
9ec847,3,54,11,t,e13e21,2021-01-17T11:48:45.475Z
2a2353,1,57,11,t,e13e21,2021-01-17T11:48:45.475Z
b9a74d,2,17,11,t,e13e21,2021-01-17T11:48:45.475Z
2feb6b,1,29,11,t,e13e21,2021-01-17T11:48:45.475Z
c4a632,3,13,4,t,c93beb,2021-01-24T16:36:51.004Z
e83aa3,1,32,4,t,c93beb,2021-01-24T16:36:51.004Z
e31d39,4,10,4,t,c93beb,2021-01-24T16:36:51.004Z
d5e9a6,2,23,4,t,c93beb,2021-01-24T16:36:51.004Z
5d267b,3,40,4,t,c93beb,2021-01-24T16:36:51.004Z
2a2353,4,57,4,t,c93beb,2021-01-24T16:36:51.004Z
f084eb,4,36,4,t,c93beb,2021-01-24T16:36:51.004Z
2feb6b,2,29,4,t,c93beb,2021-01-24T16:36:51.004Z
c4a632,4,13,8,t,d89361,2021-02-24T02:58:33.945Z
d5e9a6,1,23,8,t,d89361,2021-02-24T02:58:33.945Z
72f5d4,1,19,8,t,d89361,2021-02-24T02:58:33.945Z
9ec847,4,54,8,t,d89361,2021-02-24T02:58:33.945Z
c8d436,4,10,8,t,d89361,2021-02-24T02:58:33.945Z
2a2353,3,57,8,t,d89361,2021-02-24T02:58:33.945Z
f084eb,1,36,8,t,d89361,2021-02-24T02:58:33.945Z
b9a74d,2,17,8,t,d89361,2021-02-24T02:58:33.945Z
2feb6b,2,29,8,t,d89361,2021-02-24T02:58:33.945Z
c4a632,4,13,22,f,b889d7,2021-02-22T09:02:05.452Z
e83aa3,5,32,22,f,b889d7,2021-02-22T09:02:05.452Z
e31d39,2,10,22,f,b889d7,2021-02-22T09:02:05.452Z
c8d436,2,10,22,f,b889d7,2021-02-22T09:02:05.452Z
2a2353,2,57,22,f,b889d7,2021-02-22T09:02:05.452Z
2feb6b,5,29,22,f,b889d7,2021-02-22T09:02:05.452Z
e83aa3,3,32,13,t,0c5f72,2021-03-20T03:34:11.049Z
d5e9a6,2,23,13,t,0c5f72,2021-03-20T03:34:11.049Z
72f5d4,1,19,13,t,0c5f72,2021-03-20T03:34:11.049Z
b9a74d,1,17,13,t,0c5f72,2021-03-20T03:34:11.049Z
e31d39,5,10,13,f,6a223f,2021-01-29T08:20:43.526Z
d5e9a6,5,23,13,f,6a223f,2021-01-29T08:20:43.526Z
72f5d4,3,19,13,f,6a223f,2021-01-29T08:20:43.526Z
5d267b,5,40,13,f,6a223f,2021-01-29T08:20:43.526Z
c8d436,2,10,13,f,6a223f,2021-01-29T08:20:43.526Z
f084eb,2,36,13,f,6a223f,2021-01-29T08:20:43.526Z
b9a74d,2,17,13,f,6a223f,2021-01-29T08:20:43.526Z
2feb6b,5,29,13,f,6a223f,2021-01-29T08:20:43.526Z
c4a632,2,13,19,t,265ca7,2021-01-11T12:07:59.088Z
e83aa3,3,32,19,t,265ca7,2021-01-11T12:07:59.088Z
e31d39,2,10,19,t,265ca7,2021-01-11T12:07:59.088Z
72f5d4,1,19,19,t,265ca7,2021-01-11T12:07:59.088Z
9ec847,5,54,19,t,265ca7,2021-01-11T12:07:59.088Z
5d267b,1,40,19,t,265ca7,2021-01-11T12:07:59.088Z
c8d436,3,10,19,t,265ca7,2021-01-11T12:07:59.088Z
f084eb,2,36,19,t,265ca7,2021-01-11T12:07:59.088Z
b9a74d,5,17,19,t,265ca7,2021-01-11T12:07:59.088Z
2feb6b,1,29,19,t,265ca7,2021-01-11T12:07:59.088Z
e83aa3,2,32,24,t,d3a8f9,2021-03-25T18:10:54.998Z
e31d39,1,10,24,t,d3a8f9,2021-03-25T18:10:54.998Z
d5e9a6,2,23,24,t,d3a8f9,2021-03-25T18:10:54.998Z
9ec847,5,54,24,t,d3a8f9,2021-03-25T18:10:54.998Z
5d267b,5,40,24,t,d3a8f9,2021-03-25T18:10:54.998Z
f084eb,2,36,24,t,d3a8f9,2021-03-25T18:10:54.998Z
b9a74d,1,17,24,t,d3a8f9,2021-03-25T18:10:54.998Z
2feb6b,3,29,24,t,d3a8f9,2021-03-25T18:10:54.998Z
c4a632,5,13,17,t,a3b689,2021-03-05T09:49:14.620Z
e31d39,5,10,17,t,a3b689,2021-03-05T09:49:14.620Z
c8d436,2,10,17,t,a3b689,2021-03-05T09:49:14.620Z
2a2353,4,57,17,t,a3b689,2021-03-05T09:49:14.620Z
f084eb,2,36,17,t,a3b689,2021-03-05T09:49:14.620Z
2feb6b,3,29,17,t,a3b689,2021-03-05T09:49:14.620Z
c4a632,5,13,23,t,f7fff6,2021-02-26T09:25:33.772Z
e83aa3,2,32,23,t,f7fff6,2021-02-26T09:25:33.772Z
72f5d4,4,19,23,t,f7fff6,2021-02-26T09:25:33.772Z
5d267b,2,40,23,t,f7fff6,2021-02-26T09:25:33.772Z
c8d436,5,10,23,t,f7fff6,2021-02-26T09:25:33.772Z
f084eb,3,36,23,t,f7fff6,2021-02-26T09:25:33.772Z
b9a74d,5,17,23,t,f7fff6,2021-02-26T09:25:33.772Z
2feb6b,1,29,23,t,f7fff6,2021-02-26T09:25:33.772Z
c4a632,3,13,7,f,418e8b,2021-03-02T20:20:38.774Z
e83aa3,3,32,7,f,418e8b,2021-03-02T20:20:38.774Z
e31d39,4,10,7,f,418e8b,2021-03-02T20:20:38.774Z
d5e9a6,5,23,7,f,418e8b,2021-03-02T20:20:38.774Z
72f5d4,3,19,7,f,418e8b,2021-03-02T20:20:38.774Z
b9a74d,5,17,7,f,418e8b,2021-03-02T20:20:38.774Z
2feb6b,5,29,7,f,418e8b,2021-03-02T20:20:38.774Z
e83aa3,2,32,19,t,b451c6,2021-01-12T14:29:46.377Z
e31d39,3,10,19,t,b451c6,2021-01-12T14:29:46.377Z
72f5d4,3,19,19,t,b451c6,2021-01-12T14:29:46.377Z
9ec847,2,54,19,t,b451c6,2021-01-12T14:29:46.377Z
5d267b,3,40,19,t,b451c6,2021-01-12T14:29:46.377Z
2a2353,5,57,19,t,b451c6,2021-01-12T14:29:46.377Z
f084eb,4,36,19,t,b451c6,2021-01-12T14:29:46.377Z
b9a74d,5,17,19,t,b451c6,2021-01-12T14:29:46.377Z
d5e9a6,2,23,7,f,49e8e2,2021-02-09T14:16:01.257Z
c8d436,3,10,7,f,49e8e2,2021-02-09T14:16:01.257Z
2a2353,2,57,7,f,49e8e2,2021-02-09T14:16:01.257Z
f084eb,3,36,7,f,49e8e2,2021-02-09T14:16:01.257Z
b9a74d,3,17,7,f,49e8e2,2021-02-09T14:16:01.257Z
c4a632,4,13,9,t,d2e0de,2021-02-16T10:29:30.451Z
e83aa3,5,32,9,t,d2e0de,2021-02-16T10:29:30.451Z
d5e9a6,5,23,9,t,d2e0de,2021-02-16T10:29:30.451Z
9ec847,4,54,9,t,d2e0de,2021-02-16T10:29:30.451Z
5d267b,2,40,9,t,d2e0de,2021-02-16T10:29:30.451Z
c8d436,3,10,9,t,d2e0de,2021-02-16T10:29:30.451Z
f084eb,4,36,9,t,d2e0de,2021-02-16T10:29:30.451Z
b9a74d,1,17,9,t,d2e0de,2021-02-16T10:29:30.451Z
c4a632,5,13,14,f,49fd35,2021-01-30T08:07:08.515Z
e31d39,3,10,14,f,49fd35,2021-01-30T08:07:08.515Z
d5e9a6,5,23,14,f,49fd35,2021-01-30T08:07:08.515Z
72f5d4,2,19,14,f,49fd35,2021-01-30T08:07:08.515Z
c8d436,5,10,14,f,49fd35,2021-01-30T08:07:08.515Z
f084eb,4,36,14,f,49fd35,2021-01-30T08:07:08.515Z
c4a632,5,13,20,t,f0b4ef,2021-03-27T21:56:55.305Z
e83aa3,3,32,20,t,f0b4ef,2021-03-27T21:56:55.305Z
c8d436,5,10,20,t,f0b4ef,2021-03-27T21:56:55.305Z
e83aa3,5,32,14,t,f8fd0f,2021-02-24T09:30:26.841Z
d5e9a6,1,23,14,t,f8fd0f,2021-02-24T09:30:26.841Z
72f5d4,4,19,14,t,f8fd0f,2021-02-24T09:30:26.841Z
5d267b,5,40,14,t,f8fd0f,2021-02-24T09:30:26.841Z
f084eb,4,36,14,t,f8fd0f,2021-02-24T09:30:26.841Z
e83aa3,4,32,10,t,cd757e,2021-02-02T11:58:46.992Z
e31d39,3,10,10,t,cd757e,2021-02-02T11:58:46.992Z
9ec847,5,54,10,t,cd757e,2021-02-02T11:58:46.992Z
c8d436,5,10,10,t,cd757e,2021-02-02T11:58:46.992Z
2a2353,5,57,10,t,cd757e,2021-02-02T11:58:46.992Z
f084eb,5,36,10,t,cd757e,2021-02-02T11:58:46.992Z
c4a632,4,13,5,t,83d19f,2021-02-15T11:22:57.705Z
e83aa3,4,32,5,t,83d19f,2021-02-15T11:22:57.705Z
e31d39,1,10,5,t,83d19f,2021-02-15T11:22:57.705Z
72f5d4,4,19,5,t,83d19f,2021-02-15T11:22:57.705Z
f084eb,3,36,5,t,83d19f,2021-02-15T11:22:57.705Z
e31d39,1,10,20,f,0277d4,2021-01-10T20:12:55.843Z
5d267b,4,40,20,f,0277d4,2021-01-10T20:12:55.843Z
c8d436,4,10,20,f,0277d4,2021-01-10T20:12:55.843Z
f084eb,2,36,20,f,0277d4,2021-01-10T20:12:55.843Z
b9a74d,3,17,20,f,0277d4,2021-01-10T20:12:55.843Z
2feb6b,3,29,20,f,0277d4,2021-01-10T20:12:55.843Z
c4a632,5,13,17,t,7fc0c0,2021-02-20T23:09:18.115Z
e83aa3,5,32,17,t,7fc0c0,2021-02-20T23:09:18.115Z
e31d39,5,10,17,t,7fc0c0,2021-02-20T23:09:18.115Z
d5e9a6,2,23,17,t,7fc0c0,2021-02-20T23:09:18.115Z
9ec847,3,54,17,t,7fc0c0,2021-02-20T23:09:18.115Z
c8d436,5,10,17,t,7fc0c0,2021-02-20T23:09:18.115Z
2feb6b,4,29,17,t,7fc0c0,2021-02-20T23:09:18.115Z
c4a632,3,13,1,t,c4c012,2021-02-23T23:02:55.536Z
e83aa3,2,32,1,t,c4c012,2021-02-23T23:02:55.536Z
e31d39,1,10,1,t,c4c012,2021-02-23T23:02:55.536Z
72f5d4,5,19,1,t,c4c012,2021-02-23T23:02:55.536Z
f084eb,5,36,1,t,c4c012,2021-02-23T23:02:55.536Z
b9a74d,5,17,1,t,c4c012,2021-02-23T23:02:55.536Z
2feb6b,5,29,1,t,c4c012,2021-02-23T23:02:55.536Z
e31d39,2,10,17,f,d347fd,2021-03-06T00:18:09.590Z
d5e9a6,4,23,17,f,d347fd,2021-03-06T00:18:09.590Z
72f5d4,4,19,17,f,d347fd,2021-03-06T00:18:09.590Z
9ec847,2,54,17,f,d347fd,2021-03-06T00:18:09.590Z
c8d436,2,10,17,f,d347fd,2021-03-06T00:18:09.590Z
2feb6b,1,29,17,f,d347fd,2021-03-06T00:18:09.590Z
c4a632,3,13,5,t,6fde02,2021-03-01T01:39:00.432Z
e31d39,4,10,5,t,6fde02,2021-03-01T01:39:00.432Z
d5e9a6,1,23,5,t,6fde02,2021-03-01T01:39:00.432Z
5d267b,1,40,5,t,6fde02,2021-03-01T01:39:00.432Z
2a2353,4,57,5,t,6fde02,2021-03-01T01:39:00.432Z
f084eb,5,36,5,t,6fde02,2021-03-01T01:39:00.432Z
e83aa3,2,32,15,t,ac8d13,2021-02-17T16:42:43.948Z
e31d39,2,10,15,t,ac8d13,2021-02-17T16:42:43.948Z
d5e9a6,4,23,15,t,ac8d13,2021-02-17T16:42:43.948Z
c8d436,5,10,15,t,ac8d13,2021-02-17T16:42:43.948Z
c4a632,5,13,22,t,e9c623,2021-02-07T09:49:48.921Z
e31d39,1,10,22,t,e9c623,2021-02-07T09:49:48.921Z
d5e9a6,5,23,22,t,e9c623,2021-02-07T09:49:48.921Z
c8d436,5,10,22,t,e9c623,2021-02-07T09:49:48.921Z
2a2353,2,57,22,t,e9c623,2021-02-07T09:49:48.921Z
f084eb,3,36,22,t,e9c623,2021-02-07T09:49:48.921Z
b9a74d,2,17,22,t,e9c623,2021-02-07T09:49:48.921Z
2feb6b,1,29,22,t,e9c623,2021-02-07T09:49:48.921Z
c4a632,3,13,18,f,1bc80c,2021-03-27T23:32:12.825Z
e31d39,4,10,18,f,1bc80c,2021-03-27T23:32:12.825Z
5d267b,3,40,18,f,1bc80c,2021-03-27T23:32:12.825Z
c8d436,2,10,18,f,1bc80c,2021-03-27T23:32:12.825Z
f084eb,4,36,18,f,1bc80c,2021-03-27T23:32:12.825Z
2feb6b,3,29,18,f,1bc80c,2021-03-27T23:32:12.825Z
e31d39,2,10,23,f,761fd9,2021-03-27T11:16:43.334Z
9ec847,1,54,23,f,761fd9,2021-03-27T11:16:43.334Z
c8d436,3,10,23,f,761fd9,2021-03-27T11:16:43.334Z
2a2353,5,57,23,f,761fd9,2021-03-27T11:16:43.334Z
f084eb,5,36,23,f,761fd9,2021-03-27T11:16:43.334Z
b9a74d,1,17,23,f,761fd9,2021-03-27T11:16:43.334Z
c4a632,5,13,5,t,ebf4b5,2021-02-24T23:41:32.870Z
d5e9a6,4,23,5,t,ebf4b5,2021-02-24T23:41:32.870Z
72f5d4,1,19,5,t,ebf4b5,2021-02-24T23:41:32.870Z
5d267b,1,40,5,t,ebf4b5,2021-02-24T23:41:32.870Z
2a2353,4,57,5,t,ebf4b5,2021-02-24T23:41:32.870Z
72f5d4,2,19,1,t,23a3f0,2021-03-01T21:22:42.787Z
b9a74d,2,17,1,t,23a3f0,2021-03-01T21:22:42.787Z
2feb6b,1,29,1,t,23a3f0,2021-03-01T21:22:42.787Z
c4a632,4,13,4,f,2fd74b,2021-03-10T12:09:22.982Z
e31d39,5,10,4,f,2fd74b,2021-03-10T12:09:22.982Z
5d267b,1,40,4,f,2fd74b,2021-03-10T12:09:22.982Z
2a2353,5,57,4,f,2fd74b,2021-03-10T12:09:22.982Z
c4a632,2,13,8,f,46fe6d,2021-01-08T14:34:26.227Z
e83aa3,5,32,8,f,46fe6d,2021-01-08T14:34:26.227Z
5d267b,2,40,8,f,46fe6d,2021-01-08T14:34:26.227Z
c8d436,4,10,8,f,46fe6d,2021-01-08T14:34:26.227Z
f084eb,4,36,8,f,46fe6d,2021-01-08T14:34:26.227Z
c4a632,1,13,12,f,60bd7e,2021-03-11T22:03:00.518Z
e83aa3,3,32,12,f,60bd7e,2021-03-11T22:03:00.518Z
e31d39,4,10,12,f,60bd7e,2021-03-11T22:03:00.518Z
d5e9a6,4,23,12,f,60bd7e,2021-03-11T22:03:00.518Z
9ec847,2,54,12,f,60bd7e,2021-03-11T22:03:00.518Z
5d267b,1,40,12,f,60bd7e,2021-03-11T22:03:00.518Z
c8d436,1,10,12,f,60bd7e,2021-03-11T22:03:00.518Z
2a2353,4,57,12,f,60bd7e,2021-03-11T22:03:00.518Z
f084eb,4,36,12,f,60bd7e,2021-03-11T22:03:00.518Z
b9a74d,1,17,12,f,60bd7e,2021-03-11T22:03:00.518Z
2feb6b,2,29,12,f,60bd7e,2021-03-11T22:03:00.518Z
c4a632,2,13,19,t,38b6c6,2021-01-23T20:18:07.056Z
e83aa3,5,32,19,t,38b6c6,2021-01-23T20:18:07.056Z
e31d39,3,10,19,t,38b6c6,2021-01-23T20:18:07.056Z
72f5d4,3,19,19,t,38b6c6,2021-01-23T20:18:07.056Z
9ec847,3,54,19,t,38b6c6,2021-01-23T20:18:07.056Z
c8d436,4,10,19,t,38b6c6,2021-01-23T20:18:07.056Z
2feb6b,3,29,19,t,38b6c6,2021-01-23T20:18:07.056Z
c4a632,3,13,8,f,22c153,2021-03-14T21:45:51.753Z
d5e9a6,1,23,8,f,22c153,2021-03-14T21:45:51.753Z
72f5d4,4,19,8,f,22c153,2021-03-14T21:45:51.753Z
9ec847,3,54,8,f,22c153,2021-03-14T21:45:51.753Z
5d267b,2,40,8,f,22c153,2021-03-14T21:45:51.753Z
b9a74d,1,17,8,f,22c153,2021-03-14T21:45:51.753Z
2feb6b,3,29,8,f,22c153,2021-03-14T21:45:51.753Z
c4a632,1,13,11,f,e7372f,2021-02-05T09:56:05.193Z
2a2353,3,57,11,f,e7372f,2021-02-05T09:56:05.193Z
b9a74d,1,17,11,f,e7372f,2021-02-05T09:56:05.193Z
2feb6b,4,29,11,f,e7372f,2021-02-05T09:56:05.193Z
c4a632,1,13,4,t,270574,2021-03-01T20:54:28.656Z
e83aa3,2,32,4,t,270574,2021-03-01T20:54:28.656Z
72f5d4,5,19,4,t,270574,2021-03-01T20:54:28.656Z
2a2353,3,57,4,t,270574,2021-03-01T20:54:28.656Z
b9a74d,3,17,4,t,270574,2021-03-01T20:54:28.656Z
c4a632,3,13,19,t,326fa1,2021-03-01T08:57:48.240Z
e83aa3,3,32,19,t,326fa1,2021-03-01T08:57:48.240Z
e31d39,3,10,19,t,326fa1,2021-03-01T08:57:48.240Z
9ec847,3,54,19,t,326fa1,2021-03-01T08:57:48.240Z
5d267b,3,40,19,t,326fa1,2021-03-01T08:57:48.240Z
2a2353,3,57,19,t,326fa1,2021-03-01T08:57:48.240Z
f084eb,4,36,19,t,326fa1,2021-03-01T08:57:48.240Z
d5e9a6,3,23,15,t,9e0cb2,2021-03-23T12:43:26.688Z
b9a74d,5,17,15,t,9e0cb2,2021-03-23T12:43:26.688Z
2feb6b,1,29,15,t,9e0cb2,2021-03-23T12:43:26.688Z
c4a632,4,13,22,t,0e1fce,2021-01-10T18:36:24.105Z
e83aa3,3,32,22,t,0e1fce,2021-01-10T18:36:24.105Z
d5e9a6,5,23,22,t,0e1fce,2021-01-10T18:36:24.105Z
c8d436,1,10,22,t,0e1fce,2021-01-10T18:36:24.105Z
e83aa3,5,32,6,t,98b695,2021-01-17T03:04:52.896Z
e31d39,5,10,6,t,98b695,2021-01-17T03:04:52.896Z
72f5d4,1,19,6,t,98b695,2021-01-17T03:04:52.896Z
2a2353,4,57,6,t,98b695,2021-01-17T03:04:52.896Z
f084eb,1,36,6,t,98b695,2021-01-17T03:04:52.896Z
c4a632,3,13,20,t,a23d26,2021-02-26T17:49:43.881Z
e83aa3,4,32,20,t,a23d26,2021-02-26T17:49:43.881Z
d5e9a6,5,23,20,t,a23d26,2021-02-26T17:49:43.881Z
72f5d4,3,19,20,t,a23d26,2021-02-26T17:49:43.881Z
f084eb,1,36,20,t,a23d26,2021-02-26T17:49:43.881Z
c4a632,2,13,23,f,4e8ae5,2021-03-28T05:38:05.683Z
e83aa3,3,32,23,f,4e8ae5,2021-03-28T05:38:05.683Z
e31d39,5,10,23,f,4e8ae5,2021-03-28T05:38:05.683Z
72f5d4,1,19,23,f,4e8ae5,2021-03-28T05:38:05.683Z
5d267b,2,40,23,f,4e8ae5,2021-03-28T05:38:05.683Z
2a2353,4,57,23,f,4e8ae5,2021-03-28T05:38:05.683Z
f084eb,2,36,23,f,4e8ae5,2021-03-28T05:38:05.683Z
b9a74d,5,17,23,f,4e8ae5,2021-03-28T05:38:05.683Z
2feb6b,2,29,23,f,4e8ae5,2021-03-28T05:38:05.683Z
e83aa3,4,32,4,f,3a8ec4,2021-03-15T11:12:07.200Z
e31d39,2,10,4,f,3a8ec4,2021-03-15T11:12:07.200Z
d5e9a6,3,23,4,f,3a8ec4,2021-03-15T11:12:07.200Z
72f5d4,5,19,4,f,3a8ec4,2021-03-15T11:12:07.200Z
9ec847,4,54,4,f,3a8ec4,2021-03-15T11:12:07.200Z
c8d436,2,10,4,f,3a8ec4,2021-03-15T11:12:07.200Z
2a2353,5,57,4,f,3a8ec4,2021-03-15T11:12:07.200Z
f084eb,3,36,4,f,3a8ec4,2021-03-15T11:12:07.200Z
2feb6b,2,29,4,f,3a8ec4,2021-03-15T11:12:07.200Z
c4a632,4,13,15,t,e2e931,2021-03-15T22:07:15.484Z
5d267b,3,40,15,t,e2e931,2021-03-15T22:07:15.484Z
2a2353,5,57,15,t,e2e931,2021-03-15T22:07:15.484Z
b9a74d,5,17,15,t,e2e931,2021-03-15T22:07:15.484Z
2feb6b,1,29,15,t,e2e931,2021-03-15T22:07:15.484Z
c4a632,4,13,5,t,3ffb6a,2021-02-27T03:26:38.918Z
c8d436,3,10,5,t,3ffb6a,2021-02-27T03:26:38.918Z
f084eb,1,36,5,t,3ffb6a,2021-02-27T03:26:38.918Z
b9a74d,5,17,5,t,3ffb6a,2021-02-27T03:26:38.918Z
2feb6b,5,29,5,t,3ffb6a,2021-02-27T03:26:38.918Z
c4a632,3,13,13,t,d712e4,2021-01-07T13:13:14.131Z
e83aa3,3,32,13,t,d712e4,2021-01-07T13:13:14.131Z
e31d39,1,10,13,t,d712e4,2021-01-07T13:13:14.131Z
d5e9a6,5,23,13,t,d712e4,2021-01-07T13:13:14.131Z
9ec847,3,54,13,t,d712e4,2021-01-07T13:13:14.131Z
2a2353,2,57,13,t,d712e4,2021-01-07T13:13:14.131Z
f084eb,5,36,13,t,d712e4,2021-01-07T13:13:14.131Z
b9a74d,5,17,13,t,d712e4,2021-01-07T13:13:14.131Z
c4a632,3,13,4,t,27312a,2021-03-09T18:57:43.084Z
e83aa3,5,32,4,t,27312a,2021-03-09T18:57:43.084Z
e31d39,2,10,4,t,27312a,2021-03-09T18:57:43.084Z
9ec847,1,54,4,t,27312a,2021-03-09T18:57:43.084Z
c8d436,1,10,4,t,27312a,2021-03-09T18:57:43.084Z
f084eb,3,36,4,t,27312a,2021-03-09T18:57:43.084Z
b9a74d,4,17,4,t,27312a,2021-03-09T18:57:43.084Z
2feb6b,2,29,4,t,27312a,2021-03-09T18:57:43.084Z
c4a632,5,13,18,f,5245a5,2021-01-14T20:12:43.142Z
e31d39,2,10,18,f,5245a5,2021-01-14T20:12:43.142Z
d5e9a6,1,23,18,f,5245a5,2021-01-14T20:12:43.142Z
f084eb,2,36,18,f,5245a5,2021-01-14T20:12:43.142Z
2feb6b,3,29,18,f,5245a5,2021-01-14T20:12:43.142Z
c4a632,4,13,22,t,748b1c,2021-02-20T15:32:10.521Z
e83aa3,4,32,22,t,748b1c,2021-02-20T15:32:10.521Z
e31d39,5,10,22,t,748b1c,2021-02-20T15:32:10.521Z
9ec847,4,54,22,t,748b1c,2021-02-20T15:32:10.521Z
c8d436,4,10,22,t,748b1c,2021-02-20T15:32:10.521Z
b9a74d,3,17,22,t,748b1c,2021-02-20T15:32:10.521Z
e31d39,5,10,7,t,6362db,2021-01-02T02:15:47.347Z
d5e9a6,2,23,7,t,6362db,2021-01-02T02:15:47.347Z
9ec847,5,54,7,t,6362db,2021-01-02T02:15:47.347Z
5d267b,2,40,7,t,6362db,2021-01-02T02:15:47.347Z
2a2353,2,57,7,t,6362db,2021-01-02T02:15:47.347Z
f084eb,3,36,7,t,6362db,2021-01-02T02:15:47.347Z
d5e9a6,4,23,23,t,89cc37,2021-01-21T17:58:41.289Z
b9a74d,4,17,23,t,89cc37,2021-01-21T17:58:41.289Z
2feb6b,1,29,23,t,89cc37,2021-01-21T17:58:41.289Z
e83aa3,1,32,12,f,6533de,2021-03-03T12:30:27.360Z
9ec847,5,54,12,f,6533de,2021-03-03T12:30:27.360Z
f084eb,3,36,12,f,6533de,2021-03-03T12:30:27.360Z
c4a632,2,13,23,t,ece20b,2021-02-09T05:54:06.105Z
9ec847,1,54,23,t,ece20b,2021-02-09T05:54:06.105Z
5d267b,1,40,23,t,ece20b,2021-02-09T05:54:06.105Z
c8d436,2,10,23,t,ece20b,2021-02-09T05:54:06.105Z
b9a74d,2,17,23,t,ece20b,2021-02-09T05:54:06.105Z
2feb6b,5,29,23,t,ece20b,2021-02-09T05:54:06.105Z
c4a632,2,13,7,f,dae204,2021-01-30T03:17:11.184Z
e83aa3,4,32,7,f,dae204,2021-01-30T03:17:11.184Z
9ec847,3,54,7,f,dae204,2021-01-30T03:17:11.184Z
c8d436,2,10,7,f,dae204,2021-01-30T03:17:11.184Z
2a2353,4,57,7,f,dae204,2021-01-30T03:17:11.184Z
b9a74d,2,17,7,f,dae204,2021-01-30T03:17:11.184Z
c4a632,3,13,18,f,fb0350,2021-01-30T07:37:28.848Z
e31d39,3,10,18,f,fb0350,2021-01-30T07:37:28.848Z
d5e9a6,5,23,18,f,fb0350,2021-01-30T07:37:28.848Z
5d267b,3,40,18,f,fb0350,2021-01-30T07:37:28.848Z
b9a74d,1,17,18,f,fb0350,2021-01-30T07:37:28.848Z
2feb6b,1,29,18,f,fb0350,2021-01-30T07:37:28.848Z
e83aa3,4,32,5,t,be489a,2021-03-14T09:19:10.761Z
d5e9a6,4,23,5,t,be489a,2021-03-14T09:19:10.761Z
72f5d4,5,19,5,t,be489a,2021-03-14T09:19:10.761Z
2a2353,4,57,5,t,be489a,2021-03-14T09:19:10.761Z
e83aa3,3,32,5,t,c74aa2,2021-02-20T18:59:31.516Z
d5e9a6,3,23,5,t,c74aa2,2021-02-20T18:59:31.516Z
5d267b,5,40,5,t,c74aa2,2021-02-20T18:59:31.516Z
c8d436,4,10,5,t,c74aa2,2021-02-20T18:59:31.516Z
2a2353,4,57,5,t,c74aa2,2021-02-20T18:59:31.516Z
f084eb,4,36,5,t,c74aa2,2021-02-20T18:59:31.516Z
b9a74d,4,17,5,t,c74aa2,2021-02-20T18:59:31.516Z
2feb6b,2,29,5,t,c74aa2,2021-02-20T18:59:31.516Z
e31d39,4,10,18,f,0d5587,2021-03-07T19:18:35.798Z
72f5d4,5,19,18,f,0d5587,2021-03-07T19:18:35.798Z
9ec847,2,54,18,f,0d5587,2021-03-07T19:18:35.798Z
c8d436,3,10,18,f,0d5587,2021-03-07T19:18:35.798Z
f084eb,5,36,18,f,0d5587,2021-03-07T19:18:35.798Z
e83aa3,2,32,9,t,e85324,2021-01-30T19:58:16.982Z
d5e9a6,3,23,9,t,e85324,2021-01-30T19:58:16.982Z
72f5d4,1,19,9,t,e85324,2021-01-30T19:58:16.982Z
f084eb,5,36,9,t,e85324,2021-01-30T19:58:16.982Z
2feb6b,2,29,9,t,e85324,2021-01-30T19:58:16.982Z
c4a632,1,13,11,f,2de8ca,2021-01-10T22:47:44.361Z
72f5d4,2,19,11,f,2de8ca,2021-01-10T22:47:44.361Z
9ec847,5,54,11,f,2de8ca,2021-01-10T22:47:44.361Z
c8d436,2,10,11,f,2de8ca,2021-01-10T22:47:44.361Z
f084eb,3,36,11,f,2de8ca,2021-01-10T22:47:44.361Z
b9a74d,2,17,11,f,2de8ca,2021-01-10T22:47:44.361Z
2feb6b,3,29,11,f,2de8ca,2021-01-10T22:47:44.361Z
c4a632,2,13,16,f,306c77,2021-03-22T04:24:59.673Z
72f5d4,3,19,16,f,306c77,2021-03-22T04:24:59.673Z
c8d436,3,10,16,f,306c77,2021-03-22T04:24:59.673Z
2a2353,5,57,16,f,306c77,2021-03-22T04:24:59.673Z
f084eb,1,36,16,f,306c77,2021-03-22T04:24:59.673Z
b9a74d,4,17,16,f,306c77,2021-03-22T04:24:59.673Z
e83aa3,4,32,7,t,341217,2021-01-02T21:40:28.185Z
e31d39,2,10,7,t,341217,2021-01-02T21:40:28.185Z
d5e9a6,3,23,7,t,341217,2021-01-02T21:40:28.185Z
72f5d4,1,19,7,t,341217,2021-01-02T21:40:28.185Z
9ec847,3,54,7,t,341217,2021-01-02T21:40:28.185Z
5d267b,2,40,7,t,341217,2021-01-02T21:40:28.185Z
c8d436,3,10,7,t,341217,2021-01-02T21:40:28.185Z
f084eb,5,36,7,t,341217,2021-01-02T21:40:28.185Z
b9a74d,2,17,7,t,341217,2021-01-02T21:40:28.185Z
c4a632,1,13,10,t,929a61,2021-02-11T01:11:49.372Z
2a2353,4,57,10,t,929a61,2021-02-11T01:11:49.372Z
f084eb,2,36,10,t,929a61,2021-02-11T01:11:49.372Z
b9a74d,5,17,10,t,929a61,2021-02-11T01:11:49.372Z
e31d39,2,10,13,t,a98505,2021-02-18T16:19:35.846Z
72f5d4,1,19,13,t,a98505,2021-02-18T16:19:35.846Z
9ec847,4,54,13,t,a98505,2021-02-18T16:19:35.846Z
5d267b,5,40,13,t,a98505,2021-02-18T16:19:35.846Z
2a2353,2,57,13,t,a98505,2021-02-18T16:19:35.846Z
b9a74d,4,17,13,t,a98505,2021-02-18T16:19:35.846Z
e83aa3,1,32,5,t,3d1aad,2021-02-24T08:04:53.126Z
e31d39,5,10,5,t,3d1aad,2021-02-24T08:04:53.126Z
c8d436,3,10,5,t,3d1aad,2021-02-24T08:04:53.126Z
2feb6b,4,29,5,t,3d1aad,2021-02-24T08:04:53.126Z
c4a632,2,13,8,t,e4dfac,2021-02-03T11:50:08.073Z
e83aa3,1,32,8,t,e4dfac,2021-02-03T11:50:08.073Z
e31d39,3,10,8,t,e4dfac,2021-02-03T11:50:08.073Z
d5e9a6,1,23,8,t,e4dfac,2021-02-03T11:50:08.073Z
9ec847,5,54,8,t,e4dfac,2021-02-03T11:50:08.073Z
5d267b,1,40,8,t,e4dfac,2021-02-03T11:50:08.073Z
c8d436,4,10,8,t,e4dfac,2021-02-03T11:50:08.073Z
2a2353,5,57,8,t,e4dfac,2021-02-03T11:50:08.073Z
f084eb,2,36,8,t,e4dfac,2021-02-03T11:50:08.073Z
2feb6b,1,29,8,t,e4dfac,2021-02-03T11:50:08.073Z
c4a632,1,13,19,t,f67399,2021-03-08T04:11:40.473Z
e31d39,1,10,19,t,f67399,2021-03-08T04:11:40.473Z
d5e9a6,4,23,19,t,f67399,2021-03-08T04:11:40.473Z
5d267b,3,40,19,t,f67399,2021-03-08T04:11:40.473Z
f084eb,2,36,19,t,f67399,2021-03-08T04:11:40.473Z
2feb6b,2,29,19,t,f67399,2021-03-08T04:11:40.473Z
c4a632,2,13,15,t,d78c38,2021-02-28T05:24:37.065Z
e83aa3,1,32,15,t,d78c38,2021-02-28T05:24:37.065Z
72f5d4,3,19,15,t,d78c38,2021-02-28T05:24:37.065Z
c8d436,4,10,15,t,d78c38,2021-02-28T05:24:37.065Z
2a2353,2,57,15,t,d78c38,2021-02-28T05:24:37.065Z
b9a74d,5,17,15,t,d78c38,2021-02-28T05:24:37.065Z
2feb6b,3,29,15,t,d78c38,2021-02-28T05:24:37.065Z
9ec847,1,54,19,f,3179fe,2021-02-20T07:26:10.608Z
5d267b,4,40,19,f,3179fe,2021-02-20T07:26:10.608Z
2a2353,5,57,19,f,3179fe,2021-02-20T07:26:10.608Z
f084eb,1,36,19,f,3179fe,2021-02-20T07:26:10.608Z
c4a632,2,13,2,t,8fb118,2021-03-29T00:14:36.009Z
e31d39,1,10,2,t,8fb118,2021-03-29T00:14:36.009Z
d5e9a6,4,23,2,t,8fb118,2021-03-29T00:14:36.009Z
f084eb,3,36,2,t,8fb118,2021-03-29T00:14:36.009Z
b9a74d,1,17,2,t,8fb118,2021-03-29T00:14:36.009Z
2feb6b,2,29,2,t,8fb118,2021-03-29T00:14:36.009Z
c4a632,4,13,5,f,bc73eb,2021-01-03T14:45:29.865Z
e83aa3,3,32,5,f,bc73eb,2021-01-03T14:45:29.865Z
d5e9a6,3,23,5,f,bc73eb,2021-01-03T14:45:29.865Z
72f5d4,3,19,5,f,bc73eb,2021-01-03T14:45:29.865Z
5d267b,1,40,5,f,bc73eb,2021-01-03T14:45:29.865Z
c8d436,2,10,5,f,bc73eb,2021-01-03T14:45:29.865Z
c4a632,2,13,2,t,a6160a,2021-03-22T16:04:37.027Z
e31d39,5,10,2,t,a6160a,2021-03-22T16:04:37.027Z
72f5d4,4,19,2,t,a6160a,2021-03-22T16:04:37.027Z
5d267b,5,40,2,t,a6160a,2021-03-22T16:04:37.027Z
2a2353,5,57,2,t,a6160a,2021-03-22T16:04:37.027Z
f084eb,2,36,2,t,a6160a,2021-03-22T16:04:37.027Z
2feb6b,2,29,2,t,a6160a,2021-03-22T16:04:37.027Z
e83aa3,2,32,4,f,8f4682,2021-02-22T10:45:29.318Z
e31d39,3,10,4,f,8f4682,2021-02-22T10:45:29.318Z
d5e9a6,3,23,4,f,8f4682,2021-02-22T10:45:29.318Z
5d267b,3,40,4,f,8f4682,2021-02-22T10:45:29.318Z
2a2353,1,57,4,f,8f4682,2021-02-22T10:45:29.318Z
f084eb,4,36,4,f,8f4682,2021-02-22T10:45:29.318Z
e83aa3,4,32,1,t,a88597,2021-01-11T03:22:41.577Z
d5e9a6,5,23,1,t,a88597,2021-01-11T03:22:41.577Z
5d267b,4,40,1,t,a88597,2021-01-11T03:22:41.577Z
c8d436,1,10,1,t,a88597,2021-01-11T03:22:41.577Z
2feb6b,3,29,1,t,a88597,2021-01-11T03:22:41.577Z
c4a632,1,13,5,f,992945,2021-02-27T03:55:56.467Z
e83aa3,4,32,5,f,992945,2021-02-27T03:55:56.467Z
d5e9a6,2,23,5,f,992945,2021-02-27T03:55:56.467Z
c8d436,1,10,5,f,992945,2021-02-27T03:55:56.467Z
f084eb,5,36,5,f,992945,2021-02-27T03:55:56.467Z
b9a74d,1,17,5,f,992945,2021-02-27T03:55:56.467Z
2feb6b,1,29,5,f,992945,2021-02-27T03:55:56.467Z
c4a632,4,13,6,t,26effa,2021-02-11T17:30:49.190Z
5d267b,1,40,6,t,26effa,2021-02-11T17:30:49.190Z
2a2353,2,57,6,t,26effa,2021-02-11T17:30:49.190Z
b9a74d,3,17,6,t,26effa,2021-02-11T17:30:49.190Z
2feb6b,2,29,6,t,26effa,2021-02-11T17:30:49.190Z
c4a632,4,13,18,f,c4e700,2021-02-23T12:53:46.953Z
e31d39,1,10,18,f,c4e700,2021-02-23T12:53:46.953Z
d5e9a6,3,23,18,f,c4e700,2021-02-23T12:53:46.953Z
72f5d4,4,19,18,f,c4e700,2021-02-23T12:53:46.953Z
9ec847,4,54,18,f,c4e700,2021-02-23T12:53:46.953Z
5d267b,3,40,18,f,c4e700,2021-02-23T12:53:46.953Z
2a2353,1,57,18,f,c4e700,2021-02-23T12:53:46.953Z
f084eb,3,36,18,f,c4e700,2021-02-23T12:53:46.953Z
b9a74d,1,17,18,f,c4e700,2021-02-23T12:53:46.953Z
e83aa3,5,32,24,t,64cbd8,2021-01-21T14:29:46.464Z
d5e9a6,4,23,24,t,64cbd8,2021-01-21T14:29:46.464Z
72f5d4,4,19,24,t,64cbd8,2021-01-21T14:29:46.464Z
c8d436,2,10,24,t,64cbd8,2021-01-21T14:29:46.464Z
2a2353,5,57,24,t,64cbd8,2021-01-21T14:29:46.464Z
b9a74d,1,17,24,t,64cbd8,2021-01-21T14:29:46.464Z
e83aa3,5,32,4,f,2b12c1,2021-02-24T18:27:24.364Z
d5e9a6,3,23,4,f,2b12c1,2021-02-24T18:27:24.364Z
9ec847,5,54,4,f,2b12c1,2021-02-24T18:27:24.364Z
5d267b,2,40,4,f,2b12c1,2021-02-24T18:27:24.364Z
c8d436,4,10,4,f,2b12c1,2021-02-24T18:27:24.364Z
2a2353,3,57,4,f,2b12c1,2021-02-24T18:27:24.364Z
2feb6b,5,29,4,f,2b12c1,2021-02-24T18:27:24.364Z
c4a632,5,13,15,t,e8967d,2021-01-16T06:50:29.270Z
e83aa3,3,32,15,t,e8967d,2021-01-16T06:50:29.270Z
e31d39,4,10,15,t,e8967d,2021-01-16T06:50:29.270Z
72f5d4,3,19,15,t,e8967d,2021-01-16T06:50:29.270Z
c8d436,2,10,15,t,e8967d,2021-01-16T06:50:29.270Z
f084eb,5,36,15,t,e8967d,2021-01-16T06:50:29.270Z
c4a632,3,13,24,t,0a4fd3,2021-03-04T01:11:35.721Z
e31d39,4,10,24,t,0a4fd3,2021-03-04T01:11:35.721Z
d5e9a6,5,23,24,t,0a4fd3,2021-03-04T01:11:35.721Z
72f5d4,1,19,24,t,0a4fd3,2021-03-04T01:11:35.721Z
5d267b,2,40,24,t,0a4fd3,2021-03-04T01:11:35.721Z
c8d436,3,10,24,t,0a4fd3,2021-03-04T01:11:35.721Z
b9a74d,3,17,24,t,0a4fd3,2021-03-04T01:11:35.721Z
e83aa3,5,32,22,f,85a371,2021-01-25T06:42:02.448Z
d5e9a6,4,23,22,f,85a371,2021-01-25T06:42:02.448Z
72f5d4,2,19,22,f,85a371,2021-01-25T06:42:02.448Z
5d267b,4,40,22,f,85a371,2021-01-25T06:42:02.448Z
b9a74d,3,17,22,f,85a371,2021-01-25T06:42:02.448Z
72f5d4,2,19,3,t,251382,2021-02-07T21:12:23.644Z
9ec847,5,54,3,t,251382,2021-02-07T21:12:23.644Z
c8d436,2,10,3,t,251382,2021-02-07T21:12:23.644Z
b9a74d,1,17,3,t,251382,2021-02-07T21:12:23.644Z
e31d39,5,10,9,f,cee1dc,2021-03-18T09:35:41.164Z
9ec847,1,54,9,f,cee1dc,2021-03-18T09:35:41.164Z
5d267b,5,40,9,f,cee1dc,2021-03-18T09:35:41.164Z
2a2353,4,57,9,f,cee1dc,2021-03-18T09:35:41.164Z
f084eb,5,36,9,f,cee1dc,2021-03-18T09:35:41.164Z
b9a74d,4,17,9,f,cee1dc,2021-03-18T09:35:41.164Z
d5e9a6,4,23,10,f,1d51cb,2021-01-01T08:24:34.300Z
9ec847,2,54,10,f,1d51cb,2021-01-01T08:24:34.300Z
5d267b,2,40,10,f,1d51cb,2021-01-01T08:24:34.300Z
c8d436,1,10,10,f,1d51cb,2021-01-01T08:24:34.300Z
f084eb,5,36,10,f,1d51cb,2021-01-01T08:24:34.300Z
b9a74d,2,17,10,f,1d51cb,2021-01-01T08:24:34.300Z
2feb6b,3,29,10,f,1d51cb,2021-01-01T08:24:34.300Z
c4a632,1,13,23,f,3209d6,2021-02-25T17:25:46.617Z
e83aa3,5,32,23,f,3209d6,2021-02-25T17:25:46.617Z
e31d39,2,10,23,f,3209d6,2021-02-25T17:25:46.617Z
72f5d4,5,19,23,f,3209d6,2021-02-25T17:25:46.617Z
c8d436,5,10,23,f,3209d6,2021-02-25T17:25:46.617Z
2a2353,1,57,23,f,3209d6,2021-02-25T17:25:46.617Z
b9a74d,5,17,23,f,3209d6,2021-02-25T17:25:46.617Z
2feb6b,3,29,23,f,3209d6,2021-02-25T17:25:46.617Z
e31d39,4,10,23,f,2caab7,2021-02-20T13:46:54.508Z
72f5d4,2,19,23,f,2caab7,2021-02-20T13:46:54.508Z
9ec847,1,54,23,f,2caab7,2021-02-20T13:46:54.508Z
b9a74d,5,17,23,f,2caab7,2021-02-20T13:46:54.508Z
2feb6b,3,29,23,f,2caab7,2021-02-20T13:46:54.508Z
e83aa3,5,32,20,f,f8aa1b,2021-02-26T04:07:47.712Z
72f5d4,1,19,20,f,f8aa1b,2021-02-26T04:07:47.712Z
9ec847,3,54,20,f,f8aa1b,2021-02-26T04:07:47.712Z
5d267b,5,40,20,f,f8aa1b,2021-02-26T04:07:47.712Z
c8d436,1,10,20,f,f8aa1b,2021-02-26T04:07:47.712Z
2a2353,2,57,20,f,f8aa1b,2021-02-26T04:07:47.712Z
b9a74d,4,17,20,f,f8aa1b,2021-02-26T04:07:47.712Z
2feb6b,4,29,20,f,f8aa1b,2021-02-26T04:07:47.712Z
c4a632,3,13,22,f,ccc56d,2021-01-20T10:44:06.633Z
e83aa3,4,32,22,f,ccc56d,2021-01-20T10:44:06.633Z
72f5d4,4,19,22,f,ccc56d,2021-01-20T10:44:06.633Z
5d267b,1,40,22,f,ccc56d,2021-01-20T10:44:06.633Z
c4a632,2,13,7,t,9aa4bc,2021-03-03T19:36:49.708Z
e83aa3,1,32,7,t,9aa4bc,2021-03-03T19:36:49.708Z
e31d39,5,10,7,t,9aa4bc,2021-03-03T19:36:49.708Z
72f5d4,1,19,7,t,9aa4bc,2021-03-03T19:36:49.708Z
9ec847,5,54,7,t,9aa4bc,2021-03-03T19:36:49.708Z
5d267b,1,40,7,t,9aa4bc,2021-03-03T19:36:49.708Z
c8d436,5,10,7,t,9aa4bc,2021-03-03T19:36:49.708Z
b9a74d,1,17,7,t,9aa4bc,2021-03-03T19:36:49.708Z
2feb6b,3,29,7,t,9aa4bc,2021-03-03T19:36:49.708Z
e31d39,5,10,1,t,c00d1a,2021-01-14T21:20:17.548Z
72f5d4,1,19,1,t,c00d1a,2021-01-14T21:20:17.548Z
2a2353,4,57,1,t,c00d1a,2021-01-14T21:20:17.548Z
2feb6b,2,29,1,t,c00d1a,2021-01-14T21:20:17.548Z
e83aa3,1,32,16,t,b788a4,2021-02-19T17:15:32.400Z
9ec847,3,54,16,t,b788a4,2021-02-19T17:15:32.400Z
5d267b,5,40,16,t,b788a4,2021-02-19T17:15:32.400Z
f084eb,3,36,16,t,b788a4,2021-02-19T17:15:32.400Z
b9a74d,4,17,16,t,b788a4,2021-02-19T17:15:32.400Z
2feb6b,2,29,16,t,b788a4,2021-02-19T17:15:32.400Z
c4a632,2,13,3,t,907ab6,2021-03-26T20:32:45.052Z
e83aa3,5,32,3,t,907ab6,2021-03-26T20:32:45.052Z
d5e9a6,2,23,3,t,907ab6,2021-03-26T20:32:45.052Z
72f5d4,4,19,3,t,907ab6,2021-03-26T20:32:45.052Z
9ec847,4,54,3,t,907ab6,2021-03-26T20:32:45.052Z
5d267b,2,40,3,t,907ab6,2021-03-26T20:32:45.052Z
c8d436,1,10,3,t,907ab6,2021-03-26T20:32:45.052Z
f084eb,4,36,3,t,907ab6,2021-03-26T20:32:45.052Z
b9a74d,5,17,3,t,907ab6,2021-03-26T20:32:45.052Z
2feb6b,2,29,3,t,907ab6,2021-03-26T20:32:45.052Z
72f5d4,5,19,11,t,e1eeb3,2021-01-16T09:00:10.022Z
5d267b,4,40,11,t,e1eeb3,2021-01-16T09:00:10.022Z
c8d436,5,10,11,t,e1eeb3,2021-01-16T09:00:10.022Z
2a2353,2,57,11,t,e1eeb3,2021-01-16T09:00:10.022Z
f084eb,1,36,11,t,e1eeb3,2021-01-16T09:00:10.022Z
b9a74d,3,17,11,t,e1eeb3,2021-01-16T09:00:10.022Z
2feb6b,3,29,11,t,e1eeb3,2021-01-16T09:00:10.022Z
c4a632,5,13,11,t,a7d1be,2021-03-26T03:21:43.344Z
e31d39,2,10,11,t,a7d1be,2021-03-26T03:21:43.344Z
d5e9a6,3,23,11,t,a7d1be,2021-03-26T03:21:43.344Z
72f5d4,5,19,11,t,a7d1be,2021-03-26T03:21:43.344Z
2a2353,1,57,11,t,a7d1be,2021-03-26T03:21:43.344Z
f084eb,4,36,11,t,a7d1be,2021-03-26T03:21:43.344Z
2feb6b,3,29,11,t,a7d1be,2021-03-26T03:21:43.344Z
c4a632,3,13,8,t,1d9b0d,2021-02-21T06:41:31.862Z
d5e9a6,3,23,8,t,1d9b0d,2021-02-21T06:41:31.862Z
72f5d4,5,19,8,t,1d9b0d,2021-02-21T06:41:31.862Z
9ec847,2,54,8,t,1d9b0d,2021-02-21T06:41:31.862Z
5d267b,4,40,8,t,1d9b0d,2021-02-21T06:41:31.862Z
c8d436,2,10,8,t,1d9b0d,2021-02-21T06:41:31.862Z
f084eb,1,36,8,t,1d9b0d,2021-02-21T06:41:31.862Z
2feb6b,1,29,8,t,1d9b0d,2021-02-21T06:41:31.862Z
e31d39,5,10,20,t,1ef0d4,2021-01-26T06:28:31.411Z
9ec847,1,54,20,t,1ef0d4,2021-01-26T06:28:31.411Z
f084eb,1,36,20,t,1ef0d4,2021-01-26T06:28:31.411Z
b9a74d,1,17,20,t,1ef0d4,2021-01-26T06:28:31.411Z
e83aa3,5,32,5,t,9166c4,2021-02-07T11:25:59.836Z
e31d39,3,10,5,t,9166c4,2021-02-07T11:25:59.836Z
c8d436,1,10,5,t,9166c4,2021-02-07T11:25:59.836Z
c4a632,3,13,23,f,f5f650,2021-02-15T07:48:11.923Z
e31d39,5,10,23,f,f5f650,2021-02-15T07:48:11.923Z
d5e9a6,1,23,23,f,f5f650,2021-02-15T07:48:11.923Z
5d267b,1,40,23,f,f5f650,2021-02-15T07:48:11.923Z
c8d436,3,10,23,f,f5f650,2021-02-15T07:48:11.923Z
2a2353,3,57,23,f,f5f650,2021-02-15T07:48:11.923Z
e83aa3,5,32,16,f,f3b2b5,2021-01-09T22:11:28.204Z
e31d39,1,10,16,f,f3b2b5,2021-01-09T22:11:28.204Z
72f5d4,1,19,16,f,f3b2b5,2021-01-09T22:11:28.204Z
5d267b,5,40,16,f,f3b2b5,2021-01-09T22:11:28.204Z
e83aa3,2,32,11,t,149c32,2021-03-02T13:42:15.609Z
d5e9a6,4,23,11,t,149c32,2021-03-02T13:42:15.609Z
72f5d4,2,19,11,t,149c32,2021-03-02T13:42:15.609Z
9ec847,3,54,11,t,149c32,2021-03-02T13:42:15.609Z
c8d436,2,10,11,t,149c32,2021-03-02T13:42:15.609Z
2a2353,2,57,11,t,149c32,2021-03-02T13:42:15.609Z
b9a74d,2,17,11,t,149c32,2021-03-02T13:42:15.609Z
e83aa3,5,32,15,t,10b337,2021-02-07T19:53:24.000Z
e31d39,1,10,15,t,10b337,2021-02-07T19:53:24.000Z
d5e9a6,3,23,15,t,10b337,2021-02-07T19:53:24.000Z
72f5d4,1,19,15,t,10b337,2021-02-07T19:53:24.000Z
5d267b,5,40,15,t,10b337,2021-02-07T19:53:24.000Z
c8d436,3,10,15,t,10b337,2021-02-07T19:53:24.000Z
2a2353,4,57,15,t,10b337,2021-02-07T19:53:24.000Z
d5e9a6,5,23,10,f,45348,2021-01-17T19:06:38.937Z
72f5d4,5,19,10,f,45348,2021-01-17T19:06:38.937Z
c4a632,2,13,6,t,2ca9e3,2021-03-05T03:41:23.308Z
e83aa3,5,32,6,t,2ca9e3,2021-03-05T03:41:23.308Z
e31d39,4,10,6,t,2ca9e3,2021-03-05T03:41:23.308Z
72f5d4,4,19,6,t,2ca9e3,2021-03-05T03:41:23.308Z
9ec847,1,54,6,t,2ca9e3,2021-03-05T03:41:23.308Z
c8d436,1,10,6,t,2ca9e3,2021-03-05T03:41:23.308Z
f084eb,4,36,6,t,2ca9e3,2021-03-05T03:41:23.308Z
e83aa3,4,32,21,t,202da0,2021-03-28T06:32:03.955Z
e31d39,1,10,21,t,202da0,2021-03-28T06:32:03.955Z
9ec847,3,54,21,t,202da0,2021-03-28T06:32:03.955Z
5d267b,2,40,21,t,202da0,2021-03-28T06:32:03.955Z
c8d436,1,10,21,t,202da0,2021-03-28T06:32:03.955Z
b9a74d,5,17,21,t,202da0,2021-03-28T06:32:03.955Z
e31d39,2,10,17,f,34a45f,2021-03-30T07:19:32.131Z
d5e9a6,4,23,17,f,34a45f,2021-03-30T07:19:32.131Z
72f5d4,3,19,17,f,34a45f,2021-03-30T07:19:32.131Z
5d267b,1,40,17,f,34a45f,2021-03-30T07:19:32.131Z
2a2353,3,57,17,f,34a45f,2021-03-30T07:19:32.131Z
f084eb,1,36,17,f,34a45f,2021-03-30T07:19:32.131Z
2feb6b,3,29,17,f,34a45f,2021-03-30T07:19:32.131Z
e83aa3,1,32,5,t,3a0a40,2021-03-01T08:00:23.644Z
72f5d4,4,19,5,t,3a0a40,2021-03-01T08:00:23.644Z
9ec847,5,54,5,t,3a0a40,2021-03-01T08:00:23.644Z
2a2353,3,57,5,t,3a0a40,2021-03-01T08:00:23.644Z
b9a74d,5,17,5,t,3a0a40,2021-03-01T08:00:23.644Z
2feb6b,4,29,5,t,3a0a40,2021-03-01T08:00:23.644Z
d5e9a6,3,23,19,t,3f12ac,2021-03-14T15:02:57.897Z
72f5d4,2,19,19,t,3f12ac,2021-03-14T15:02:57.897Z
9ec847,1,54,19,t,3f12ac,2021-03-14T15:02:57.897Z
2a2353,3,57,19,t,3f12ac,2021-03-14T15:02:57.897Z
b9a74d,4,17,19,t,3f12ac,2021-03-14T15:02:57.897Z
e31d39,1,10,9,t,a2d359,2021-01-28T23:04:13.382Z
72f5d4,3,19,9,t,a2d359,2021-01-28T23:04:13.382Z
5d267b,3,40,9,t,a2d359,2021-01-28T23:04:13.382Z
2a2353,3,57,9,t,a2d359,2021-01-28T23:04:13.382Z
c4a632,5,13,21,t,adfa20,2021-02-06T17:49:15.888Z
d5e9a6,2,23,21,t,adfa20,2021-02-06T17:49:15.888Z
72f5d4,2,19,21,t,adfa20,2021-02-06T17:49:15.888Z
5d267b,4,40,21,t,adfa20,2021-02-06T17:49:15.888Z
b9a74d,4,17,21,t,adfa20,2021-02-06T17:49:15.888Z
2feb6b,5,29,21,t,adfa20,2021-02-06T17:49:15.888Z
c4a632,1,13,9,t,79dfc9,2021-02-22T06:40:55.228Z
e83aa3,1,32,9,t,79dfc9,2021-02-22T06:40:55.228Z
e31d39,5,10,9,t,79dfc9,2021-02-22T06:40:55.228Z
d5e9a6,3,23,9,t,79dfc9,2021-02-22T06:40:55.228Z
2a2353,3,57,9,t,79dfc9,2021-02-22T06:40:55.228Z
b9a74d,2,17,9,t,79dfc9,2021-02-22T06:40:55.228Z
c4a632,3,13,9,f,043cf4,2021-02-09T16:18:42.969Z
e31d39,4,10,9,f,043cf4,2021-02-09T16:18:42.969Z
d5e9a6,3,23,9,f,043cf4,2021-02-09T16:18:42.969Z
72f5d4,5,19,9,f,043cf4,2021-02-09T16:18:42.969Z
9ec847,5,54,9,f,043cf4,2021-02-09T16:18:42.969Z
f084eb,5,36,9,f,043cf4,2021-02-09T16:18:42.969Z
c4a632,5,13,8,f,b03c22,2021-03-10T08:32:06.777Z
e83aa3,3,32,8,f,b03c22,2021-03-10T08:32:06.777Z
f084eb,1,36,8,f,b03c22,2021-03-10T08:32:06.777Z
b9a74d,3,17,8,f,b03c22,2021-03-10T08:32:06.777Z
e83aa3,2,32,15,t,1fb05a,2021-02-17T07:40:30.633Z
d5e9a6,2,23,15,t,1fb05a,2021-02-17T07:40:30.633Z
9ec847,4,54,15,t,1fb05a,2021-02-17T07:40:30.633Z
5d267b,1,40,15,t,1fb05a,2021-02-17T07:40:30.633Z
c8d436,3,10,15,t,1fb05a,2021-02-17T07:40:30.633Z
2a2353,1,57,15,t,1fb05a,2021-02-17T07:40:30.633Z
f084eb,5,36,15,t,1fb05a,2021-02-17T07:40:30.633Z
2feb6b,1,29,15,t,1fb05a,2021-02-17T07:40:30.633Z
c4a632,3,13,14,f,1169cf,2021-03-22T19:32:32.928Z
e83aa3,1,32,14,f,1169cf,2021-03-22T19:32:32.928Z
72f5d4,3,19,14,f,1169cf,2021-03-22T19:32:32.928Z
9ec847,2,54,14,f,1169cf,2021-03-22T19:32:32.928Z
5d267b,1,40,14,f,1169cf,2021-03-22T19:32:32.928Z
f084eb,4,36,14,f,1169cf,2021-03-22T19:32:32.928Z
2feb6b,3,29,14,f,1169cf,2021-03-22T19:32:32.928Z
c4a632,1,13,24,t,7.43E+06,2021-03-07T07:34:44.947Z
e83aa3,2,32,24,t,7.43E+06,2021-03-07T07:34:44.947Z
72f5d4,5,19,24,t,7.43E+06,2021-03-07T07:34:44.947Z
9ec847,4,54,24,t,7.43E+06,2021-03-07T07:34:44.947Z
5d267b,5,40,24,t,7.43E+06,2021-03-07T07:34:44.947Z
2a2353,2,57,24,t,7.43E+06,2021-03-07T07:34:44.947Z
f084eb,2,36,24,t,7.43E+06,2021-03-07T07:34:44.947Z
b9a74d,4,17,24,t,7.43E+06,2021-03-07T07:34:44.947Z
c4a632,3,13,14,t,9a769c,2021-02-04T16:55:07.248Z
e83aa3,2,32,14,t,9a769c,2021-02-04T16:55:07.248Z
e31d39,5,10,14,t,9a769c,2021-02-04T16:55:07.248Z
72f5d4,5,19,14,t,9a769c,2021-02-04T16:55:07.248Z
5d267b,3,40,14,t,9a769c,2021-02-04T16:55:07.248Z
2a2353,5,57,14,t,9a769c,2021-02-04T16:55:07.248Z
b9a74d,3,17,14,t,9a769c,2021-02-04T16:55:07.248Z
e83aa3,1,32,17,t,a44927,2021-01-13T16:32:45.110Z
e31d39,2,10,17,t,a44927,2021-01-13T16:32:45.110Z
d5e9a6,2,23,17,t,a44927,2021-01-13T16:32:45.110Z
72f5d4,5,19,17,t,a44927,2021-01-13T16:32:45.110Z
5d267b,3,40,17,t,a44927,2021-01-13T16:32:45.110Z
c8d436,1,10,17,t,a44927,2021-01-13T16:32:45.110Z
2a2353,2,57,17,t,a44927,2021-01-13T16:32:45.110Z
f084eb,4,36,17,t,a44927,2021-01-13T16:32:45.110Z
2feb6b,4,29,17,t,a44927,2021-01-13T16:32:45.110Z
c4a632,1,13,4,t,f9e724,2021-03-01T06:55:52.665Z
d5e9a6,4,23,4,t,f9e724,2021-03-01T06:55:52.665Z
72f5d4,1,19,4,t,f9e724,2021-03-01T06:55:52.665Z
9ec847,1,54,4,t,f9e724,2021-03-01T06:55:52.665Z
5d267b,4,40,4,t,f9e724,2021-03-01T06:55:52.665Z
c8d436,1,10,4,t,f9e724,2021-03-01T06:55:52.665Z
f084eb,1,36,4,t,f9e724,2021-03-01T06:55:52.665Z
2feb6b,1,29,4,t,f9e724,2021-03-01T06:55:52.665Z
e83aa3,5,32,22,f,974596,2021-01-23T01:15:47.664Z
d5e9a6,2,23,22,f,974596,2021-01-23T01:15:47.664Z
72f5d4,5,19,22,f,974596,2021-01-23T01:15:47.664Z
9ec847,4,54,22,f,974596,2021-01-23T01:15:47.664Z
c8d436,3,10,22,f,974596,2021-01-23T01:15:47.664Z
2a2353,4,57,22,f,974596,2021-01-23T01:15:47.664Z
2feb6b,3,29,22,f,974596,2021-01-23T01:15:47.664Z
c4a632,3,13,7,t,822b98,2021-01-13T06:30:12.240Z
e83aa3,1,32,7,t,822b98,2021-01-13T06:30:12.240Z
d5e9a6,2,23,7,t,822b98,2021-01-13T06:30:12.240Z
5d267b,4,40,7,t,822b98,2021-01-13T06:30:12.240Z
2a2353,3,57,7,t,822b98,2021-01-13T06:30:12.240Z
b9a74d,3,17,7,t,822b98,2021-01-13T06:30:12.240Z
2feb6b,1,29,7,t,822b98,2021-01-13T06:30:12.240Z
c4a632,4,13,14,t,ab553f,2021-01-14T20:49:41.980Z
e83aa3,3,32,14,t,ab553f,2021-01-14T20:49:41.980Z
e31d39,2,10,14,t,ab553f,2021-01-14T20:49:41.980Z
d5e9a6,5,23,14,t,ab553f,2021-01-14T20:49:41.980Z
9ec847,3,54,14,t,ab553f,2021-01-14T20:49:41.980Z
f084eb,2,36,14,t,ab553f,2021-01-14T20:49:41.980Z
b9a74d,4,17,14,t,ab553f,2021-01-14T20:49:41.980Z
2feb6b,5,29,14,t,ab553f,2021-01-14T20:49:41.980Z
c4a632,1,13,19,t,d19bd0,2021-03-18T07:17:36.700Z
e31d39,2,10,19,t,d19bd0,2021-03-18T07:17:36.700Z
c8d436,3,10,19,t,d19bd0,2021-03-18T07:17:36.700Z
2a2353,5,57,19,t,d19bd0,2021-03-18T07:17:36.700Z
f084eb,2,36,19,t,d19bd0,2021-03-18T07:17:36.700Z
c4a632,5,13,7,t,414366,2021-03-03T15:26:27.859Z
e83aa3,4,32,7,t,414366,2021-03-03T15:26:27.859Z
e31d39,2,10,7,t,414366,2021-03-03T15:26:27.859Z
d5e9a6,3,23,7,t,414366,2021-03-03T15:26:27.859Z
72f5d4,3,19,7,t,414366,2021-03-03T15:26:27.859Z
9ec847,5,54,7,t,414366,2021-03-03T15:26:27.859Z
c8d436,4,10,7,t,414366,2021-03-03T15:26:27.859Z
f084eb,5,36,7,t,414366,2021-03-03T15:26:27.859Z
b9a74d,1,17,7,t,414366,2021-03-03T15:26:27.859Z
72f5d4,5,19,9,f,7ba6c1,2021-01-07T07:26:39.897Z
2a2353,5,57,9,f,7ba6c1,2021-01-07T07:26:39.897Z
f084eb,4,36,9,f,7ba6c1,2021-01-07T07:26:39.897Z
b9a74d,4,17,9,f,7ba6c1,2021-01-07T07:26:39.897Z
c4a632,4,13,0,t,f0e358,2021-02-08T18:44:41.856Z
e83aa3,4,32,0,t,f0e358,2021-02-08T18:44:41.856Z
d5e9a6,2,23,0,t,f0e358,2021-02-08T18:44:41.856Z
5d267b,4,40,0,t,f0e358,2021-02-08T18:44:41.856Z
c8d436,1,10,0,t,f0e358,2021-02-08T18:44:41.856Z
2a2353,4,57,0,t,f0e358,2021-02-08T18:44:41.856Z
b9a74d,3,17,0,t,f0e358,2021-02-08T18:44:41.856Z
2feb6b,5,29,0,t,f0e358,2021-02-08T18:44:41.856Z
e83aa3,1,32,20,f,8c054a,2021-01-19T14:10:25.334Z
72f5d4,5,19,20,f,8c054a,2021-01-19T14:10:25.334Z
5d267b,5,40,20,f,8c054a,2021-01-19T14:10:25.334Z
c8d436,3,10,20,f,8c054a,2021-01-19T14:10:25.334Z
f084eb,4,36,20,f,8c054a,2021-01-19T14:10:25.334Z
b9a74d,4,17,20,f,8c054a,2021-01-19T14:10:25.334Z
2feb6b,1,29,20,f,8c054a,2021-01-19T14:10:25.334Z
c4a632,5,13,18,t,563bdf,2021-03-30T11:49:18.739Z
e83aa3,4,32,18,t,563bdf,2021-03-30T11:49:18.739Z
e31d39,3,10,18,t,563bdf,2021-03-30T11:49:18.739Z
72f5d4,4,19,18,t,563bdf,2021-03-30T11:49:18.739Z
9ec847,4,54,18,t,563bdf,2021-03-30T11:49:18.739Z
5d267b,3,40,18,t,563bdf,2021-03-30T11:49:18.739Z
2a2353,2,57,18,t,563bdf,2021-03-30T11:49:18.739Z
f084eb,2,36,18,t,563bdf,2021-03-30T11:49:18.739Z
e83aa3,4,32,14,t,223baa,2021-02-21T00:22:05.894Z
72f5d4,2,19,14,t,223baa,2021-02-21T00:22:05.894Z
9ec847,1,54,14,t,223baa,2021-02-21T00:22:05.894Z
5d267b,1,40,14,t,223baa,2021-02-21T00:22:05.894Z
2a2353,1,57,14,t,223baa,2021-02-21T00:22:05.894Z
b9a74d,4,17,14,t,223baa,2021-02-21T00:22:05.894Z
2feb6b,1,29,14,t,223baa,2021-02-21T00:22:05.894Z
e31d39,4,10,0,f,923584,2021-02-09T11:27:33.062Z
5d267b,4,40,0,f,923584,2021-02-09T11:27:33.062Z
e83aa3,2,32,2,f,4760bc,2021-02-02T20:29:23.136Z
e31d39,2,10,2,f,4760bc,2021-02-02T20:29:23.136Z
72f5d4,5,19,2,f,4760bc,2021-02-02T20:29:23.136Z
9ec847,2,54,2,f,4760bc,2021-02-02T20:29:23.136Z
c8d436,1,10,2,f,4760bc,2021-02-02T20:29:23.136Z
f084eb,3,36,2,f,4760bc,2021-02-02T20:29:23.136Z
2feb6b,1,29,2,f,4760bc,2021-02-02T20:29:23.136Z
e31d39,3,10,9,t,226904,2021-02-25T20:41:17.750Z
72f5d4,3,19,9,t,226904,2021-02-25T20:41:17.750Z
9ec847,3,54,9,t,226904,2021-02-25T20:41:17.750Z
c8d436,4,10,9,t,226904,2021-02-25T20:41:17.750Z
f084eb,2,36,9,t,226904,2021-02-25T20:41:17.750Z
b9a74d,5,17,9,t,226904,2021-02-25T20:41:17.750Z
2feb6b,1,29,9,t,226904,2021-02-25T20:41:17.750Z
c4a632,3,13,8,t,4c5af3,2021-03-08T05:05:57.580Z
e83aa3,4,32,8,t,4c5af3,2021-03-08T05:05:57.580Z
e31d39,3,10,8,t,4c5af3,2021-03-08T05:05:57.580Z
5d267b,2,40,8,t,4c5af3,2021-03-08T05:05:57.580Z
c8d436,3,10,8,t,4c5af3,2021-03-08T05:05:57.580Z
2a2353,3,57,8,t,4c5af3,2021-03-08T05:05:57.580Z
2feb6b,5,29,8,t,4c5af3,2021-03-08T05:05:57.580Z
e83aa3,2,32,14,f,bf6ec2,2021-03-15T20:35:58.329Z
d5e9a6,1,23,14,f,bf6ec2,2021-03-15T20:35:58.329Z
f084eb,3,36,14,f,bf6ec2,2021-03-15T20:35:58.329Z
b9a74d,5,17,14,f,bf6ec2,2021-03-15T20:35:58.329Z
2feb6b,4,29,14,f,bf6ec2,2021-03-15T20:35:58.329Z
c4a632,1,13,23,t,689f35,2021-01-08T10:31:23.635Z
e83aa3,5,32,23,t,689f35,2021-01-08T10:31:23.635Z
d5e9a6,5,23,23,t,689f35,2021-01-08T10:31:23.635Z
5d267b,4,40,23,t,689f35,2021-01-08T10:31:23.635Z
2a2353,3,57,23,t,689f35,2021-01-08T10:31:23.635Z
b9a74d,1,17,23,t,689f35,2021-01-08T10:31:23.635Z
e83aa3,4,32,7,f,2058b3,2021-03-24T11:33:43.891Z
e31d39,5,10,7,f,2058b3,2021-03-24T11:33:43.891Z
d5e9a6,5,23,7,f,2058b3,2021-03-24T11:33:43.891Z
72f5d4,3,19,7,f,2058b3,2021-03-24T11:33:43.891Z
c8d436,2,10,7,f,2058b3,2021-03-24T11:33:43.891Z
d5e9a6,1,23,15,f,4e0d7c,2021-01-11T17:11:56.140Z
72f5d4,3,19,15,f,4e0d7c,2021-01-11T17:11:56.140Z
2a2353,5,57,15,f,4e0d7c,2021-01-11T17:11:56.140Z
c4a632,3,13,11,t,0e2858,2021-01-06T08:37:48.144Z
e31d39,3,10,11,t,0e2858,2021-01-06T08:37:48.144Z
d5e9a6,3,23,11,t,0e2858,2021-01-06T08:37:48.144Z
72f5d4,4,19,11,t,0e2858,2021-01-06T08:37:48.144Z
5d267b,3,40,11,t,0e2858,2021-01-06T08:37:48.144Z
c8d436,2,10,11,t,0e2858,2021-01-06T08:37:48.144Z
f084eb,1,36,11,t,0e2858,2021-01-06T08:37:48.144Z
2feb6b,4,29,11,t,0e2858,2021-01-06T08:37:48.144Z
d5e9a6,5,23,14,f,910865,2021-01-11T22:46:26.947Z
2feb6b,2,29,14,f,910865,2021-01-11T22:46:26.947Z
e83aa3,3,32,18,t,922576,2021-03-01T01:33:08.870Z
e31d39,5,10,18,t,922576,2021-03-01T01:33:08.870Z
d5e9a6,3,23,18,t,922576,2021-03-01T01:33:08.870Z
72f5d4,3,19,18,t,922576,2021-03-01T01:33:08.870Z
9ec847,4,54,18,t,922576,2021-03-01T01:33:08.870Z
5d267b,2,40,18,t,922576,2021-03-01T01:33:08.870Z
c8d436,3,10,18,t,922576,2021-03-01T01:33:08.870Z
f084eb,5,36,18,t,922576,2021-03-01T01:33:08.870Z
b9a74d,5,17,18,t,922576,2021-03-01T01:33:08.870Z
c4a632,1,13,4,f,648a86,2021-02-23T15:57:54.489Z
e83aa3,3,32,4,f,648a86,2021-02-23T15:57:54.489Z
d5e9a6,3,23,4,f,648a86,2021-02-23T15:57:54.489Z
c8d436,3,10,4,f,648a86,2021-02-23T15:57:54.489Z
2a2353,3,57,4,f,648a86,2021-02-23T15:57:54.489Z
c4a632,1,13,7,f,e885b1,2021-01-27T12:30:25.113Z
e83aa3,5,32,7,f,e885b1,2021-01-27T12:30:25.113Z
9ec847,5,54,7,f,e885b1,2021-01-27T12:30:25.113Z
5d267b,2,40,7,f,e885b1,2021-01-27T12:30:25.113Z
c8d436,2,10,7,f,e885b1,2021-01-27T12:30:25.113Z
f084eb,2,36,7,f,e885b1,2021-01-27T12:30:25.113Z
b9a74d,1,17,7,f,e885b1,2021-01-27T12:30:25.113Z
c4a632,4,13,19,t,f06969,2021-03-20T02:53:06.748Z
d5e9a6,2,23,19,t,f06969,2021-03-20T02:53:06.748Z
9ec847,2,54,19,t,f06969,2021-03-20T02:53:06.748Z
2a2353,5,57,19,t,f06969,2021-03-20T02:53:06.748Z
f084eb,2,36,19,t,f06969,2021-03-20T02:53:06.748Z
c4a632,4,13,20,t,76d431,2021-01-21T21:55:17.932Z
e83aa3,2,32,20,t,76d431,2021-01-21T21:55:17.932Z
e31d39,4,10,20,t,76d431,2021-01-21T21:55:17.932Z
9ec847,4,54,20,t,76d431,2021-01-21T21:55:17.932Z
c8d436,1,10,20,t,76d431,2021-01-21T21:55:17.932Z
b9a74d,1,17,20,t,76d431,2021-01-21T21:55:17.932Z
e83aa3,4,32,17,t,97e7a0,2021-03-09T04:03:29.894Z
72f5d4,3,19,17,t,97e7a0,2021-03-09T04:03:29.894Z
9ec847,3,54,17,t,97e7a0,2021-03-09T04:03:29.894Z
5d267b,1,40,17,t,97e7a0,2021-03-09T04:03:29.894Z
c8d436,2,10,17,t,97e7a0,2021-03-09T04:03:29.894Z
2a2353,2,57,17,t,97e7a0,2021-03-09T04:03:29.894Z
b9a74d,3,17,17,t,97e7a0,2021-03-09T04:03:29.894Z
e31d39,2,10,12,t,7edcd3,2021-01-29T06:10:43.248Z
9ec847,3,54,12,t,7edcd3,2021-01-29T06:10:43.248Z
f084eb,4,36,12,t,7edcd3,2021-01-29T06:10:43.248Z
e31d39,2,10,17,t,bc6f34,2021-02-26T03:25:03.878Z
d5e9a6,4,23,17,t,bc6f34,2021-02-26T03:25:03.878Z
72f5d4,2,19,17,t,bc6f34,2021-02-26T03:25:03.878Z
9ec847,1,54,17,t,bc6f34,2021-02-26T03:25:03.878Z
5d267b,3,40,17,t,bc6f34,2021-02-26T03:25:03.878Z
f084eb,1,36,17,t,bc6f34,2021-02-26T03:25:03.878Z
b9a74d,1,17,17,t,bc6f34,2021-02-26T03:25:03.878Z
c4a632,4,13,23,t,615c1c,2021-02-26T06:18:55.987Z
72f5d4,4,19,23,t,615c1c,2021-02-26T06:18:55.987Z
c8d436,1,10,23,t,615c1c,2021-02-26T06:18:55.987Z
2a2353,5,57,23,t,615c1c,2021-02-26T06:18:55.987Z
f084eb,5,36,23,t,615c1c,2021-02-26T06:18:55.987Z
b9a74d,5,17,23,t,615c1c,2021-02-26T06:18:55.987Z
c4a632,2,13,5,t,f68484,2021-03-25T11:37:30.691Z
e83aa3,2,32,5,t,f68484,2021-03-25T11:37:30.691Z
e31d39,1,10,5,t,f68484,2021-03-25T11:37:30.691Z
d5e9a6,4,23,5,t,f68484,2021-03-25T11:37:30.691Z
72f5d4,4,19,5,t,f68484,2021-03-25T11:37:30.691Z
c8d436,2,10,5,t,f68484,2021-03-25T11:37:30.691Z
2a2353,1,57,5,t,f68484,2021-03-25T11:37:30.691Z
f084eb,5,36,5,t,f68484,2021-03-25T11:37:30.691Z
2feb6b,2,29,5,t,f68484,2021-03-25T11:37:30.691Z
e31d39,1,10,7,f,77a83e,2021-01-17T13:02:05.568Z
d5e9a6,1,23,7,f,77a83e,2021-01-17T13:02:05.568Z
9ec847,4,54,7,f,77a83e,2021-01-17T13:02:05.568Z
5d267b,1,40,7,f,77a83e,2021-01-17T13:02:05.568Z
c8d436,5,10,7,f,77a83e,2021-01-17T13:02:05.568Z
2a2353,5,57,7,f,77a83e,2021-01-17T13:02:05.568Z
c4a632,4,13,16,t,632e8b,2021-01-13T15:13:06.585Z
9ec847,5,54,16,t,632e8b,2021-01-13T15:13:06.585Z
f084eb,2,36,16,t,632e8b,2021-01-13T15:13:06.585Z
b9a74d,2,17,16,t,632e8b,2021-01-13T15:13:06.585Z
2feb6b,4,29,16,t,632e8b,2021-01-13T15:13:06.585Z
9ec847,2,54,7,t,62340e,2021-02-13T12:47:03.292Z
c8d436,2,10,7,t,62340e,2021-02-13T12:47:03.292Z
f084eb,1,36,7,t,62340e,2021-02-13T12:47:03.292Z
e31d39,1,10,13,t,ac38ac,2021-01-25T18:18:57.715Z
c8d436,5,10,13,t,ac38ac,2021-01-25T18:18:57.715Z
2a2353,2,57,13,t,ac38ac,2021-01-25T18:18:57.715Z
b9a74d,1,17,13,t,ac38ac,2021-01-25T18:18:57.715Z
2feb6b,1,29,13,t,ac38ac,2021-01-25T18:18:57.715Z
e83aa3,3,32,11,f,6b8a9f,2021-02-04T23:06:21.340Z
e31d39,5,10,11,f,6b8a9f,2021-02-04T23:06:21.340Z
72f5d4,4,19,11,f,6b8a9f,2021-02-04T23:06:21.340Z
9ec847,4,54,11,f,6b8a9f,2021-02-04T23:06:21.340Z
5d267b,4,40,11,f,6b8a9f,2021-02-04T23:06:21.340Z
2a2353,4,57,11,f,6b8a9f,2021-02-04T23:06:21.340Z
f084eb,2,36,11,f,6b8a9f,2021-02-04T23:06:21.340Z
b9a74d,1,17,11,f,6b8a9f,2021-02-04T23:06:21.340Z
2feb6b,5,29,11,f,6b8a9f,2021-02-04T23:06:21.340Z
72f5d4,1,19,2,f,319a09,2021-03-15T04:11:20.428Z
5d267b,1,40,2,f,319a09,2021-03-15T04:11:20.428Z
c8d436,2,10,2,f,319a09,2021-03-15T04:11:20.428Z
2a2353,5,57,2,f,319a09,2021-03-15T04:11:20.428Z
f084eb,2,36,2,f,319a09,2021-03-15T04:11:20.428Z
d5e9a6,4,23,6,f,f680f8,2021-01-22T22:01:21.849Z
5d267b,3,40,6,f,f680f8,2021-01-22T22:01:21.849Z
c8d436,3,10,6,f,f680f8,2021-01-22T22:01:21.849Z
2a2353,5,57,6,f,f680f8,2021-01-22T22:01:21.849Z
f084eb,3,36,6,f,f680f8,2021-01-22T22:01:21.849Z
e31d39,2,10,7,t,a9c886,2021-03-17T13:14:59.539Z
72f5d4,4,19,7,t,a9c886,2021-03-17T13:14:59.539Z
c8d436,5,10,7,t,a9c886,2021-03-17T13:14:59.539Z
e31d39,4,10,11,t,5d3c17,2021-02-24T10:18:59.126Z
b9a74d,2,17,11,t,5d3c17,2021-02-24T10:18:59.126Z
e83aa3,1,32,16,t,4d5b2b,2021-02-28T02:14:01.420Z
e31d39,4,10,16,t,4d5b2b,2021-02-28T02:14:01.420Z
9ec847,1,54,16,t,4d5b2b,2021-02-28T02:14:01.420Z
5d267b,5,40,16,t,4d5b2b,2021-02-28T02:14:01.420Z
2a2353,2,57,16,t,4d5b2b,2021-02-28T02:14:01.420Z
e83aa3,1,32,2,f,ebca24,2021-03-08T10:55:10.272Z
e31d39,5,10,2,f,ebca24,2021-03-08T10:55:10.272Z
d5e9a6,3,23,2,f,ebca24,2021-03-08T10:55:10.272Z
9ec847,2,54,2,f,ebca24,2021-03-08T10:55:10.272Z
2a2353,3,57,2,f,ebca24,2021-03-08T10:55:10.272Z
2feb6b,2,29,2,f,ebca24,2021-03-08T10:55:10.272Z
e31d39,4,10,13,f,340552,2021-03-28T12:34:01.372Z
d5e9a6,4,23,13,f,340552,2021-03-28T12:34:01.372Z
72f5d4,3,19,13,f,340552,2021-03-28T12:34:01.372Z
9ec847,3,54,13,f,340552,2021-03-28T12:34:01.372Z
5d267b,1,40,13,f,340552,2021-03-28T12:34:01.372Z
c8d436,2,10,13,f,340552,2021-03-28T12:34:01.372Z
2a2353,5,57,13,f,340552,2021-03-28T12:34:01.372Z
c4a632,1,13,1,f,014fb4,2021-02-05T11:29:22.617Z
e31d39,3,10,1,f,014fb4,2021-02-05T11:29:22.617Z
d5e9a6,4,23,1,f,014fb4,2021-02-05T11:29:22.617Z
5d267b,2,40,1,f,014fb4,2021-02-05T11:29:22.617Z
f084eb,4,36,1,f,014fb4,2021-02-05T11:29:22.617Z
b9a74d,2,17,1,f,014fb4,2021-02-05T11:29:22.617Z
c4a632,2,13,8,t,3.66E+04,2021-03-01T17:28:43.737Z
e83aa3,4,32,8,t,3.66E+04,2021-03-01T17:28:43.737Z
e31d39,5,10,8,t,3.66E+04,2021-03-01T17:28:43.737Z
72f5d4,5,19,8,t,3.66E+04,2021-03-01T17:28:43.737Z
9ec847,1,54,8,t,3.66E+04,2021-03-01T17:28:43.737Z
5d267b,2,40,8,t,3.66E+04,2021-03-01T17:28:43.737Z
c8d436,1,10,8,t,3.66E+04,2021-03-01T17:28:43.737Z
2a2353,4,57,8,t,3.66E+04,2021-03-01T17:28:43.737Z
e31d39,5,10,11,t,8ff031,2021-03-07T11:57:23.011Z
72f5d4,5,19,11,t,8ff031,2021-03-07T11:57:23.011Z
5d267b,4,40,11,t,8ff031,2021-03-07T11:57:23.011Z
c8d436,4,10,11,t,8ff031,2021-03-07T11:57:23.011Z
2a2353,2,57,11,t,8ff031,2021-03-07T11:57:23.011Z
2feb6b,3,29,11,t,8ff031,2021-03-07T11:57:23.011Z
e83aa3,1,32,12,t,4ab38d,2021-01-14T13:48:13.996Z
72f5d4,5,19,12,t,4ab38d,2021-01-14T13:48:13.996Z
5d267b,2,40,12,t,4ab38d,2021-01-14T13:48:13.996Z
f084eb,5,36,12,t,4ab38d,2021-01-14T13:48:13.996Z
b9a74d,5,17,12,t,4ab38d,2021-01-14T13:48:13.996Z
2feb6b,4,29,12,t,4ab38d,2021-01-14T13:48:13.996Z
e83aa3,1,32,0,f,7b2d0e,2021-01-14T12:45:57.456Z
e31d39,4,10,0,f,7b2d0e,2021-01-14T12:45:57.456Z
d5e9a6,2,23,0,f,7b2d0e,2021-01-14T12:45:57.456Z
9ec847,1,54,0,f,7b2d0e,2021-01-14T12:45:57.456Z
2a2353,2,57,0,f,7b2d0e,2021-01-14T12:45:57.456Z
b9a74d,2,17,0,f,7b2d0e,2021-01-14T12:45:57.456Z
2feb6b,4,29,0,f,7b2d0e,2021-01-14T12:45:57.456Z
c4a632,3,13,0,t,425dbd,2021-03-17T22:15:21.139Z
e31d39,5,10,0,t,425dbd,2021-03-17T22:15:21.139Z
d5e9a6,3,23,0,t,425dbd,2021-03-17T22:15:21.139Z
72f5d4,2,19,0,t,425dbd,2021-03-17T22:15:21.139Z
9ec847,1,54,0,t,425dbd,2021-03-17T22:15:21.139Z
5d267b,4,40,0,t,425dbd,2021-03-17T22:15:21.139Z
c8d436,4,10,0,t,425dbd,2021-03-17T22:15:21.139Z
2a2353,2,57,0,t,425dbd,2021-03-17T22:15:21.139Z
2feb6b,1,29,0,t,425dbd,2021-03-17T22:15:21.139Z
c4a632,1,13,13,t,4f26fe,2021-03-01T23:31:14.073Z
e83aa3,1,32,13,t,4f26fe,2021-03-01T23:31:14.073Z
72f5d4,4,19,13,t,4f26fe,2021-03-01T23:31:14.073Z
2feb6b,4,29,13,t,4f26fe,2021-03-01T23:31:14.073Z
c4a632,5,13,24,t,0380a0,2021-03-30T08:02:18.038Z
d5e9a6,5,23,24,t,0380a0,2021-03-30T08:02:18.038Z
72f5d4,1,19,24,t,0380a0,2021-03-30T08:02:18.038Z
c8d436,4,10,24,t,0380a0,2021-03-30T08:02:18.038Z
2a2353,1,57,24,t,0380a0,2021-03-30T08:02:18.038Z
f084eb,1,36,24,t,0380a0,2021-03-30T08:02:18.038Z
b9a74d,3,17,24,t,0380a0,2021-03-30T08:02:18.038Z
c4a632,3,13,12,f,e3d7d7,2021-02-23T18:06:17.740Z
e83aa3,3,32,12,f,e3d7d7,2021-02-23T18:06:17.740Z
d5e9a6,3,23,12,f,e3d7d7,2021-02-23T18:06:17.740Z
72f5d4,2,19,12,f,e3d7d7,2021-02-23T18:06:17.740Z
f084eb,2,36,12,f,e3d7d7,2021-02-23T18:06:17.740Z
e31d39,4,10,14,t,5562f2,2021-01-16T16:34:13.065Z
72f5d4,1,19,14,t,5562f2,2021-01-16T16:34:13.065Z
9ec847,3,54,14,t,5562f2,2021-01-16T16:34:13.065Z
5d267b,2,40,14,t,5562f2,2021-01-16T16:34:13.065Z
c8d436,4,10,14,t,5562f2,2021-01-16T16:34:13.065Z
2a2353,2,57,14,t,5562f2,2021-01-16T16:34:13.065Z
b9a74d,2,17,14,t,5562f2,2021-01-16T16:34:13.065Z
2feb6b,3,29,14,t,5562f2,2021-01-16T16:34:13.065Z
d5e9a6,3,23,18,t,38e05b,2021-02-02T10:19:35.155Z
5d267b,3,40,18,t,38e05b,2021-02-02T10:19:35.155Z
c8d436,2,10,18,t,38e05b,2021-02-02T10:19:35.155Z
f084eb,5,36,18,t,38e05b,2021-02-02T10:19:35.155Z
b9a74d,3,17,18,t,38e05b,2021-02-02T10:19:35.155Z
c4a632,1,13,19,t,0c738f,2021-03-01T07:56:27.772Z
d5e9a6,3,23,19,t,0c738f,2021-03-01T07:56:27.772Z
5d267b,2,40,19,t,0c738f,2021-03-01T07:56:27.772Z
2a2353,3,57,19,t,0c738f,2021-03-01T07:56:27.772Z
b9a74d,2,17,19,t,0c738f,2021-03-01T07:56:27.772Z
c4a632,3,13,16,t,bcc4df,2021-03-10T22:28:19.344Z
d5e9a6,3,23,16,t,bcc4df,2021-03-10T22:28:19.344Z
72f5d4,3,19,16,t,bcc4df,2021-03-10T22:28:19.344Z
9ec847,5,54,16,t,bcc4df,2021-03-10T22:28:19.344Z
2feb6b,3,29,16,t,bcc4df,2021-03-10T22:28:19.344Z
c4a632,4,13,3,t,8aaf2d,2021-02-08T04:53:50.870Z
e31d39,2,10,3,t,8aaf2d,2021-02-08T04:53:50.870Z
72f5d4,5,19,3,t,8aaf2d,2021-02-08T04:53:50.870Z
9ec847,4,54,3,t,8aaf2d,2021-02-08T04:53:50.870Z
c8d436,1,10,3,t,8aaf2d,2021-02-08T04:53:50.870Z
f084eb,4,36,3,t,8aaf2d,2021-02-08T04:53:50.870Z
c4a632,4,13,24,t,803cad,2021-03-11T08:37:28.790Z
e83aa3,1,32,24,t,803cad,2021-03-11T08:37:28.790Z
e31d39,4,10,24,t,803cad,2021-03-11T08:37:28.790Z
5d267b,2,40,24,t,803cad,2021-03-11T08:37:28.790Z
2a2353,1,57,24,t,803cad,2021-03-11T08:37:28.790Z
2feb6b,1,29,24,t,803cad,2021-03-11T08:37:28.790Z
e31d39,2,10,18,t,506fe8,2021-01-04T10:24:47.664Z
c8d436,1,10,18,t,506fe8,2021-01-04T10:24:47.664Z
2feb6b,5,29,18,t,506fe8,2021-01-04T10:24:47.664Z
b9a74d,4,17,9,f,9f6ee9,2021-01-08T08:40:39.043Z
2feb6b,2,29,9,f,9f6ee9,2021-01-08T08:40:39.043Z
9ec847,3,54,19,t,fa2769,2021-02-13T17:30:53.337Z
5d267b,2,40,19,t,fa2769,2021-02-13T17:30:53.337Z
c8d436,3,10,19,t,fa2769,2021-02-13T17:30:53.337Z
f084eb,3,36,19,t,fa2769,2021-02-13T17:30:53.337Z
b9a74d,1,17,19,t,fa2769,2021-02-13T17:30:53.337Z
2feb6b,5,29,19,t,fa2769,2021-02-13T17:30:53.337Z
e83aa3,1,32,7,t,1a73ed,2021-01-04T17:09:46.886Z
e31d39,1,10,7,t,1a73ed,2021-01-04T17:09:46.886Z
72f5d4,4,19,7,t,1a73ed,2021-01-04T17:09:46.886Z
9ec847,3,54,7,t,1a73ed,2021-01-04T17:09:46.886Z
2a2353,1,57,7,t,1a73ed,2021-01-04T17:09:46.886Z
f084eb,1,36,7,t,1a73ed,2021-01-04T17:09:46.886Z
c4a632,4,13,18,t,7e2508,2021-01-23T21:24:28.195Z
e83aa3,1,32,18,t,7e2508,2021-01-23T21:24:28.195Z
e31d39,4,10,18,t,7e2508,2021-01-23T21:24:28.195Z
72f5d4,5,19,18,t,7e2508,2021-01-23T21:24:28.195Z
9ec847,5,54,18,t,7e2508,2021-01-23T21:24:28.195Z
c8d436,5,10,18,t,7e2508,2021-01-23T21:24:28.195Z
2a2353,5,57,18,t,7e2508,2021-01-23T21:24:28.195Z
2feb6b,4,29,18,t,7e2508,2021-01-23T21:24:28.195Z
c4a632,5,13,11,f,222029,2021-01-25T06:43:16.233Z
2a2353,3,57,11,f,222029,2021-01-25T06:43:16.233Z
2feb6b,4,29,11,f,222029,2021-01-25T06:43:16.233Z
c4a632,3,13,23,t,608bdd,2021-02-05T03:53:50.668Z
e83aa3,3,32,23,t,608bdd,2021-02-05T03:53:50.668Z
72f5d4,2,19,23,t,608bdd,2021-02-05T03:53:50.668Z
5d267b,5,40,23,t,608bdd,2021-02-05T03:53:50.668Z
f084eb,2,36,23,t,608bdd,2021-02-05T03:53:50.668Z
b9a74d,5,17,23,t,608bdd,2021-02-05T03:53:50.668Z
c4a632,2,13,24,t,676ec6,2021-01-07T04:40:53.616Z
e83aa3,2,32,24,t,676ec6,2021-01-07T04:40:53.616Z
e31d39,2,10,24,t,676ec6,2021-01-07T04:40:53.616Z
d5e9a6,2,23,24,t,676ec6,2021-01-07T04:40:53.616Z
72f5d4,2,19,24,t,676ec6,2021-01-07T04:40:53.616Z
9ec847,1,54,24,t,676ec6,2021-01-07T04:40:53.616Z
5d267b,4,40,24,t,676ec6,2021-01-07T04:40:53.616Z
c8d436,5,10,24,t,676ec6,2021-01-07T04:40:53.616Z
2feb6b,5,29,24,t,676ec6,2021-01-07T04:40:53.616Z
c4a632,5,13,4,t,df4503,2021-03-03T03:10:17.587Z
e83aa3,2,32,4,t,df4503,2021-03-03T03:10:17.587Z
9ec847,5,54,4,t,df4503,2021-03-03T03:10:17.587Z
5d267b,1,40,4,t,df4503,2021-03-03T03:10:17.587Z
c8d436,2,10,4,t,df4503,2021-03-03T03:10:17.587Z
2a2353,4,57,4,t,df4503,2021-03-03T03:10:17.587Z
b9a74d,1,17,4,t,df4503,2021-03-03T03:10:17.587Z
c4a632,1,13,9,t,4c237d,2021-03-03T21:04:07.968Z
9ec847,4,54,9,t,4c237d,2021-03-03T21:04:07.968Z
5d267b,5,40,9,t,4c237d,2021-03-03T21:04:07.968Z
b9a74d,2,17,9,t,4c237d,2021-03-03T21:04:07.968Z
9ec847,4,54,0,f,4be802,2021-03-21T22:37:30.662Z
5d267b,2,40,0,f,4be802,2021-03-21T22:37:30.662Z
c8d436,4,10,0,f,4be802,2021-03-21T22:37:30.662Z
2a2353,1,57,0,f,4be802,2021-03-21T22:37:30.662Z
f084eb,4,36,0,f,4be802,2021-03-21T22:37:30.662Z
b9a74d,1,17,0,f,4be802,2021-03-21T22:37:30.662Z
2feb6b,5,29,0,f,4be802,2021-03-21T22:37:30.662Z
c4a632,2,13,10,f,02b16b,2021-03-04T01:13:31.324Z
e83aa3,2,32,10,f,02b16b,2021-03-04T01:13:31.324Z
d5e9a6,4,23,10,f,02b16b,2021-03-04T01:13:31.324Z
72f5d4,5,19,10,f,02b16b,2021-03-04T01:13:31.324Z
9ec847,3,54,10,f,02b16b,2021-03-04T01:13:31.324Z
c8d436,3,10,10,f,02b16b,2021-03-04T01:13:31.324Z
2a2353,5,57,10,f,02b16b,2021-03-04T01:13:31.324Z
2feb6b,1,29,10,f,02b16b,2021-03-04T01:13:31.324Z
c4a632,1,13,3,t,62cdb6,2021-03-01T03:11:47.616Z
e83aa3,5,32,3,t,62cdb6,2021-03-01T03:11:47.616Z
e31d39,5,10,3,t,62cdb6,2021-03-01T03:11:47.616Z
d5e9a6,2,23,3,t,62cdb6,2021-03-01T03:11:47.616Z
72f5d4,1,19,3,t,62cdb6,2021-03-01T03:11:47.616Z
f084eb,5,36,3,t,62cdb6,2021-03-01T03:11:47.616Z
b9a74d,2,17,3,t,62cdb6,2021-03-01T03:11:47.616Z
2feb6b,4,29,3,t,62cdb6,2021-03-01T03:11:47.616Z
c4a632,4,13,4,t,7f6cf6,2021-02-25T00:23:50.265Z
e31d39,5,10,4,t,7f6cf6,2021-02-25T00:23:50.265Z
d5e9a6,2,23,4,t,7f6cf6,2021-02-25T00:23:50.265Z
72f5d4,4,19,4,t,7f6cf6,2021-02-25T00:23:50.265Z
c8d436,1,10,4,t,7f6cf6,2021-02-25T00:23:50.265Z
2a2353,1,57,4,t,7f6cf6,2021-02-25T00:23:50.265Z
c4a632,4,13,18,t,d1c10b,2021-01-08T00:15:52.214Z
e83aa3,2,32,18,t,d1c10b,2021-01-08T00:15:52.214Z
e31d39,4,10,18,t,d1c10b,2021-01-08T00:15:52.214Z
72f5d4,5,19,18,t,d1c10b,2021-01-08T00:15:52.214Z
9ec847,4,54,18,t,d1c10b,2021-01-08T00:15:52.214Z
5d267b,4,40,18,t,d1c10b,2021-01-08T00:15:52.214Z
c8d436,5,10,18,t,d1c10b,2021-01-08T00:15:52.214Z
2feb6b,4,29,18,t,d1c10b,2021-01-08T00:15:52.214Z
d5e9a6,4,23,5,t,ec8874,2021-02-22T05:37:16.348Z
72f5d4,3,19,5,t,ec8874,2021-02-22T05:37:16.348Z
9ec847,5,54,5,t,ec8874,2021-02-22T05:37:16.348Z
c8d436,4,10,5,t,ec8874,2021-02-22T05:37:16.348Z
2a2353,4,57,5,t,ec8874,2021-02-22T05:37:16.348Z
b9a74d,5,17,5,t,ec8874,2021-02-22T05:37:16.348Z
e83aa3,3,32,3,t,8b6824,2021-02-06T04:12:18.576Z
e31d39,2,10,3,t,8b6824,2021-02-06T04:12:18.576Z
72f5d4,5,19,3,t,8b6824,2021-02-06T04:12:18.576Z
9ec847,4,54,3,t,8b6824,2021-02-06T04:12:18.576Z
5d267b,4,40,3,t,8b6824,2021-02-06T04:12:18.576Z
2a2353,5,57,3,t,8b6824,2021-02-06T04:12:18.576Z
f084eb,3,36,3,t,8b6824,2021-02-06T04:12:18.576Z
b9a74d,1,17,3,t,8b6824,2021-02-06T04:12:18.576Z
2feb6b,3,29,3,t,8b6824,2021-02-06T04:12:18.576Z
c4a632,1,13,6,t,c4f8cb,2021-02-12T05:02:34.713Z
e83aa3,3,32,6,t,c4f8cb,2021-02-12T05:02:34.713Z
e31d39,5,10,6,t,c4f8cb,2021-02-12T05:02:34.713Z
d5e9a6,1,23,6,t,c4f8cb,2021-02-12T05:02:34.713Z
9ec847,4,54,6,t,c4f8cb,2021-02-12T05:02:34.713Z
5d267b,3,40,6,t,c4f8cb,2021-02-12T05:02:34.713Z
f084eb,2,36,6,t,c4f8cb,2021-02-12T05:02:34.713Z
b9a74d,4,17,6,t,c4f8cb,2021-02-12T05:02:34.713Z
2feb6b,2,29,6,t,c4f8cb,2021-02-12T05:02:34.713Z
e83aa3,3,32,16,t,aa433a,2021-02-02T18:28:33.225Z
d5e9a6,2,23,16,t,aa433a,2021-02-02T18:28:33.225Z
5d267b,5,40,16,t,aa433a,2021-02-02T18:28:33.225Z
2a2353,5,57,16,t,aa433a,2021-02-02T18:28:33.225Z
b9a74d,3,17,16,t,aa433a,2021-02-02T18:28:33.225Z
2feb6b,4,29,16,t,aa433a,2021-02-02T18:28:33.225Z
c4a632,4,13,14,f,fbe188,2021-03-18T21:51:56.275Z
e83aa3,5,32,14,f,fbe188,2021-03-18T21:51:56.275Z
e31d39,3,10,14,f,fbe188,2021-03-18T21:51:56.275Z
9ec847,4,54,14,f,fbe188,2021-03-18T21:51:56.275Z
2a2353,4,57,14,f,fbe188,2021-03-18T21:51:56.275Z
f084eb,5,36,14,f,fbe188,2021-03-18T21:51:56.275Z
2feb6b,5,29,14,f,fbe188,2021-03-18T21:51:56.275Z
c4a632,3,13,3,t,e38372,2021-01-06T15:26:54.384Z
e31d39,2,10,3,t,e38372,2021-01-06T15:26:54.384Z
72f5d4,1,19,3,t,e38372,2021-01-06T15:26:54.384Z
5d267b,3,40,3,t,e38372,2021-01-06T15:26:54.384Z
2a2353,1,57,3,t,e38372,2021-01-06T15:26:54.384Z
d5e9a6,4,23,5,t,7d7153,2021-03-16T20:48:23.097Z
5d267b,1,40,5,t,7d7153,2021-03-16T20:48:23.097Z
b9a74d,5,17,5,t,7d7153,2021-03-16T20:48:23.097Z
2feb6b,5,29,5,t,7d7153,2021-03-16T20:48:23.097Z
c4a632,1,13,14,f,653b7e,2021-02-13T19:04:17.932Z
72f5d4,1,19,14,f,653b7e,2021-02-13T19:04:17.932Z
9ec847,2,54,14,f,653b7e,2021-02-13T19:04:17.932Z
c8d436,4,10,14,f,653b7e,2021-02-13T19:04:17.932Z
2a2353,2,57,14,f,653b7e,2021-02-13T19:04:17.932Z
f084eb,2,36,14,f,653b7e,2021-02-13T19:04:17.932Z
e31d39,3,10,4,t,e5ce61,2021-03-05T21:47:56.169Z
d5e9a6,1,23,4,t,e5ce61,2021-03-05T21:47:56.169Z
72f5d4,4,19,4,t,e5ce61,2021-03-05T21:47:56.169Z
9ec847,1,54,4,t,e5ce61,2021-03-05T21:47:56.169Z
c8d436,4,10,4,t,e5ce61,2021-03-05T21:47:56.169Z
2feb6b,1,29,4,t,e5ce61,2021-03-05T21:47:56.169Z
e83aa3,5,32,24,t,88c00b,2021-02-11T00:12:31.680Z
e31d39,2,10,24,t,88c00b,2021-02-11T00:12:31.680Z
d5e9a6,2,23,24,t,88c00b,2021-02-11T00:12:31.680Z
5d267b,2,40,24,t,88c00b,2021-02-11T00:12:31.680Z
f084eb,5,36,24,t,88c00b,2021-02-11T00:12:31.680Z
2feb6b,1,29,24,t,88c00b,2021-02-11T00:12:31.680Z
e83aa3,5,32,10,t,baa203,2021-03-12T22:40:56.294Z
72f5d4,1,19,10,t,baa203,2021-03-12T22:40:56.294Z
5d267b,1,40,10,t,baa203,2021-03-12T22:40:56.294Z
2a2353,1,57,10,t,baa203,2021-03-12T22:40:56.294Z
f084eb,3,36,10,t,baa203,2021-03-12T22:40:56.294Z
b9a74d,1,17,10,t,baa203,2021-03-12T22:40:56.294Z
c4a632,5,13,6,t,4313f5,2021-02-05T09:04:58.944Z
e31d39,4,10,6,t,4313f5,2021-02-05T09:04:58.944Z
72f5d4,2,19,6,t,4313f5,2021-02-05T09:04:58.944Z
9ec847,3,54,6,t,4313f5,2021-02-05T09:04:58.944Z
c8d436,3,10,6,t,4313f5,2021-02-05T09:04:58.944Z
f084eb,2,36,6,t,4313f5,2021-02-05T09:04:58.944Z
2feb6b,4,29,6,t,4313f5,2021-02-05T09:04:58.944Z
c4a632,1,13,23,t,dfbad9,2021-01-17T04:55:53.126Z
e31d39,1,10,23,t,dfbad9,2021-01-17T04:55:53.126Z
5d267b,4,40,23,t,dfbad9,2021-01-17T04:55:53.126Z
2a2353,2,57,23,t,dfbad9,2021-01-17T04:55:53.126Z
f084eb,5,36,23,t,dfbad9,2021-01-17T04:55:53.126Z
b9a74d,1,17,23,t,dfbad9,2021-01-17T04:55:53.126Z
2feb6b,1,29,23,t,dfbad9,2021-01-17T04:55:53.126Z
c4a632,3,13,15,t,8a6bab,2021-03-05T09:41:10.176Z
e83aa3,1,32,15,t,8a6bab,2021-03-05T09:41:10.176Z
e31d39,5,10,15,t,8a6bab,2021-03-05T09:41:10.176Z
d5e9a6,1,23,15,t,8a6bab,2021-03-05T09:41:10.176Z
9ec847,3,54,15,t,8a6bab,2021-03-05T09:41:10.176Z
5d267b,3,40,15,t,8a6bab,2021-03-05T09:41:10.176Z
c8d436,5,10,15,t,8a6bab,2021-03-05T09:41:10.176Z
2feb6b,1,29,15,t,8a6bab,2021-03-05T09:41:10.176Z
c4a632,2,13,1,t,e98bea,2021-01-03T03:30:45.676Z
e31d39,2,10,1,t,e98bea,2021-01-03T03:30:45.676Z
d5e9a6,5,23,1,t,e98bea,2021-01-03T03:30:45.676Z
72f5d4,1,19,1,t,e98bea,2021-01-03T03:30:45.676Z
2a2353,2,57,1,t,e98bea,2021-01-03T03:30:45.676Z
2feb6b,5,29,1,t,e98bea,2021-01-03T03:30:45.676Z
c4a632,3,13,12,t,66dc87,2021-02-05T08:39:22.320Z
e83aa3,1,32,12,t,66dc87,2021-02-05T08:39:22.320Z
5d267b,2,40,12,t,66dc87,2021-02-05T08:39:22.320Z
c4a632,1,13,1,t,e1c9a3,2021-02-25T06:32:58.646Z
e83aa3,1,32,1,t,e1c9a3,2021-02-25T06:32:58.646Z
e31d39,4,10,1,t,e1c9a3,2021-02-25T06:32:58.646Z
d5e9a6,5,23,1,t,e1c9a3,2021-02-25T06:32:58.646Z
9ec847,5,54,1,t,e1c9a3,2021-02-25T06:32:58.646Z
c8d436,2,10,1,t,e1c9a3,2021-02-25T06:32:58.646Z
2a2353,3,57,1,t,e1c9a3,2021-02-25T06:32:58.646Z
b9a74d,5,17,1,t,e1c9a3,2021-02-25T06:32:58.646Z
c4a632,3,13,9,f,45d95f,2021-01-03T09:08:50.409Z
e83aa3,1,32,9,f,45d95f,2021-01-03T09:08:50.409Z
e31d39,4,10,9,f,45d95f,2021-01-03T09:08:50.409Z
d5e9a6,1,23,9,f,45d95f,2021-01-03T09:08:50.409Z
72f5d4,4,19,9,f,45d95f,2021-01-03T09:08:50.409Z
9ec847,5,54,9,f,45d95f,2021-01-03T09:08:50.409Z
5d267b,3,40,9,f,45d95f,2021-01-03T09:08:50.409Z
c8d436,4,10,9,f,45d95f,2021-01-03T09:08:50.409Z
2a2353,4,57,9,f,45d95f,2021-01-03T09:08:50.409Z
f084eb,4,36,9,f,45d95f,2021-01-03T09:08:50.409Z
b9a74d,5,17,9,f,45d95f,2021-01-03T09:08:50.409Z
e31d39,1,10,10,t,ca5e88,2021-03-29T06:13:53.500Z
c8d436,4,10,10,t,ca5e88,2021-03-29T06:13:53.500Z
2a2353,1,57,10,t,ca5e88,2021-03-29T06:13:53.500Z
f084eb,4,36,10,t,ca5e88,2021-03-29T06:13:53.500Z
b9a74d,1,17,10,t,ca5e88,2021-03-29T06:13:53.500Z
2feb6b,3,29,10,t,ca5e88,2021-03-29T06:13:53.500Z
e31d39,2,10,11,t,4bc27b,2021-02-18T21:04:53.673Z
d5e9a6,1,23,11,t,4bc27b,2021-02-18T21:04:53.673Z
5d267b,1,40,11,t,4bc27b,2021-02-18T21:04:53.673Z
2a2353,1,57,11,t,4bc27b,2021-02-18T21:04:53.673Z
f084eb,3,36,11,t,4bc27b,2021-02-18T21:04:53.673Z
2feb6b,5,29,11,t,4bc27b,2021-02-18T21:04:53.673Z
c4a632,5,13,20,t,9ea6ec,2021-02-08T21:18:02.505Z
e83aa3,2,32,20,t,9ea6ec,2021-02-08T21:18:02.505Z
e31d39,1,10,20,t,9ea6ec,2021-02-08T21:18:02.505Z
9ec847,4,54,20,t,9ea6ec,2021-02-08T21:18:02.505Z
f084eb,5,36,20,t,9ea6ec,2021-02-08T21:18:02.505Z
2feb6b,5,29,20,t,9ea6ec,2021-02-08T21:18:02.505Z
c4a632,2,13,2,f,bdc070,2021-03-30T07:15:14.400Z
e31d39,1,10,2,f,bdc070,2021-03-30T07:15:14.400Z
c8d436,4,10,2,f,bdc070,2021-03-30T07:15:14.400Z
f084eb,2,36,2,f,bdc070,2021-03-30T07:15:14.400Z
e83aa3,5,32,12,t,e555cf,2021-01-05T14:46:46.416Z
72f5d4,1,19,12,t,e555cf,2021-01-05T14:46:46.416Z
9ec847,3,54,12,t,e555cf,2021-01-05T14:46:46.416Z
5d267b,3,40,12,t,e555cf,2021-01-05T14:46:46.416Z
c8d436,5,10,12,t,e555cf,2021-01-05T14:46:46.416Z
f084eb,1,36,12,t,e555cf,2021-01-05T14:46:46.416Z
b9a74d,1,17,12,t,e555cf,2021-01-05T14:46:46.416Z
2feb6b,1,29,12,t,e555cf,2021-01-05T14:46:46.416Z
e31d39,3,10,1,f,a15342,2021-03-06T04:12:42.768Z
d5e9a6,5,23,1,f,a15342,2021-03-06T04:12:42.768Z
72f5d4,1,19,1,f,a15342,2021-03-06T04:12:42.768Z
5d267b,3,40,1,f,a15342,2021-03-06T04:12:42.768Z
c8d436,2,10,1,f,a15342,2021-03-06T04:12:42.768Z
f084eb,4,36,1,f,a15342,2021-03-06T04:12:42.768Z
b9a74d,2,17,1,f,a15342,2021-03-06T04:12:42.768Z
c4a632,3,13,2,t,e665c2,2021-01-14T01:17:47.500Z
72f5d4,4,19,2,t,e665c2,2021-01-14T01:17:47.500Z
5d267b,4,40,2,t,e665c2,2021-01-14T01:17:47.500Z
c8d436,1,10,2,t,e665c2,2021-01-14T01:17:47.500Z
b9a74d,2,17,2,t,e665c2,2021-01-14T01:17:47.500Z
c4a632,3,13,6,f,ca4e6d,2021-01-04T12:44:03.321Z
e83aa3,2,32,6,f,ca4e6d,2021-01-04T12:44:03.321Z
72f5d4,4,19,6,f,ca4e6d,2021-01-04T12:44:03.321Z
9ec847,2,54,6,f,ca4e6d,2021-01-04T12:44:03.321Z
5d267b,4,40,6,f,ca4e6d,2021-01-04T12:44:03.321Z
c8d436,1,10,6,f,ca4e6d,2021-01-04T12:44:03.321Z
2a2353,3,57,6,f,ca4e6d,2021-01-04T12:44:03.321Z
f084eb,2,36,6,f,ca4e6d,2021-01-04T12:44:03.321Z
b9a74d,2,17,6,f,ca4e6d,2021-01-04T12:44:03.321Z
e83aa3,3,32,5,t,3914c3,2021-02-27T07:01:35.673Z
e31d39,2,10,5,t,3914c3,2021-02-27T07:01:35.673Z
d5e9a6,5,23,5,t,3914c3,2021-02-27T07:01:35.673Z
f084eb,1,36,5,t,3914c3,2021-02-27T07:01:35.673Z
b9a74d,2,17,5,t,3914c3,2021-02-27T07:01:35.673Z
e31d39,4,10,9,f,4e8ca3,2021-02-22T05:44:22.905Z
9ec847,1,54,9,f,4e8ca3,2021-02-22T05:44:22.905Z
2a2353,3,57,9,f,4e8ca3,2021-02-22T05:44:22.905Z
f084eb,4,36,9,f,4e8ca3,2021-02-22T05:44:22.905Z
b9a74d,5,17,9,f,4e8ca3,2021-02-22T05:44:22.905Z
e83aa3,4,32,18,f,af095f,2021-02-01T04:57:00.432Z
e31d39,3,10,18,f,af095f,2021-02-01T04:57:00.432Z
d5e9a6,2,23,18,f,af095f,2021-02-01T04:57:00.432Z
72f5d4,3,19,18,f,af095f,2021-02-01T04:57:00.432Z
9ec847,4,54,18,f,af095f,2021-02-01T04:57:00.432Z
c8d436,2,10,18,f,af095f,2021-02-01T04:57:00.432Z
2a2353,2,57,18,f,af095f,2021-02-01T04:57:00.432Z
f084eb,2,36,18,f,af095f,2021-02-01T04:57:00.432Z
c4a632,3,13,24,f,894871,2021-01-19T14:46:10.819Z
d5e9a6,1,23,24,f,894871,2021-01-19T14:46:10.819Z
9ec847,5,54,24,f,894871,2021-01-19T14:46:10.819Z
5d267b,1,40,24,f,894871,2021-01-19T14:46:10.819Z
f084eb,3,36,24,f,894871,2021-01-19T14:46:10.819Z
b9a74d,4,17,24,f,894871,2021-01-19T14:46:10.819Z
c4a632,1,13,10,t,9640ba,2021-01-27T02:52:07.219Z
e83aa3,5,32,10,t,9640ba,2021-01-27T02:52:07.219Z
d5e9a6,1,23,10,t,9640ba,2021-01-27T02:52:07.219Z
72f5d4,2,19,10,t,9640ba,2021-01-27T02:52:07.219Z
9ec847,1,54,10,t,9640ba,2021-01-27T02:52:07.219Z
5d267b,2,40,10,t,9640ba,2021-01-27T02:52:07.219Z
f084eb,4,36,10,t,9640ba,2021-01-27T02:52:07.219Z
2feb6b,3,29,10,t,9640ba,2021-01-27T02:52:07.219Z
e83aa3,4,32,23,f,50a68d,2021-01-11T23:58:20.380Z
d5e9a6,3,23,23,f,50a68d,2021-01-11T23:58:20.380Z
72f5d4,1,19,23,f,50a68d,2021-01-11T23:58:20.380Z
9ec847,2,54,23,f,50a68d,2021-01-11T23:58:20.380Z
c8d436,3,10,23,f,50a68d,2021-01-11T23:58:20.380Z
2a2353,2,57,23,f,50a68d,2021-01-11T23:58:20.380Z
f084eb,4,36,23,f,50a68d,2021-01-11T23:58:20.380Z
b9a74d,3,17,23,f,50a68d,2021-01-11T23:58:20.380Z
e31d39,1,10,3,f,9d4227,2021-01-04T14:50:43.324Z
72f5d4,2,19,3,f,9d4227,2021-01-04T14:50:43.324Z
9ec847,1,54,3,f,9d4227,2021-01-04T14:50:43.324Z
c8d436,3,10,3,f,9d4227,2021-01-04T14:50:43.324Z
2a2353,3,57,3,f,9d4227,2021-01-04T14:50:43.324Z
b9a74d,5,17,3,f,9d4227,2021-01-04T14:50:43.324Z
c4a632,1,13,8,t,4d1f1d,2021-01-15T18:14:02.313Z
72f5d4,2,19,8,t,4d1f1d,2021-01-15T18:14:02.313Z
9ec847,2,54,8,t,4d1f1d,2021-01-15T18:14:02.313Z
5d267b,5,40,8,t,4d1f1d,2021-01-15T18:14:02.313Z
c8d436,2,10,8,t,4d1f1d,2021-01-15T18:14:02.313Z
f084eb,1,36,8,t,4d1f1d,2021-01-15T18:14:02.313Z
2feb6b,4,29,8,t,4d1f1d,2021-01-15T18:14:02.313Z
c4a632,1,13,2,t,c4ae6e,2021-03-29T21:38:13.747Z
72f5d4,5,19,2,t,c4ae6e,2021-03-29T21:38:13.747Z
5d267b,4,40,2,t,c4ae6e,2021-03-29T21:38:13.747Z
c8d436,2,10,2,t,c4ae6e,2021-03-29T21:38:13.747Z
2a2353,3,57,2,t,c4ae6e,2021-03-29T21:38:13.747Z
e83aa3,2,32,7,t,4bac6b,2021-02-24T12:49:44.342Z
d5e9a6,5,23,7,t,4bac6b,2021-02-24T12:49:44.342Z
c8d436,2,10,7,t,4bac6b,2021-02-24T12:49:44.342Z
2a2353,3,57,7,t,4bac6b,2021-02-24T12:49:44.342Z
c4a632,5,13,7,t,00a68b,2021-02-22T23:02:56.918Z
72f5d4,2,19,7,t,00a68b,2021-02-22T23:02:56.918Z
9ec847,5,54,7,t,00a68b,2021-02-22T23:02:56.918Z
5d267b,3,40,7,t,00a68b,2021-02-22T23:02:56.918Z
c8d436,2,10,7,t,00a68b,2021-02-22T23:02:56.918Z
2a2353,4,57,7,t,00a68b,2021-02-22T23:02:56.918Z
2feb6b,5,29,7,t,00a68b,2021-02-22T23:02:56.918Z
d5e9a6,2,23,0,t,f014f7,2021-02-10T02:02:51.475Z
5d267b,2,40,0,t,f014f7,2021-02-10T02:02:51.475Z
c8d436,3,10,0,t,f014f7,2021-02-10T02:02:51.475Z
2a2353,1,57,0,t,f014f7,2021-02-10T02:02:51.475Z
f084eb,3,36,0,t,f014f7,2021-02-10T02:02:51.475Z
b9a74d,3,17,0,t,f014f7,2021-02-10T02:02:51.475Z
2feb6b,3,29,0,t,f014f7,2021-02-10T02:02:51.475Z
c4a632,3,13,13,t,4778c4,2021-03-14T06:27:03.801Z
e31d39,4,10,13,t,4778c4,2021-03-14T06:27:03.801Z
d5e9a6,3,23,13,t,4778c4,2021-03-14T06:27:03.801Z
c8d436,4,10,13,t,4778c4,2021-03-14T06:27:03.801Z
f084eb,4,36,13,t,4778c4,2021-03-14T06:27:03.801Z
2feb6b,3,29,13,t,4778c4,2021-03-14T06:27:03.801Z
e31d39,4,10,24,t,838c20,2021-02-10T19:12:05.356Z
d5e9a6,1,23,24,t,838c20,2021-02-10T19:12:05.356Z
2a2353,1,57,24,t,838c20,2021-02-10T19:12:05.356Z
b9a74d,1,17,24,t,838c20,2021-02-10T19:12:05.356Z
c4a632,2,13,4,t,039bcb,2021-02-20T16:13:17.241Z
e31d39,2,10,4,t,039bcb,2021-02-20T16:13:17.241Z
72f5d4,2,19,4,t,039bcb,2021-02-20T16:13:17.241Z
9ec847,5,54,4,t,039bcb,2021-02-20T16:13:17.241Z
c8d436,1,10,4,t,039bcb,2021-02-20T16:13:17.241Z
f084eb,5,36,4,t,039bcb,2021-02-20T16:13:17.241Z
b9a74d,3,17,4,t,039bcb,2021-02-20T16:13:17.241Z
2feb6b,5,29,4,t,039bcb,2021-02-20T16:13:17.241Z
e83aa3,3,32,16,t,c8ce56,2021-01-04T10:47:49.200Z
9ec847,5,54,16,t,c8ce56,2021-01-04T10:47:49.200Z
c8d436,5,10,16,t,c8ce56,2021-01-04T10:47:49.200Z
2a2353,2,57,16,t,c8ce56,2021-01-04T10:47:49.200Z
2feb6b,1,29,16,t,c8ce56,2021-01-04T10:47:49.200Z
c4a632,2,13,21,f,2c953a,2021-01-18T17:08:26.620Z
e83aa3,5,32,21,f,2c953a,2021-01-18T17:08:26.620Z
d5e9a6,1,23,21,f,2c953a,2021-01-18T17:08:26.620Z
72f5d4,1,19,21,f,2c953a,2021-01-18T17:08:26.620Z
f084eb,1,36,21,f,2c953a,2021-01-18T17:08:26.620Z
b9a74d,5,17,21,f,2c953a,2021-01-18T17:08:26.620Z
c4a632,3,13,4,t,5a6cda,2021-02-26T21:48:19.843Z
e83aa3,3,32,4,t,5a6cda,2021-02-26T21:48:19.843Z
e31d39,4,10,4,t,5a6cda,2021-02-26T21:48:19.843Z
d5e9a6,1,23,4,t,5a6cda,2021-02-26T21:48:19.843Z
72f5d4,2,19,4,t,5a6cda,2021-02-26T21:48:19.843Z
c8d436,1,10,4,t,5a6cda,2021-02-26T21:48:19.843Z
f084eb,1,36,4,t,5a6cda,2021-02-26T21:48:19.843Z
2feb6b,1,29,4,t,5a6cda,2021-02-26T21:48:19.843Z
e31d39,5,10,2,t,c63594,2021-01-22T18:06:52.473Z
d5e9a6,1,23,2,t,c63594,2021-01-22T18:06:52.473Z
9ec847,4,54,2,t,c63594,2021-01-22T18:06:52.473Z
5d267b,4,40,2,t,c63594,2021-01-22T18:06:52.473Z
c8d436,2,10,2,t,c63594,2021-01-22T18:06:52.473Z
c4a632,3,13,20,f,79f80f,2021-03-17T07:18:28.886Z
e83aa3,3,32,20,f,79f80f,2021-03-17T07:18:28.886Z
e31d39,1,10,20,f,79f80f,2021-03-17T07:18:28.886Z
9ec847,5,54,20,f,79f80f,2021-03-17T07:18:28.886Z
5d267b,1,40,20,f,79f80f,2021-03-17T07:18:28.886Z
c8d436,1,10,20,f,79f80f,2021-03-17T07:18:28.886Z
f084eb,2,36,20,f,79f80f,2021-03-17T07:18:28.886Z
2feb6b,5,29,20,f,79f80f,2021-03-17T07:18:28.886Z
c8d436,2,10,13,t,8c8d34,2021-03-30T21:23:15.187Z
f084eb,2,36,13,t,8c8d34,2021-03-30T21:23:15.187Z
e31d39,4,10,8,f,7ba912,2021-03-14T06:48:17.856Z
72f5d4,4,19,8,f,7ba912,2021-03-14T06:48:17.856Z
9ec847,1,54,8,f,7ba912,2021-03-14T06:48:17.856Z
2a2353,5,57,8,f,7ba912,2021-03-14T06:48:17.856Z
f084eb,3,36,8,f,7ba912,2021-03-14T06:48:17.856Z
2feb6b,4,29,8,f,7ba912,2021-03-14T06:48:17.856Z
c4a632,4,13,10,t,93cfe6,2021-01-02T17:20:22.790Z
5d267b,2,40,10,t,93cfe6,2021-01-02T17:20:22.790Z
f084eb,3,36,10,t,93cfe6,2021-01-02T17:20:22.790Z
b9a74d,3,17,10,t,93cfe6,2021-01-02T17:20:22.790Z
e83aa3,1,32,6,t,31d738,2021-03-04T19:46:42.499Z
72f5d4,1,19,6,t,31d738,2021-03-04T19:46:42.499Z
b9a74d,2,17,6,t,31d738,2021-03-04T19:46:42.499Z
c4a632,4,13,5,t,6d05f5,2021-03-15T21:56:47.788Z
e31d39,5,10,5,t,6d05f5,2021-03-15T21:56:47.788Z
72f5d4,3,19,5,t,6d05f5,2021-03-15T21:56:47.788Z
c8d436,2,10,5,t,6d05f5,2021-03-15T21:56:47.788Z
2a2353,3,57,5,t,6d05f5,2021-03-15T21:56:47.788Z
f084eb,1,36,5,t,6d05f5,2021-03-15T21:56:47.788Z
b9a74d,5,17,5,t,6d05f5,2021-03-15T21:56:47.788Z
2feb6b,3,29,5,t,6d05f5,2021-03-15T21:56:47.788Z
c4a632,2,13,20,t,bb0236,2021-02-09T21:51:33.984Z
d5e9a6,2,23,20,t,bb0236,2021-02-09T21:51:33.984Z
72f5d4,2,19,20,t,bb0236,2021-02-09T21:51:33.984Z
9ec847,2,54,20,t,bb0236,2021-02-09T21:51:33.984Z
5d267b,5,40,20,t,bb0236,2021-02-09T21:51:33.984Z
2a2353,2,57,20,t,bb0236,2021-02-09T21:51:33.984Z
c4a632,5,13,16,f,3d7f21,2021-01-28T16:04:29.078Z
e83aa3,5,32,16,f,3d7f21,2021-01-28T16:04:29.078Z
e31d39,3,10,16,f,3d7f21,2021-01-28T16:04:29.078Z
9ec847,1,54,16,f,3d7f21,2021-01-28T16:04:29.078Z
5d267b,3,40,16,f,3d7f21,2021-01-28T16:04:29.078Z
2a2353,1,57,16,f,3d7f21,2021-01-28T16:04:29.078Z
2feb6b,3,29,16,f,3d7f21,2021-01-28T16:04:29.078Z
e83aa3,1,32,13,t,79ac14,2021-02-24T17:59:50.236Z
e31d39,4,10,13,t,79ac14,2021-02-24T17:59:50.236Z
72f5d4,2,19,13,t,79ac14,2021-02-24T17:59:50.236Z
9ec847,4,54,13,t,79ac14,2021-02-24T17:59:50.236Z
2a2353,1,57,13,t,79ac14,2021-02-24T17:59:50.236Z
2feb6b,4,29,13,t,79ac14,2021-02-24T17:59:50.236Z
c4a632,1,13,2,t,a6da30,2021-03-13T11:13:26.774Z
e83aa3,3,32,2,t,a6da30,2021-03-13T11:13:26.774Z
9ec847,5,54,2,t,a6da30,2021-03-13T11:13:26.774Z
b9a74d,3,17,2,t,a6da30,2021-03-13T11:13:26.774Z
2feb6b,2,29,2,t,a6da30,2021-03-13T11:13:26.774Z
e83aa3,5,32,3,t,14f22b,2021-03-14T05:31:37.574Z
e31d39,3,10,3,t,14f22b,2021-03-14T05:31:37.574Z
d5e9a6,3,23,3,t,14f22b,2021-03-14T05:31:37.574Z
72f5d4,4,19,3,t,14f22b,2021-03-14T05:31:37.574Z
9ec847,4,54,3,t,14f22b,2021-03-14T05:31:37.574Z
f084eb,3,36,3,t,14f22b,2021-03-14T05:31:37.574Z
b9a74d,4,17,3,t,14f22b,2021-03-14T05:31:37.574Z
c4a632,4,13,1,t,fa94d7,2021-03-15T21:10:41.174Z
e83aa3,2,32,1,t,fa94d7,2021-03-15T21:10:41.174Z
e31d39,4,10,1,t,fa94d7,2021-03-15T21:10:41.174Z
72f5d4,2,19,1,t,fa94d7,2021-03-15T21:10:41.174Z
9ec847,5,54,1,t,fa94d7,2021-03-15T21:10:41.174Z
5d267b,4,40,1,t,fa94d7,2021-03-15T21:10:41.174Z
f084eb,4,36,1,t,fa94d7,2021-03-15T21:10:41.174Z
b9a74d,3,17,1,t,fa94d7,2021-03-15T21:10:41.174Z
e83aa3,1,32,7,t,53c4b9,2021-02-28T02:48:10.137Z
d5e9a6,1,23,7,t,53c4b9,2021-02-28T02:48:10.137Z
72f5d4,3,19,7,t,53c4b9,2021-02-28T02:48:10.137Z
9ec847,1,54,7,t,53c4b9,2021-02-28T02:48:10.137Z
c8d436,2,10,7,t,53c4b9,2021-02-28T02:48:10.137Z
2a2353,2,57,7,t,53c4b9,2021-02-28T02:48:10.137Z
b9a74d,5,17,7,t,53c4b9,2021-02-28T02:48:10.137Z
c4a632,5,13,14,t,c2e013,2021-03-30T18:19:23.721Z
72f5d4,1,19,14,t,c2e013,2021-03-30T18:19:23.721Z
9ec847,3,54,14,t,c2e013,2021-03-30T18:19:23.721Z
5d267b,2,40,14,t,c2e013,2021-03-30T18:19:23.721Z
f084eb,5,36,14,t,c2e013,2021-03-30T18:19:23.721Z
b9a74d,3,17,14,t,c2e013,2021-03-30T18:19:23.721Z
2feb6b,5,29,14,t,c2e013,2021-03-30T18:19:23.721Z
c4a632,5,13,8,t,d51ea0,2021-01-01T18:16:43.449Z
e31d39,2,10,8,t,d51ea0,2021-01-01T18:16:43.449Z
d5e9a6,5,23,8,t,d51ea0,2021-01-01T18:16:43.449Z
72f5d4,4,19,8,t,d51ea0,2021-01-01T18:16:43.449Z
5d267b,2,40,8,t,d51ea0,2021-01-01T18:16:43.449Z
2a2353,4,57,8,t,d51ea0,2021-01-01T18:16:43.449Z
f084eb,3,36,8,t,d51ea0,2021-01-01T18:16:43.449Z
b9a74d,5,17,8,t,d51ea0,2021-01-01T18:16:43.449Z
c4a632,3,13,7,t,a5191d,2021-02-25T13:12:23.932Z
e31d39,4,10,7,t,a5191d,2021-02-25T13:12:23.932Z
d5e9a6,4,23,7,t,a5191d,2021-02-25T13:12:23.932Z
9ec847,4,54,7,t,a5191d,2021-02-25T13:12:23.932Z
c8d436,5,10,7,t,a5191d,2021-02-25T13:12:23.932Z
2feb6b,2,29,7,t,a5191d,2021-02-25T13:12:23.932Z
c4a632,3,13,6,t,42f7d5,2021-02-11T08:47:16.483Z
e31d39,1,10,6,t,42f7d5,2021-02-11T08:47:16.483Z
d5e9a6,2,23,6,t,42f7d5,2021-02-11T08:47:16.483Z
72f5d4,2,19,6,t,42f7d5,2021-02-11T08:47:16.483Z
9ec847,4,54,6,t,42f7d5,2021-02-11T08:47:16.483Z
f084eb,1,36,6,t,42f7d5,2021-02-11T08:47:16.483Z
2feb6b,5,29,6,t,42f7d5,2021-02-11T08:47:16.483Z
c4a632,1,13,20,f,03e6ec,2021-03-13T22:33:18.374Z
b9a74d,1,17,20,f,03e6ec,2021-03-13T22:33:18.374Z
e31d39,2,10,12,t,b8bd2c,2021-03-18T09:14:28.492Z
d5e9a6,5,23,12,t,b8bd2c,2021-03-18T09:14:28.492Z
72f5d4,4,19,12,t,b8bd2c,2021-03-18T09:14:28.492Z
5d267b,5,40,12,t,b8bd2c,2021-03-18T09:14:28.492Z
c8d436,5,10,12,t,b8bd2c,2021-03-18T09:14:28.492Z
2a2353,4,57,12,t,b8bd2c,2021-03-18T09:14:28.492Z
b9a74d,5,17,12,t,b8bd2c,2021-03-18T09:14:28.492Z
2feb6b,4,29,12,t,b8bd2c,2021-03-18T09:14:28.492Z
e83aa3,4,32,4,t,84d941,2021-02-03T07:11:01.852Z
e31d39,2,10,4,t,84d941,2021-02-03T07:11:01.852Z
72f5d4,4,19,4,t,84d941,2021-02-03T07:11:01.852Z
c8d436,1,10,4,t,84d941,2021-02-03T07:11:01.852Z
2a2353,3,57,4,t,84d941,2021-02-03T07:11:01.852Z
f084eb,4,36,4,t,84d941,2021-02-03T07:11:01.852Z
b9a74d,4,17,4,t,84d941,2021-02-03T07:11:01.852Z
c4a632,2,13,13,t,a1a514,2021-01-04T06:00:21.686Z
e83aa3,3,32,13,t,a1a514,2021-01-04T06:00:21.686Z
5d267b,2,40,13,t,a1a514,2021-01-04T06:00:21.686Z
2a2353,1,57,13,t,a1a514,2021-01-04T06:00:21.686Z
b9a74d,2,17,13,t,a1a514,2021-01-04T06:00:21.686Z
c4a632,2,13,22,f,23973e,2021-01-23T06:44:09.283Z
e83aa3,3,32,22,f,23973e,2021-01-23T06:44:09.283Z
e31d39,4,10,22,f,23973e,2021-01-23T06:44:09.283Z
72f5d4,2,19,22,f,23973e,2021-01-23T06:44:09.283Z
5d267b,3,40,22,f,23973e,2021-01-23T06:44:09.283Z
c8d436,2,10,22,f,23973e,2021-01-23T06:44:09.283Z
b9a74d,3,17,22,f,23973e,2021-01-23T06:44:09.283Z
c4a632,2,13,20,f,18b4ed,2021-03-18T04:08:45.945Z
e31d39,1,10,20,f,18b4ed,2021-03-18T04:08:45.945Z
9ec847,4,54,20,f,18b4ed,2021-03-18T04:08:45.945Z
2a2353,2,57,20,f,18b4ed,2021-03-18T04:08:45.945Z
f084eb,5,36,20,f,18b4ed,2021-03-18T04:08:45.945Z
b9a74d,1,17,20,f,18b4ed,2021-03-18T04:08:45.945Z
c4a632,2,13,14,f,b897f5,2021-01-28T06:07:04.310Z
e83aa3,3,32,14,f,b897f5,2021-01-28T06:07:04.310Z
e31d39,2,10,14,f,b897f5,2021-01-28T06:07:04.310Z
d5e9a6,3,23,14,f,b897f5,2021-01-28T06:07:04.310Z
72f5d4,5,19,14,f,b897f5,2021-01-28T06:07:04.310Z
5d267b,1,40,14,f,b897f5,2021-01-28T06:07:04.310Z
c8d436,4,10,14,f,b897f5,2021-01-28T06:07:04.310Z
2a2353,2,57,14,f,b897f5,2021-01-28T06:07:04.310Z
c4a632,1,13,11,t,a00893,2021-03-17T08:42:26.697Z
e83aa3,3,32,11,t,a00893,2021-03-17T08:42:26.697Z
d5e9a6,5,23,11,t,a00893,2021-03-17T08:42:26.697Z
9ec847,4,54,11,t,a00893,2021-03-17T08:42:26.697Z
2a2353,2,57,11,t,a00893,2021-03-17T08:42:26.697Z
b9a74d,5,17,11,t,a00893,2021-03-17T08:42:26.697Z
c4a632,5,13,11,t,206072,2021-02-01T02:16:26.918Z
e83aa3,2,32,11,t,206072,2021-02-01T02:16:26.918Z
d5e9a6,3,23,11,t,206072,2021-02-01T02:16:26.918Z
72f5d4,2,19,11,t,206072,2021-02-01T02:16:26.918Z
9ec847,3,54,11,t,206072,2021-02-01T02:16:26.918Z
2a2353,3,57,11,t,206072,2021-02-01T02:16:26.918Z
f084eb,4,36,11,t,206072,2021-02-01T02:16:26.918Z
2feb6b,3,29,11,t,206072,2021-02-01T02:16:26.918Z
c4a632,2,13,1,f,f4993b,2021-01-07T02:31:41.462Z
d5e9a6,5,23,1,f,f4993b,2021-01-07T02:31:41.462Z
9ec847,1,54,1,f,f4993b,2021-01-07T02:31:41.462Z
c8d436,4,10,1,f,f4993b,2021-01-07T02:31:41.462Z
f084eb,5,36,1,f,f4993b,2021-01-07T02:31:41.462Z
e83aa3,4,32,7,t,54fa33,2021-01-27T13:02:00.643Z
d5e9a6,1,23,7,t,54fa33,2021-01-27T13:02:00.643Z
72f5d4,2,19,7,t,54fa33,2021-01-27T13:02:00.643Z
9ec847,1,54,7,t,54fa33,2021-01-27T13:02:00.643Z
5d267b,4,40,7,t,54fa33,2021-01-27T13:02:00.643Z
f084eb,1,36,7,t,54fa33,2021-01-27T13:02:00.643Z
9ec847,4,54,0,t,2021ac,2021-01-06T03:33:29.491Z
5d267b,2,40,0,t,2021ac,2021-01-06T03:33:29.491Z
b9a74d,1,17,0,t,2021ac,2021-01-06T03:33:29.491Z
2feb6b,1,29,0,t,2021ac,2021-01-06T03:33:29.491Z
c4a632,5,13,20,t,fdd839,2021-03-01T07:08:05.337Z
e83aa3,2,32,20,t,fdd839,2021-03-01T07:08:05.337Z
e31d39,5,10,20,t,fdd839,2021-03-01T07:08:05.337Z
d5e9a6,1,23,20,t,fdd839,2021-03-01T07:08:05.337Z
72f5d4,2,19,20,t,fdd839,2021-03-01T07:08:05.337Z
5d267b,1,40,20,t,fdd839,2021-03-01T07:08:05.337Z
2a2353,5,57,20,t,fdd839,2021-03-01T07:08:05.337Z
b9a74d,3,17,20,t,fdd839,2021-03-01T07:08:05.337Z
2feb6b,2,29,20,t,fdd839,2021-03-01T07:08:05.337Z
c4a632,4,13,17,f,3c17fa,2021-03-24T08:01:16.953Z
e83aa3,1,32,17,f,3c17fa,2021-03-24T08:01:16.953Z
d5e9a6,2,23,17,f,3c17fa,2021-03-24T08:01:16.953Z
72f5d4,1,19,17,f,3c17fa,2021-03-24T08:01:16.953Z
5d267b,5,40,17,f,3c17fa,2021-03-24T08:01:16.953Z
2a2353,1,57,17,f,3c17fa,2021-03-24T08:01:16.953Z
f084eb,5,36,17,f,3c17fa,2021-03-24T08:01:16.953Z
2feb6b,4,29,17,f,3c17fa,2021-03-24T08:01:16.953Z
d5e9a6,3,23,5,t,3d59b7,2021-01-27T10:55:18.912Z
72f5d4,3,19,5,t,3d59b7,2021-01-27T10:55:18.912Z
9ec847,1,54,5,t,3d59b7,2021-01-27T10:55:18.912Z
5d267b,5,40,5,t,3d59b7,2021-01-27T10:55:18.912Z
2a2353,4,57,5,t,3d59b7,2021-01-27T10:55:18.912Z
f084eb,4,36,5,t,3d59b7,2021-01-27T10:55:18.912Z
b9a74d,1,17,5,t,3d59b7,2021-01-27T10:55:18.912Z
2feb6b,3,29,5,t,3d59b7,2021-01-27T10:55:18.912Z
c4a632,5,13,17,t,aa04cd,2021-03-19T08:57:53.164Z
e83aa3,4,32,17,t,aa04cd,2021-03-19T08:57:53.164Z
e31d39,4,10,17,t,aa04cd,2021-03-19T08:57:53.164Z
72f5d4,5,19,17,t,aa04cd,2021-03-19T08:57:53.164Z
5d267b,5,40,17,t,aa04cd,2021-03-19T08:57:53.164Z
2a2353,3,57,17,t,aa04cd,2021-03-19T08:57:53.164Z
f084eb,2,36,17,t,aa04cd,2021-03-19T08:57:53.164Z
2feb6b,1,29,17,t,aa04cd,2021-03-19T08:57:53.164Z
d5e9a6,4,23,12,f,06c7b2,2021-03-22T00:50:03.350Z
72f5d4,1,19,12,f,06c7b2,2021-03-22T00:50:03.350Z
5d267b,2,40,12,f,06c7b2,2021-03-22T00:50:03.350Z
c4a632,5,13,1,f,7b2e61,2021-03-21T07:06:14.054Z
e83aa3,4,32,1,f,7b2e61,2021-03-21T07:06:14.054Z
d5e9a6,2,23,1,f,7b2e61,2021-03-21T07:06:14.054Z
72f5d4,3,19,1,f,7b2e61,2021-03-21T07:06:14.054Z
5d267b,4,40,1,f,7b2e61,2021-03-21T07:06:14.054Z
2a2353,1,57,1,f,7b2e61,2021-03-21T07:06:14.054Z
f084eb,4,36,1,f,7b2e61,2021-03-21T07:06:14.054Z
c4a632,2,13,15,f,61d2ee,2021-02-14T11:58:04.742Z
e31d39,2,10,15,f,61d2ee,2021-02-14T11:58:04.742Z
9ec847,3,54,15,f,61d2ee,2021-02-14T11:58:04.742Z
c8d436,3,10,15,f,61d2ee,2021-02-14T11:58:04.742Z
2a2353,3,57,15,f,61d2ee,2021-02-14T11:58:04.742Z
f084eb,4,36,15,f,61d2ee,2021-02-14T11:58:04.742Z
e83aa3,1,32,21,f,a1d90a,2021-02-21T20:33:25.747Z
e31d39,4,10,21,f,a1d90a,2021-02-21T20:33:25.747Z
72f5d4,5,19,21,f,a1d90a,2021-02-21T20:33:25.747Z
5d267b,2,40,21,f,a1d90a,2021-02-21T20:33:25.747Z
f084eb,1,36,21,f,a1d90a,2021-02-21T20:33:25.747Z
72f5d4,4,19,6,f,99405a,2021-01-28T16:22:35.385Z
2a2353,3,57,6,f,99405a,2021-01-28T16:22:35.385Z
2feb6b,1,29,6,f,99405a,2021-01-28T16:22:35.385Z
e83aa3,1,32,6,f,7f58e8,2021-02-23T09:57:51.465Z
d5e9a6,5,23,6,f,7f58e8,2021-02-23T09:57:51.465Z
c8d436,2,10,6,f,7f58e8,2021-02-23T09:57:51.465Z
d5e9a6,1,23,9,t,f9e7c1,2021-01-04T16:14:15.043Z
9ec847,3,54,9,t,f9e7c1,2021-01-04T16:14:15.043Z
5d267b,4,40,9,t,f9e7c1,2021-01-04T16:14:15.043Z
2a2353,1,57,9,t,f9e7c1,2021-01-04T16:14:15.043Z
2feb6b,1,29,9,t,f9e7c1,2021-01-04T16:14:15.043Z
c4a632,5,13,12,t,23f301,2021-02-27T03:39:24.595Z
e31d39,3,10,12,t,23f301,2021-02-27T03:39:24.595Z
5d267b,3,40,12,t,23f301,2021-02-27T03:39:24.595Z
c8d436,1,10,12,t,23f301,2021-02-27T03:39:24.595Z
2a2353,3,57,12,t,23f301,2021-02-27T03:39:24.595Z
2feb6b,5,29,12,t,23f301,2021-02-27T03:39:24.595Z
c4a632,1,13,18,t,523b48,2021-01-26T14:49:34.291Z
e31d39,5,10,18,t,523b48,2021-01-26T14:49:34.291Z
d5e9a6,3,23,18,t,523b48,2021-01-26T14:49:34.291Z
c8d436,4,10,18,t,523b48,2021-01-26T14:49:34.291Z
2a2353,3,57,18,t,523b48,2021-01-26T14:49:34.291Z
f084eb,1,36,18,t,523b48,2021-01-26T14:49:34.291Z
b9a74d,4,17,18,t,523b48,2021-01-26T14:49:34.291Z
e31d39,4,10,18,f,e5ca61,2021-01-30T00:40:53.328Z
f084eb,1,36,18,f,e5ca61,2021-01-30T00:40:53.328Z
2feb6b,1,29,18,f,e5ca61,2021-01-30T00:40:53.328Z
c4a632,3,13,14,f,8283a8,2021-01-22T11:47:39.206Z
e31d39,5,10,14,f,8283a8,2021-01-22T11:47:39.206Z
2a2353,3,57,14,f,8283a8,2021-01-22T11:47:39.206Z
2feb6b,3,29,14,f,8283a8,2021-01-22T11:47:39.206Z
c4a632,3,13,16,t,c0d419,2021-01-15T02:40:11.481Z
e31d39,3,10,16,t,c0d419,2021-01-15T02:40:11.481Z
5d267b,3,40,16,t,c0d419,2021-01-15T02:40:11.481Z
c8d436,2,10,16,t,c0d419,2021-01-15T02:40:11.481Z
f084eb,3,36,16,t,c0d419,2021-01-15T02:40:11.481Z
c4a632,3,13,10,t,ba0511,2021-02-14T09:49:18.768Z
e31d39,2,10,10,t,ba0511,2021-02-14T09:49:18.768Z
d5e9a6,4,23,10,t,ba0511,2021-02-14T09:49:18.768Z
9ec847,5,54,10,t,ba0511,2021-02-14T09:49:18.768Z
5d267b,4,40,10,t,ba0511,2021-02-14T09:49:18.768Z
c8d436,3,10,10,t,ba0511,2021-02-14T09:49:18.768Z
f084eb,1,36,10,t,ba0511,2021-02-14T09:49:18.768Z
b9a74d,2,17,10,t,ba0511,2021-02-14T09:49:18.768Z
c4a632,3,13,9,t,4cfed4,2021-03-11T03:00:30.153Z
72f5d4,5,19,9,t,4cfed4,2021-03-11T03:00:30.153Z
9ec847,3,54,9,t,4cfed4,2021-03-11T03:00:30.153Z
f084eb,2,36,9,t,4cfed4,2021-03-11T03:00:30.153Z
b9a74d,3,17,9,t,4cfed4,2021-03-11T03:00:30.153Z
e83aa3,3,32,9,t,f53426,2021-03-18T19:42:27.792Z
5d267b,3,40,9,t,f53426,2021-03-18T19:42:27.792Z
f084eb,3,36,9,t,f53426,2021-03-18T19:42:27.792Z
b9a74d,2,17,9,t,f53426,2021-03-18T19:42:27.792Z
2feb6b,3,29,9,t,f53426,2021-03-18T19:42:27.792Z
e83aa3,2,32,2,f,f44171,2021-03-15T02:19:23.347Z
d5e9a6,4,23,2,f,f44171,2021-03-15T02:19:23.347Z
72f5d4,3,19,2,f,f44171,2021-03-15T02:19:23.347Z
f084eb,1,36,2,f,f44171,2021-03-15T02:19:23.347Z
e83aa3,5,32,3,t,36cc9d,2021-02-25T14:59:15.504Z
e31d39,1,10,3,t,36cc9d,2021-02-25T14:59:15.504Z
d5e9a6,5,23,3,t,36cc9d,2021-02-25T14:59:15.504Z
72f5d4,4,19,3,t,36cc9d,2021-02-25T14:59:15.504Z
9ec847,4,54,3,t,36cc9d,2021-02-25T14:59:15.504Z
5d267b,2,40,3,t,36cc9d,2021-02-25T14:59:15.504Z
c8d436,3,10,3,t,36cc9d,2021-02-25T14:59:15.504Z
2a2353,1,57,3,t,36cc9d,2021-02-25T14:59:15.504Z
f084eb,1,36,3,t,36cc9d,2021-02-25T14:59:15.504Z
e83aa3,2,32,7,t,5b0ac4,2021-02-14T01:37:22.800Z
e31d39,4,10,7,t,5b0ac4,2021-02-14T01:37:22.800Z
72f5d4,3,19,7,t,5b0ac4,2021-02-14T01:37:22.800Z
9ec847,3,54,7,t,5b0ac4,2021-02-14T01:37:22.800Z
5d267b,1,40,7,t,5b0ac4,2021-02-14T01:37:22.800Z
c8d436,5,10,7,t,5b0ac4,2021-02-14T01:37:22.800Z
b9a74d,3,17,7,t,5b0ac4,2021-02-14T01:37:22.800Z
e83aa3,3,32,8,f,e59478,2021-03-02T02:29:22.012Z
e31d39,1,10,8,f,e59478,2021-03-02T02:29:22.012Z
72f5d4,5,19,8,f,e59478,2021-03-02T02:29:22.012Z
9ec847,4,54,8,f,e59478,2021-03-02T02:29:22.012Z
2a2353,2,57,8,f,e59478,2021-03-02T02:29:22.012Z
f084eb,2,36,8,f,e59478,2021-03-02T02:29:22.012Z
b9a74d,1,17,8,f,e59478,2021-03-02T02:29:22.012Z
c4a632,5,13,12,f,12df45,2021-03-01T10:41:29.904Z
e31d39,1,10,12,f,12df45,2021-03-01T10:41:29.904Z
d5e9a6,4,23,12,f,12df45,2021-03-01T10:41:29.904Z
9ec847,1,54,12,f,12df45,2021-03-01T10:41:29.904Z
5d267b,1,40,12,f,12df45,2021-03-01T10:41:29.904Z
f084eb,3,36,12,f,12df45,2021-03-01T10:41:29.904Z
e83aa3,4,32,14,f,cdfdfc,2021-01-26T06:06:22.147Z
e31d39,4,10,14,f,cdfdfc,2021-01-26T06:06:22.147Z
9ec847,4,54,14,f,cdfdfc,2021-01-26T06:06:22.147Z
c8d436,5,10,14,f,cdfdfc,2021-01-26T06:06:22.147Z
b9a74d,3,17,14,f,cdfdfc,2021-01-26T06:06:22.147Z
c4a632,2,13,20,f,15489c,2021-01-30T01:47:43.324Z
72f5d4,2,19,20,f,15489c,2021-01-30T01:47:43.324Z
5d267b,2,40,20,f,15489c,2021-01-30T01:47:43.324Z
f084eb,5,36,20,f,15489c,2021-01-30T01:47:43.324Z
2feb6b,5,29,20,f,15489c,2021-01-30T01:47:43.324Z
c4a632,5,13,2,t,fe448e,2021-01-03T11:57:30.528Z
72f5d4,3,19,2,t,fe448e,2021-01-03T11:57:30.528Z
5d267b,4,40,2,t,fe448e,2021-01-03T11:57:30.528Z
c8d436,5,10,2,t,fe448e,2021-01-03T11:57:30.528Z
2a2353,1,57,2,t,fe448e,2021-01-03T11:57:30.528Z
2feb6b,3,29,2,t,fe448e,2021-01-03T11:57:30.528Z
c4a632,1,13,1,t,ab1863,2021-03-20T00:46:08.083Z
e83aa3,1,32,1,t,ab1863,2021-03-20T00:46:08.083Z
e31d39,2,10,1,t,ab1863,2021-03-20T00:46:08.083Z
72f5d4,5,19,1,t,ab1863,2021-03-20T00:46:08.083Z
5d267b,2,40,1,t,ab1863,2021-03-20T00:46:08.083Z
2a2353,4,57,1,t,ab1863,2021-03-20T00:46:08.083Z
b9a74d,2,17,1,t,ab1863,2021-03-20T00:46:08.083Z
c4a632,3,13,9,f,4901ae,2021-01-03T20:03:03.916Z
d5e9a6,1,23,9,f,4901ae,2021-01-03T20:03:03.916Z
9ec847,4,54,9,f,4901ae,2021-01-03T20:03:03.916Z
2a2353,3,57,9,f,4901ae,2021-01-03T20:03:03.916Z
2feb6b,3,29,9,f,4901ae,2021-01-03T20:03:03.916Z
c4a632,3,13,1,f,772c3e,2021-02-14T16:29:26.131Z
e83aa3,5,32,1,f,772c3e,2021-02-14T16:29:26.131Z
d5e9a6,2,23,1,f,772c3e,2021-02-14T16:29:26.131Z
5d267b,4,40,1,f,772c3e,2021-02-14T16:29:26.131Z
c8d436,4,10,1,f,772c3e,2021-02-14T16:29:26.131Z
e83aa3,5,32,3,t,1e63c2,2021-01-01T15:29:21.350Z
d5e9a6,4,23,3,t,1e63c2,2021-01-01T15:29:21.350Z
72f5d4,5,19,3,t,1e63c2,2021-01-01T15:29:21.350Z
2feb6b,4,29,3,t,1e63c2,2021-01-01T15:29:21.350Z
c4a632,2,13,24,t,df946d,2021-01-27T17:10:33.888Z
e83aa3,2,32,24,t,df946d,2021-01-27T17:10:33.888Z
e31d39,3,10,24,t,df946d,2021-01-27T17:10:33.888Z
d5e9a6,2,23,24,t,df946d,2021-01-27T17:10:33.888Z
72f5d4,1,19,24,t,df946d,2021-01-27T17:10:33.888Z
5d267b,3,40,24,t,df946d,2021-01-27T17:10:33.888Z
f084eb,4,36,24,t,df946d,2021-01-27T17:10:33.888Z
b9a74d,2,17,24,t,df946d,2021-01-27T17:10:33.888Z
c4a632,2,13,17,f,179aea,2021-02-17T18:51:00.720Z
e83aa3,2,32,17,f,179aea,2021-02-17T18:51:00.720Z
e31d39,2,10,17,f,179aea,2021-02-17T18:51:00.720Z
d5e9a6,2,23,17,f,179aea,2021-02-17T18:51:00.720Z
72f5d4,4,19,17,f,179aea,2021-02-17T18:51:00.720Z
9ec847,4,54,17,f,179aea,2021-02-17T18:51:00.720Z
5d267b,2,40,17,f,179aea,2021-02-17T18:51:00.720Z
2a2353,3,57,17,f,179aea,2021-02-17T18:51:00.720Z
f084eb,1,36,17,f,179aea,2021-02-17T18:51:00.720Z
c4a632,3,13,15,t,4948b8,2021-03-11T18:08:41.510Z
e83aa3,2,32,15,t,4948b8,2021-03-11T18:08:41.510Z
9ec847,3,54,15,t,4948b8,2021-03-11T18:08:41.510Z
c8d436,5,10,15,t,4948b8,2021-03-11T18:08:41.510Z
f084eb,2,36,15,t,4948b8,2021-03-11T18:08:41.510Z
e83aa3,1,32,8,t,7d2e57,2021-01-13T14:28:41.059Z
72f5d4,1,19,8,t,7d2e57,2021-01-13T14:28:41.059Z
c8d436,2,10,8,t,7d2e57,2021-01-13T14:28:41.059Z
2a2353,3,57,8,t,7d2e57,2021-01-13T14:28:41.059Z
f084eb,3,36,8,t,7d2e57,2021-01-13T14:28:41.059Z
b9a74d,4,17,8,t,7d2e57,2021-01-13T14:28:41.059Z
e31d39,5,10,24,f,7d8253,2021-02-26T12:19:50.332Z
d5e9a6,5,23,24,f,7d8253,2021-02-26T12:19:50.332Z
72f5d4,3,19,24,f,7d8253,2021-02-26T12:19:50.332Z
9ec847,5,54,24,f,7d8253,2021-02-26T12:19:50.332Z
c8d436,4,10,24,f,7d8253,2021-02-26T12:19:50.332Z
2a2353,3,57,24,f,7d8253,2021-02-26T12:19:50.332Z
b9a74d,3,17,24,f,7d8253,2021-02-26T12:19:50.332Z
2feb6b,4,29,24,f,7d8253,2021-02-26T12:19:50.332Z
e31d39,5,10,13,f,5081d1,2021-02-21T14:04:10.012Z
d5e9a6,1,23,13,f,5081d1,2021-02-21T14:04:10.012Z
72f5d4,1,19,13,f,5081d1,2021-02-21T14:04:10.012Z
2a2353,3,57,13,f,5081d1,2021-02-21T14:04:10.012Z
f084eb,4,36,13,f,5081d1,2021-02-21T14:04:10.012Z
b9a74d,4,17,13,f,5081d1,2021-02-21T14:04:10.012Z
2feb6b,1,29,13,f,5081d1,2021-02-21T14:04:10.012Z
c4a632,4,13,20,t,50224,2021-02-01T20:14:31.401Z
e83aa3,1,32,20,t,50224,2021-02-01T20:14:31.401Z
e31d39,5,10,20,t,50224,2021-02-01T20:14:31.401Z
72f5d4,2,19,20,t,50224,2021-02-01T20:14:31.401Z
9ec847,4,54,20,t,50224,2021-02-01T20:14:31.401Z
c8d436,1,10,20,t,50224,2021-02-01T20:14:31.401Z
2a2353,5,57,20,t,50224,2021-02-01T20:14:31.401Z
b9a74d,2,17,20,t,50224,2021-02-01T20:14:31.401Z
d5e9a6,4,23,22,f,b04d4c,2021-02-14T06:55:51.456Z
9ec847,4,54,22,f,b04d4c,2021-02-14T06:55:51.456Z
5d267b,1,40,22,f,b04d4c,2021-02-14T06:55:51.456Z
f084eb,2,36,22,f,b04d4c,2021-02-14T06:55:51.456Z
2feb6b,1,29,22,f,b04d4c,2021-02-14T06:55:51.456Z
e83aa3,2,32,11,t,b82519,2021-01-18T01:57:45.792Z
e31d39,3,10,11,t,b82519,2021-01-18T01:57:45.792Z
9ec847,4,54,11,t,b82519,2021-01-18T01:57:45.792Z
5d267b,2,40,11,t,b82519,2021-01-18T01:57:45.792Z
c8d436,1,10,11,t,b82519,2021-01-18T01:57:45.792Z
f084eb,5,36,11,t,b82519,2021-01-18T01:57:45.792Z
e83aa3,4,32,2,t,51d80d,2021-02-09T07:58:05.923Z
d5e9a6,3,23,2,t,51d80d,2021-02-09T07:58:05.923Z
9ec847,3,54,2,t,51d80d,2021-02-09T07:58:05.923Z
5d267b,3,40,2,t,51d80d,2021-02-09T07:58:05.923Z
f084eb,1,36,2,t,51d80d,2021-02-09T07:58:05.923Z
2feb6b,3,29,2,t,51d80d,2021-02-09T07:58:05.923Z
c4a632,3,13,6,t,d61e0c,2021-01-04T12:33:14.112Z
e83aa3,2,32,6,t,d61e0c,2021-01-04T12:33:14.112Z
72f5d4,5,19,6,t,d61e0c,2021-01-04T12:33:14.112Z
9ec847,3,54,6,t,d61e0c,2021-01-04T12:33:14.112Z
5d267b,2,40,6,t,d61e0c,2021-01-04T12:33:14.112Z
2a2353,3,57,6,t,d61e0c,2021-01-04T12:33:14.112Z
c4a632,5,13,7,t,9b1ec5,2021-03-13T13:03:10.368Z
e83aa3,3,32,7,t,9b1ec5,2021-03-13T13:03:10.368Z
c8d436,3,10,7,t,9b1ec5,2021-03-13T13:03:10.368Z
c4a632,2,13,6,t,f5da64,2021-03-28T19:22:22.944Z
e83aa3,4,32,6,t,f5da64,2021-03-28T19:22:22.944Z
d5e9a6,3,23,6,t,f5da64,2021-03-28T19:22:22.944Z
72f5d4,1,19,6,t,f5da64,2021-03-28T19:22:22.944Z
9ec847,2,54,6,t,f5da64,2021-03-28T19:22:22.944Z
2a2353,3,57,6,t,f5da64,2021-03-28T19:22:22.944Z
f084eb,2,36,6,t,f5da64,2021-03-28T19:22:22.944Z
b9a74d,2,17,6,t,f5da64,2021-03-28T19:22:22.944Z
c4a632,4,13,18,t,11dd98,2021-03-01T15:21:48.614Z
d5e9a6,3,23,18,t,11dd98,2021-03-01T15:21:48.614Z
72f5d4,2,19,18,t,11dd98,2021-03-01T15:21:48.614Z
9ec847,3,54,18,t,11dd98,2021-03-01T15:21:48.614Z
c8d436,3,10,18,t,11dd98,2021-03-01T15:21:48.614Z
2feb6b,4,29,18,t,11dd98,2021-03-01T15:21:48.614Z
e83aa3,4,32,7,f,2ad3c6,2021-03-11T00:14:31.603Z
72f5d4,2,19,7,f,2ad3c6,2021-03-11T00:14:31.603Z
9ec847,5,54,7,f,2ad3c6,2021-03-11T00:14:31.603Z
2a2353,1,57,7,f,2ad3c6,2021-03-11T00:14:31.603Z
f084eb,1,36,7,f,2ad3c6,2021-03-11T00:14:31.603Z
b9a74d,3,17,7,f,2ad3c6,2021-03-11T00:14:31.603Z
d5e9a6,4,23,14,f,fc88bb,2021-03-05T13:11:46.262Z
72f5d4,1,19,14,f,fc88bb,2021-03-05T13:11:46.262Z
5d267b,1,40,14,f,fc88bb,2021-03-05T13:11:46.262Z
f084eb,1,36,14,f,fc88bb,2021-03-05T13:11:46.262Z
b9a74d,5,17,14,f,fc88bb,2021-03-05T13:11:46.262Z
2feb6b,3,29,14,f,fc88bb,2021-03-05T13:11:46.262Z
c4a632,3,13,7,f,606c47,2021-01-03T15:58:23.952Z
9ec847,4,54,7,f,606c47,2021-01-03T15:58:23.952Z
f084eb,3,36,7,f,606c47,2021-01-03T15:58:23.952Z
b9a74d,5,17,7,f,606c47,2021-01-03T15:58:23.952Z
c4a632,3,13,10,f,d2790d,2021-03-05T04:00:34.761Z
e83aa3,5,32,10,f,d2790d,2021-03-05T04:00:34.761Z
d5e9a6,3,23,10,f,d2790d,2021-03-05T04:00:34.761Z
72f5d4,5,19,10,f,d2790d,2021-03-05T04:00:34.761Z
5d267b,5,40,10,f,d2790d,2021-03-05T04:00:34.761Z
f084eb,4,36,10,f,d2790d,2021-03-05T04:00:34.761Z
b9a74d,3,17,10,f,d2790d,2021-03-05T04:00:34.761Z
2feb6b,1,29,10,f,d2790d,2021-03-05T04:00:34.761Z
c4a632,3,13,3,f,03bd23,2021-03-16T21:11:45.888Z
e83aa3,2,32,3,f,03bd23,2021-03-16T21:11:45.888Z
e31d39,4,10,3,f,03bd23,2021-03-16T21:11:45.888Z
d5e9a6,3,23,3,f,03bd23,2021-03-16T21:11:45.888Z
72f5d4,1,19,3,f,03bd23,2021-03-16T21:11:45.888Z
c8d436,5,10,3,f,03bd23,2021-03-16T21:11:45.888Z
2a2353,2,57,3,f,03bd23,2021-03-16T21:11:45.888Z
f084eb,1,36,3,f,03bd23,2021-03-16T21:11:45.888Z
e83aa3,5,32,8,f,6d6259,2021-03-04T20:29:57.436Z
9ec847,4,54,8,f,6d6259,2021-03-04T20:29:57.436Z
c8d436,4,10,8,f,6d6259,2021-03-04T20:29:57.436Z
2a2353,5,57,8,f,6d6259,2021-03-04T20:29:57.436Z
b9a74d,3,17,8,f,6d6259,2021-03-04T20:29:57.436Z
2feb6b,3,29,8,f,6d6259,2021-03-04T20:29:57.436Z
c4a632,3,13,3,t,42b808,2021-01-18T23:32:52.828Z
e83aa3,4,32,3,t,42b808,2021-01-18T23:32:52.828Z
5d267b,3,40,3,t,42b808,2021-01-18T23:32:52.828Z
c8d436,4,10,3,t,42b808,2021-01-18T23:32:52.828Z
b9a74d,2,17,3,t,42b808,2021-01-18T23:32:52.828Z
2feb6b,3,29,3,t,42b808,2021-01-18T23:32:52.828Z
e31d39,4,10,12,t,bb3eb2,2021-02-20T05:18:29.001Z
72f5d4,5,19,12,t,bb3eb2,2021-02-20T05:18:29.001Z
9ec847,5,54,12,t,bb3eb2,2021-02-20T05:18:29.001Z
5d267b,5,40,12,t,bb3eb2,2021-02-20T05:18:29.001Z
2a2353,1,57,12,t,bb3eb2,2021-02-20T05:18:29.001Z
b9a74d,1,17,12,t,bb3eb2,2021-02-20T05:18:29.001Z
2feb6b,5,29,12,t,bb3eb2,2021-02-20T05:18:29.001Z
c4a632,5,13,17,t,1414a1,2021-01-20T10:15:46.800Z
e83aa3,1,32,17,t,1414a1,2021-01-20T10:15:46.800Z
72f5d4,5,19,17,t,1414a1,2021-01-20T10:15:46.800Z
9ec847,2,54,17,t,1414a1,2021-01-20T10:15:46.800Z
5d267b,5,40,17,t,1414a1,2021-01-20T10:15:46.800Z
2feb6b,4,29,17,t,1414a1,2021-01-20T10:15:46.800Z
72f5d4,2,19,2,t,80a785,2021-03-02T12:52:09.840Z
5d267b,1,40,2,t,80a785,2021-03-02T12:52:09.840Z
b9a74d,3,17,2,t,80a785,2021-03-02T12:52:09.840Z
2feb6b,4,29,2,t,80a785,2021-03-02T12:52:09.840Z
c4a632,3,13,22,t,1c09b9,2021-02-19T23:15:40.176Z
e83aa3,3,32,22,t,1c09b9,2021-02-19T23:15:40.176Z
e31d39,5,10,22,t,1c09b9,2021-02-19T23:15:40.176Z
d5e9a6,1,23,22,t,1c09b9,2021-02-19T23:15:40.176Z
72f5d4,2,19,22,t,1c09b9,2021-02-19T23:15:40.176Z
c8d436,5,10,22,t,1c09b9,2021-02-19T23:15:40.176Z
2a2353,5,57,22,t,1c09b9,2021-02-19T23:15:40.176Z
f084eb,3,36,22,t,1c09b9,2021-02-19T23:15:40.176Z
b9a74d,2,17,22,t,1c09b9,2021-02-19T23:15:40.176Z
c4a632,2,13,8,f,74798b,2021-01-26T14:55:26.544Z
e83aa3,2,32,8,f,74798b,2021-01-26T14:55:26.544Z
d5e9a6,4,23,8,f,74798b,2021-01-26T14:55:26.544Z
b9a74d,3,17,8,f,74798b,2021-01-26T14:55:26.544Z
2feb6b,3,29,8,f,74798b,2021-01-26T14:55:26.544Z
e83aa3,4,32,9,f,ba3c30,2021-02-04T13:33:57.686Z
d5e9a6,5,23,9,f,ba3c30,2021-02-04T13:33:57.686Z
2a2353,4,57,9,f,ba3c30,2021-02-04T13:33:57.686Z
c4a632,1,13,17,t,20a328,2021-02-27T02:41:09.715Z
d5e9a6,2,23,17,t,20a328,2021-02-27T02:41:09.715Z
c8d436,4,10,17,t,20a328,2021-02-27T02:41:09.715Z
2a2353,5,57,17,t,20a328,2021-02-27T02:41:09.715Z
b9a74d,1,17,17,t,20a328,2021-02-27T02:41:09.715Z
c4a632,3,13,20,f,eeb94e,2021-01-20T22:44:07.238Z
e31d39,1,10,20,f,eeb94e,2021-01-20T22:44:07.238Z
d5e9a6,2,23,20,f,eeb94e,2021-01-20T22:44:07.238Z
5d267b,5,40,20,f,eeb94e,2021-01-20T22:44:07.238Z
c8d436,1,10,20,f,eeb94e,2021-01-20T22:44:07.238Z
2a2353,1,57,20,f,eeb94e,2021-01-20T22:44:07.238Z
f084eb,3,36,20,f,eeb94e,2021-01-20T22:44:07.238Z
c4a632,3,13,5,f,4c4d74,2021-01-10T07:07:25.248Z
e31d39,1,10,5,f,4c4d74,2021-01-10T07:07:25.248Z
5d267b,3,40,5,f,4c4d74,2021-01-10T07:07:25.248Z
e83aa3,5,32,15,f,2ad393,2021-02-20T09:23:55.449Z
e31d39,4,10,15,f,2ad393,2021-02-20T09:23:55.449Z
d5e9a6,2,23,15,f,2ad393,2021-02-20T09:23:55.449Z
5d267b,4,40,15,f,2ad393,2021-02-20T09:23:55.449Z
c8d436,3,10,15,f,2ad393,2021-02-20T09:23:55.449Z
2a2353,4,57,15,f,2ad393,2021-02-20T09:23:55.449Z
f084eb,3,36,15,f,2ad393,2021-02-20T09:23:55.449Z
2feb6b,1,29,15,f,2ad393,2021-02-20T09:23:55.449Z
e31d39,2,10,18,t,fa233b,2021-01-18T01:12:04.233Z
d5e9a6,5,23,18,t,fa233b,2021-01-18T01:12:04.233Z
72f5d4,1,19,18,t,fa233b,2021-01-18T01:12:04.233Z
c8d436,5,10,18,t,fa233b,2021-01-18T01:12:04.233Z
2a2353,1,57,18,t,fa233b,2021-01-18T01:12:04.233Z
b9a74d,3,17,18,t,fa233b,2021-01-18T01:12:04.233Z
2feb6b,1,29,18,t,fa233b,2021-01-18T01:12:04.233Z
d5e9a6,4,23,5,f,412e2f,2021-02-14T01:19:44.745Z
5d267b,5,40,5,f,412e2f,2021-02-14T01:19:44.745Z
c8d436,2,10,5,f,412e2f,2021-02-14T01:19:44.745Z
2feb6b,2,29,5,f,412e2f,2021-02-14T01:19:44.745Z
c4a632,4,13,20,f,3205c0,2021-02-11T07:06:23.212Z
e83aa3,3,32,20,f,3205c0,2021-02-11T07:06:23.212Z
e31d39,2,10,20,f,3205c0,2021-02-11T07:06:23.212Z
72f5d4,1,19,20,f,3205c0,2021-02-11T07:06:23.212Z
2a2353,4,57,20,f,3205c0,2021-02-11T07:06:23.212Z
2feb6b,3,29,20,f,3205c0,2021-02-11T07:06:23.212Z
e31d39,2,10,23,t,59fbf3,2021-01-20T06:02:19.881Z
d5e9a6,3,23,23,t,59fbf3,2021-01-20T06:02:19.881Z
72f5d4,2,19,23,t,59fbf3,2021-01-20T06:02:19.881Z
5d267b,2,40,23,t,59fbf3,2021-01-20T06:02:19.881Z
2feb6b,2,29,23,t,59fbf3,2021-01-20T06:02:19.881Z
e83aa3,1,32,18,t,49c5ec,2021-01-04T16:18:17.481Z
e31d39,1,10,18,t,49c5ec,2021-01-04T16:18:17.481Z
5d267b,3,40,18,t,49c5ec,2021-01-04T16:18:17.481Z
c8d436,2,10,18,t,49c5ec,2021-01-04T16:18:17.481Z
2a2353,4,57,18,t,49c5ec,2021-01-04T16:18:17.481Z
f084eb,5,36,18,t,49c5ec,2021-01-04T16:18:17.481Z
b9a74d,2,17,18,t,49c5ec,2021-01-04T16:18:17.481Z
2feb6b,4,29,18,t,49c5ec,2021-01-04T16:18:17.481Z
e31d39,4,10,0,t,a7a569,2021-02-21T17:33:54.864Z
9ec847,1,54,0,t,a7a569,2021-02-21T17:33:54.864Z
5d267b,2,40,0,t,a7a569,2021-02-21T17:33:54.864Z
2a2353,3,57,0,t,a7a569,2021-02-21T17:33:54.864Z
f084eb,1,36,0,t,a7a569,2021-02-21T17:33:54.864Z
b9a74d,5,17,0,t,a7a569,2021-02-21T17:33:54.864Z
2feb6b,5,29,0,t,a7a569,2021-02-21T17:33:54.864Z
c4a632,4,13,21,t,16b38d,2021-01-28T00:50:03.868Z
e83aa3,4,32,21,t,16b38d,2021-01-28T00:50:03.868Z
e31d39,2,10,21,t,16b38d,2021-01-28T00:50:03.868Z
72f5d4,3,19,21,t,16b38d,2021-01-28T00:50:03.868Z
9ec847,1,54,21,t,16b38d,2021-01-28T00:50:03.868Z
c8d436,1,10,21,t,16b38d,2021-01-28T00:50:03.868Z
2a2353,2,57,21,t,16b38d,2021-01-28T00:50:03.868Z
b9a74d,5,17,21,t,16b38d,2021-01-28T00:50:03.868Z
2feb6b,1,29,21,t,16b38d,2021-01-28T00:50:03.868Z
e83aa3,2,32,2,f,4f898a,2021-02-14T12:16:07.507Z
e31d39,1,10,2,f,4f898a,2021-02-14T12:16:07.507Z
d5e9a6,3,23,2,f,4f898a,2021-02-14T12:16:07.507Z
72f5d4,3,19,2,f,4f898a,2021-02-14T12:16:07.507Z
9ec847,3,54,2,f,4f898a,2021-02-14T12:16:07.507Z
c8d436,5,10,2,f,4f898a,2021-02-14T12:16:07.507Z
2a2353,5,57,2,f,4f898a,2021-02-14T12:16:07.507Z
b9a74d,2,17,2,f,4f898a,2021-02-14T12:16:07.507Z
2feb6b,2,29,2,f,4f898a,2021-02-14T12:16:07.507Z
c4a632,4,13,21,t,c4d0c7,2021-03-22T01:22:05.145Z
e31d39,1,10,21,t,c4d0c7,2021-03-22T01:22:05.145Z
5d267b,1,40,21,t,c4d0c7,2021-03-22T01:22:05.145Z
c4a632,3,13,8,t,b9e883,2021-01-24T10:44:55.622Z
e83aa3,3,32,8,t,b9e883,2021-01-24T10:44:55.622Z
9ec847,5,54,8,t,b9e883,2021-01-24T10:44:55.622Z
5d267b,2,40,8,t,b9e883,2021-01-24T10:44:55.622Z
f084eb,5,36,8,t,b9e883,2021-01-24T10:44:55.622Z
b9a74d,3,17,8,t,b9e883,2021-01-24T10:44:55.622Z
c8d436,3,10,12,f,4ca300,2021-01-01T04:43:44.515Z
f084eb,2,36,12,f,4ca300,2021-01-01T04:43:44.515Z
c4a632,1,13,13,t,0c8f56,2021-01-07T00:38:12.019Z
e83aa3,5,32,13,t,0c8f56,2021-01-07T00:38:12.019Z
d5e9a6,2,23,13,t,0c8f56,2021-01-07T00:38:12.019Z
72f5d4,4,19,13,t,0c8f56,2021-01-07T00:38:12.019Z
9ec847,1,54,13,t,0c8f56,2021-01-07T00:38:12.019Z
c8d436,2,10,13,t,0c8f56,2021-01-07T00:38:12.019Z
2a2353,3,57,13,t,0c8f56,2021-01-07T00:38:12.019Z
b9a74d,5,17,13,t,0c8f56,2021-01-07T00:38:12.019Z
c4a632,5,13,11,t,a99e75,2021-03-30T21:58:52.723Z
e83aa3,4,32,11,t,a99e75,2021-03-30T21:58:52.723Z
e31d39,1,10,11,t,a99e75,2021-03-30T21:58:52.723Z
9ec847,5,54,11,t,a99e75,2021-03-30T21:58:52.723Z
c8d436,2,10,11,t,a99e75,2021-03-30T21:58:52.723Z
2a2353,4,57,11,t,a99e75,2021-03-30T21:58:52.723Z
2feb6b,3,29,11,t,a99e75,2021-03-30T21:58:52.723Z
72f5d4,4,19,11,t,36d480,2021-03-25T01:14:59.193Z
9ec847,2,54,11,t,36d480,2021-03-25T01:14:59.193Z
c8d436,4,10,11,t,36d480,2021-03-25T01:14:59.193Z
2a2353,2,57,11,t,36d480,2021-03-25T01:14:59.193Z
f084eb,3,36,11,t,36d480,2021-03-25T01:14:59.193Z
b9a74d,5,17,11,t,36d480,2021-03-25T01:14:59.193Z
c4a632,3,13,8,f,5fa147,2021-03-19T18:49:42.528Z
5d267b,3,40,8,f,5fa147,2021-03-19T18:49:42.528Z
c8d436,3,10,8,f,5fa147,2021-03-19T18:49:42.528Z
2a2353,4,57,8,f,5fa147,2021-03-19T18:49:42.528Z
2feb6b,1,29,8,f,5fa147,2021-03-19T18:49:42.528Z
e31d39,4,10,0,f,eec15e,2021-03-10T18:08:58.099Z
72f5d4,5,19,0,f,eec15e,2021-03-10T18:08:58.099Z
f084eb,3,36,0,f,eec15e,2021-03-10T18:08:58.099Z
b9a74d,4,17,0,f,eec15e,2021-03-10T18:08:58.099Z
2feb6b,2,29,0,f,eec15e,2021-03-10T18:08:58.099Z
e31d39,5,10,21,t,ed70b1,2021-02-02T10:30:00.259Z
d5e9a6,2,23,21,t,ed70b1,2021-02-02T10:30:00.259Z
72f5d4,3,19,21,t,ed70b1,2021-02-02T10:30:00.259Z
9ec847,1,54,21,t,ed70b1,2021-02-02T10:30:00.259Z
c8d436,2,10,21,t,ed70b1,2021-02-02T10:30:00.259Z
2a2353,3,57,21,t,ed70b1,2021-02-02T10:30:00.259Z
2feb6b,4,29,21,t,ed70b1,2021-02-02T10:30:00.259Z
c4a632,5,13,1,t,a117ef,2021-02-04T03:18:48.816Z
5d267b,2,40,1,t,a117ef,2021-02-04T03:18:48.816Z
2a2353,5,57,1,t,a117ef,2021-02-04T03:18:48.816Z
f084eb,1,36,1,t,a117ef,2021-02-04T03:18:48.816Z
2feb6b,1,29,1,t,a117ef,2021-02-04T03:18:48.816Z
e31d39,4,10,7,t,affdfb,2021-02-23T17:32:43.497Z
d5e9a6,1,23,7,t,affdfb,2021-02-23T17:32:43.497Z
72f5d4,5,19,7,t,affdfb,2021-02-23T17:32:43.497Z
5d267b,5,40,7,t,affdfb,2021-02-23T17:32:43.497Z
2a2353,5,57,7,t,affdfb,2021-02-23T17:32:43.497Z
2feb6b,1,29,7,t,affdfb,2021-02-23T17:32:43.497Z
e83aa3,3,32,11,t,e71957,2021-03-09T01:07:39.158Z
e31d39,2,10,11,t,e71957,2021-03-09T01:07:39.158Z
72f5d4,1,19,11,t,e71957,2021-03-09T01:07:39.158Z
2a2353,4,57,11,t,e71957,2021-03-09T01:07:39.158Z
b9a74d,3,17,11,t,e71957,2021-03-09T01:07:39.158Z
c4a632,4,13,9,t,5ab7b3,2021-02-11T03:10:23.462Z
d5e9a6,4,23,9,t,5ab7b3,2021-02-11T03:10:23.462Z
72f5d4,2,19,9,t,5ab7b3,2021-02-11T03:10:23.462Z
f084eb,2,36,9,t,5ab7b3,2021-02-11T03:10:23.462Z
b9a74d,3,17,9,t,5ab7b3,2021-02-11T03:10:23.462Z
2feb6b,1,29,9,t,5ab7b3,2021-02-11T03:10:23.462Z
e31d39,5,10,3,t,4118b6,2021-03-19T02:11:19.161Z
d5e9a6,3,23,3,t,4118b6,2021-03-19T02:11:19.161Z
2a2353,4,57,3,t,4118b6,2021-03-19T02:11:19.161Z
2feb6b,3,29,3,t,4118b6,2021-03-19T02:11:19.161Z
e31d39,1,10,7,t,048ac6,2021-02-06T14:45:57.686Z
d5e9a6,3,23,7,t,048ac6,2021-02-06T14:45:57.686Z
9ec847,5,54,7,t,048ac6,2021-02-06T14:45:57.686Z
b9a74d,2,17,7,t,048ac6,2021-02-06T14:45:57.686Z
2feb6b,2,29,7,t,048ac6,2021-02-06T14:45:57.686Z
c4a632,2,13,14,t,1bdf0e,2021-03-06T23:53:57.897Z
e31d39,2,10,14,t,1bdf0e,2021-03-06T23:53:57.897Z
72f5d4,1,19,14,t,1bdf0e,2021-03-06T23:53:57.897Z
5d267b,3,40,14,t,1bdf0e,2021-03-06T23:53:57.897Z
c8d436,1,10,14,t,1bdf0e,2021-03-06T23:53:57.897Z
2a2353,5,57,14,t,1bdf0e,2021-03-06T23:53:57.897Z
f084eb,5,36,14,t,1bdf0e,2021-03-06T23:53:57.897Z
b9a74d,1,17,14,t,1bdf0e,2021-03-06T23:53:57.897Z
2feb6b,3,29,14,t,1bdf0e,2021-03-06T23:53:57.897Z
c4a632,2,13,23,t,900168,2021-03-05T01:52:05.289Z
d5e9a6,3,23,23,t,900168,2021-03-05T01:52:05.289Z
5d267b,2,40,23,t,900168,2021-03-05T01:52:05.289Z
c8d436,3,10,23,t,900168,2021-03-05T01:52:05.289Z
f084eb,5,36,23,t,900168,2021-03-05T01:52:05.289Z
2feb6b,4,29,23,t,900168,2021-03-05T01:52:05.289Z
c4a632,4,13,18,t,fd55db,2021-03-24T12:07:50.966Z
e83aa3,2,32,18,t,fd55db,2021-03-24T12:07:50.966Z
e31d39,1,10,18,t,fd55db,2021-03-24T12:07:50.966Z
5d267b,1,40,18,t,fd55db,2021-03-24T12:07:50.966Z
c8d436,3,10,18,t,fd55db,2021-03-24T12:07:50.966Z
f084eb,1,36,18,t,fd55db,2021-03-24T12:07:50.966Z
b9a74d,1,17,18,t,fd55db,2021-03-24T12:07:50.966Z
c4a632,5,13,14,f,813eb0,2021-01-03T13:53:17.347Z
e83aa3,3,32,14,f,813eb0,2021-01-03T13:53:17.347Z
72f5d4,3,19,14,f,813eb0,2021-01-03T13:53:17.347Z
c8d436,1,10,14,f,813eb0,2021-01-03T13:53:17.347Z
2a2353,2,57,14,f,813eb0,2021-01-03T13:53:17.347Z
f084eb,5,36,14,f,813eb0,2021-01-03T13:53:17.347Z
2feb6b,3,29,14,f,813eb0,2021-01-03T13:53:17.347Z
e31d39,1,10,24,t,73d11a,2021-03-30T23:14:50.409Z
2feb6b,3,29,24,t,73d11a,2021-03-30T23:14:50.409Z
72f5d4,5,19,2,f,943863,2021-02-26T01:11:14.208Z
c8d436,2,10,2,f,943863,2021-02-26T01:11:14.208Z
f084eb,3,36,2,f,943863,2021-02-26T01:11:14.208Z
2feb6b,4,29,2,f,943863,2021-02-26T01:11:14.208Z
c4a632,1,13,5,t,ab937e,2021-01-11T19:48:35.251Z
d5e9a6,3,23,5,t,ab937e,2021-01-11T19:48:35.251Z
9ec847,5,54,5,t,ab937e,2021-01-11T19:48:35.251Z
c8d436,5,10,5,t,ab937e,2021-01-11T19:48:35.251Z
f084eb,4,36,5,t,ab937e,2021-01-11T19:48:35.251Z
b9a74d,4,17,5,t,ab937e,2021-01-11T19:48:35.251Z
e83aa3,5,32,9,t,b76a54,2021-03-26T08:52:31.756Z
d5e9a6,5,23,9,t,b76a54,2021-03-26T08:52:31.756Z
9ec847,2,54,9,t,b76a54,2021-03-26T08:52:31.756Z
5d267b,2,40,9,t,b76a54,2021-03-26T08:52:31.756Z
2a2353,2,57,9,t,b76a54,2021-03-26T08:52:31.756Z
f084eb,3,36,9,t,b76a54,2021-03-26T08:52:31.756Z
b9a74d,5,17,9,t,b76a54,2021-03-26T08:52:31.756Z
2feb6b,1,29,9,t,b76a54,2021-03-26T08:52:31.756Z
c4a632,5,13,24,f,4c2b8a,2021-03-20T13:36:38.563Z
e31d39,4,10,24,f,4c2b8a,2021-03-20T13:36:38.563Z
5d267b,4,40,24,f,4c2b8a,2021-03-20T13:36:38.563Z
2a2353,4,57,24,f,4c2b8a,2021-03-20T13:36:38.563Z
f084eb,4,36,24,f,4c2b8a,2021-03-20T13:36:38.563Z
c4a632,3,13,5,t,d24953,2021-02-05T04:18:29.577Z
d5e9a6,4,23,5,t,d24953,2021-02-05T04:18:29.577Z
72f5d4,3,19,5,t,d24953,2021-02-05T04:18:29.577Z
f084eb,3,36,5,t,d24953,2021-02-05T04:18:29.577Z
b9a74d,2,17,5,t,d24953,2021-02-05T04:18:29.577Z
2feb6b,3,29,5,t,d24953,2021-02-05T04:18:29.577Z
c4a632,2,13,19,t,130865,2021-02-06T21:57:29.260Z
e83aa3,3,32,19,t,130865,2021-02-06T21:57:29.260Z
e31d39,3,10,19,t,130865,2021-02-06T21:57:29.260Z
d5e9a6,4,23,19,t,130865,2021-02-06T21:57:29.260Z
72f5d4,1,19,19,t,130865,2021-02-06T21:57:29.260Z
9ec847,4,54,19,t,130865,2021-02-06T21:57:29.260Z
5d267b,5,40,19,t,130865,2021-02-06T21:57:29.260Z
c8d436,3,10,19,t,130865,2021-02-06T21:57:29.260Z
2a2353,3,57,19,t,130865,2021-02-06T21:57:29.260Z
f084eb,5,36,19,t,130865,2021-02-06T21:57:29.260Z
9ec847,4,54,4,f,e48cee,2021-02-22T23:29:10.435Z
5d267b,5,40,4,f,e48cee,2021-02-22T23:29:10.435Z
c8d436,4,10,4,f,e48cee,2021-02-22T23:29:10.435Z
f084eb,5,36,4,f,e48cee,2021-02-22T23:29:10.435Z
b9a74d,4,17,4,f,e48cee,2021-02-22T23:29:10.435Z
e31d39,2,10,17,t,23187b,2021-01-12T22:45:33.033Z
d5e9a6,4,23,17,t,23187b,2021-01-12T22:45:33.033Z
2a2353,3,57,17,t,23187b,2021-01-12T22:45:33.033Z
f084eb,1,36,17,t,23187b,2021-01-12T22:45:33.033Z
b9a74d,2,17,17,t,23187b,2021-01-12T22:45:33.033Z
c4a632,2,13,22,f,070f2f,2021-03-05T14:14:11.529Z
e83aa3,3,32,22,f,070f2f,2021-03-05T14:14:11.529Z
72f5d4,2,19,22,f,070f2f,2021-03-05T14:14:11.529Z
5d267b,4,40,22,f,070f2f,2021-03-05T14:14:11.529Z
f084eb,3,36,22,f,070f2f,2021-03-05T14:14:11.529Z
2feb6b,2,29,22,f,070f2f,2021-03-05T14:14:11.529Z
c4a632,3,13,19,f,b41490,2021-02-10T22:49:40.310Z
e83aa3,3,32,19,f,b41490,2021-02-10T22:49:40.310Z
72f5d4,2,19,19,f,b41490,2021-02-10T22:49:40.310Z
9ec847,1,54,19,f,b41490,2021-02-10T22:49:40.310Z
5d267b,4,40,19,f,b41490,2021-02-10T22:49:40.310Z
2a2353,1,57,19,f,b41490,2021-02-10T22:49:40.310Z
d5e9a6,1,23,0,t,9bac23,2021-03-19T00:18:51.235Z
72f5d4,4,19,0,t,9bac23,2021-03-19T00:18:51.235Z
9ec847,5,54,0,t,9bac23,2021-03-19T00:18:51.235Z
c8d436,3,10,0,t,9bac23,2021-03-19T00:18:51.235Z
b9a74d,1,17,0,t,9bac23,2021-03-19T00:18:51.235Z
2feb6b,4,29,0,t,9bac23,2021-03-19T00:18:51.235Z
e83aa3,4,32,14,f,994f62,2021-03-19T17:43:46.272Z
e31d39,2,10,14,f,994f62,2021-03-19T17:43:46.272Z
d5e9a6,3,23,14,f,994f62,2021-03-19T17:43:46.272Z
72f5d4,2,19,14,f,994f62,2021-03-19T17:43:46.272Z
9ec847,1,54,14,f,994f62,2021-03-19T17:43:46.272Z
5d267b,5,40,14,f,994f62,2021-03-19T17:43:46.272Z
2feb6b,3,29,14,f,994f62,2021-03-19T17:43:46.272Z
c4a632,2,13,23,f,06ef6c,2021-03-02T10:25:42.441Z
e31d39,2,10,23,f,06ef6c,2021-03-02T10:25:42.441Z
5d267b,3,40,23,f,06ef6c,2021-03-02T10:25:42.441Z
2a2353,4,57,23,f,06ef6c,2021-03-02T10:25:42.441Z
f084eb,4,36,23,f,06ef6c,2021-03-02T10:25:42.441Z
2feb6b,3,29,23,f,06ef6c,2021-03-02T10:25:42.441Z
c4a632,1,13,20,t,f39b02,2021-03-09T15:48:43.430Z
9ec847,4,54,20,t,f39b02,2021-03-09T15:48:43.430Z
5d267b,1,40,20,t,f39b02,2021-03-09T15:48:43.430Z
2a2353,4,57,20,t,f39b02,2021-03-09T15:48:43.430Z
c4a632,1,13,6,t,78057a,2021-02-06T01:38:21.379Z
e83aa3,3,32,6,t,78057a,2021-02-06T01:38:21.379Z
e31d39,4,10,6,t,78057a,2021-02-06T01:38:21.379Z
d5e9a6,4,23,6,t,78057a,2021-02-06T01:38:21.379Z
72f5d4,1,19,6,t,78057a,2021-02-06T01:38:21.379Z
c8d436,2,10,6,t,78057a,2021-02-06T01:38:21.379Z
b9a74d,4,17,6,t,78057a,2021-02-06T01:38:21.379Z
c4a632,1,13,1,t,2215fe,2021-03-14T21:31:38.121Z
e31d39,1,10,1,t,2215fe,2021-03-14T21:31:38.121Z
d5e9a6,3,23,1,t,2215fe,2021-03-14T21:31:38.121Z
5d267b,1,40,1,t,2215fe,2021-03-14T21:31:38.121Z
c8d436,4,10,1,t,2215fe,2021-03-14T21:31:38.121Z
2a2353,2,57,1,t,2215fe,2021-03-14T21:31:38.121Z
f084eb,1,36,1,t,2215fe,2021-03-14T21:31:38.121Z
2feb6b,1,29,1,t,2215fe,2021-03-14T21:31:38.121Z
c4a632,5,13,16,t,7674bf,2021-02-20T19:22:53.529Z
d5e9a6,1,23,16,t,7674bf,2021-02-20T19:22:53.529Z
9ec847,2,54,16,t,7674bf,2021-02-20T19:22:53.529Z
2a2353,4,57,16,t,7674bf,2021-02-20T19:22:53.529Z
b9a74d,2,17,16,t,7674bf,2021-02-20T19:22:53.529Z
2feb6b,3,29,16,t,7674bf,2021-02-20T19:22:53.529Z
c4a632,4,13,9,t,c57894,2021-01-18T20:41:55.248Z
e83aa3,3,32,9,t,c57894,2021-01-18T20:41:55.248Z
72f5d4,4,19,9,t,c57894,2021-01-18T20:41:55.248Z
5d267b,4,40,9,t,c57894,2021-01-18T20:41:55.248Z
c8d436,4,10,9,t,c57894,2021-01-18T20:41:55.248Z
f084eb,5,36,9,t,c57894,2021-01-18T20:41:55.248Z
2feb6b,5,29,9,t,c57894,2021-01-18T20:41:55.248Z
c4a632,2,13,9,t,5ba484,2021-01-28T19:49:28.041Z
e31d39,5,10,9,t,5ba484,2021-01-28T19:49:28.041Z
d5e9a6,3,23,9,t,5ba484,2021-01-28T19:49:28.041Z
9ec847,5,54,9,t,5ba484,2021-01-28T19:49:28.041Z
2a2353,2,57,9,t,5ba484,2021-01-28T19:49:28.041Z
2feb6b,4,29,9,t,5ba484,2021-01-28T19:49:28.041Z
c4a632,5,13,18,t,ef16db,2021-01-03T01:23:12.019Z
e31d39,5,10,18,t,ef16db,2021-01-03T01:23:12.019Z
d5e9a6,5,23,18,t,ef16db,2021-01-03T01:23:12.019Z
72f5d4,5,19,18,t,ef16db,2021-01-03T01:23:12.019Z
9ec847,5,54,18,t,ef16db,2021-01-03T01:23:12.019Z
c8d436,3,10,18,t,ef16db,2021-01-03T01:23:12.019Z
2a2353,3,57,18,t,ef16db,2021-01-03T01:23:12.019Z
f084eb,3,36,18,t,ef16db,2021-01-03T01:23:12.019Z
c4a632,3,13,19,t,370718,2021-02-07T07:13:51.542Z
72f5d4,3,19,19,t,370718,2021-02-07T07:13:51.542Z
5d267b,5,40,19,t,370718,2021-02-07T07:13:51.542Z
b9a74d,2,17,19,t,370718,2021-02-07T07:13:51.542Z
c4a632,1,13,2,t,900afc,2021-03-03T15:10:31.670Z
e83aa3,4,32,2,t,900afc,2021-03-03T15:10:31.670Z
72f5d4,2,19,2,t,900afc,2021-03-03T15:10:31.670Z
9ec847,3,54,2,t,900afc,2021-03-03T15:10:31.670Z
5d267b,4,40,2,t,900afc,2021-03-03T15:10:31.670Z
f084eb,2,36,2,t,900afc,2021-03-03T15:10:31.670Z
b9a74d,1,17,2,t,900afc,2021-03-03T15:10:31.670Z
2feb6b,2,29,2,t,900afc,2021-03-03T15:10:31.670Z
c4a632,3,13,7,t,ed7ee1,2021-02-27T01:45:45.734Z
e83aa3,1,32,7,t,ed7ee1,2021-02-27T01:45:45.734Z
e31d39,1,10,7,t,ed7ee1,2021-02-27T01:45:45.734Z
72f5d4,4,19,7,t,ed7ee1,2021-02-27T01:45:45.734Z
5d267b,1,40,7,t,ed7ee1,2021-02-27T01:45:45.734Z
c8d436,2,10,7,t,ed7ee1,2021-02-27T01:45:45.734Z
f084eb,2,36,7,t,ed7ee1,2021-02-27T01:45:45.734Z
c4a632,2,13,2,t,045ac5,2021-01-22T10:52:24.038Z
e83aa3,5,32,2,t,045ac5,2021-01-22T10:52:24.038Z
72f5d4,5,19,2,t,045ac5,2021-01-22T10:52:24.038Z
9ec847,2,54,2,t,045ac5,2021-01-22T10:52:24.038Z
5d267b,4,40,2,t,045ac5,2021-01-22T10:52:24.038Z
c8d436,4,10,2,t,045ac5,2021-01-22T10:52:24.038Z
f084eb,5,36,2,t,045ac5,2021-01-22T10:52:24.038Z
c4a632,3,13,0,t,acd495,2021-03-02T20:21:36.230Z
5d267b,3,40,0,t,acd495,2021-03-02T20:21:36.230Z
f084eb,1,36,0,t,acd495,2021-03-02T20:21:36.230Z
b9a74d,4,17,0,t,acd495,2021-03-02T20:21:36.230Z
c4a632,4,13,10,t,e3778a,2021-02-09T22:42:44.380Z
e83aa3,2,32,10,t,e3778a,2021-02-09T22:42:44.380Z
e31d39,3,10,10,t,e3778a,2021-02-09T22:42:44.380Z
d5e9a6,5,23,10,t,e3778a,2021-02-09T22:42:44.380Z
9ec847,2,54,10,t,e3778a,2021-02-09T22:42:44.380Z
5d267b,5,40,10,t,e3778a,2021-02-09T22:42:44.380Z
c8d436,2,10,10,t,e3778a,2021-02-09T22:42:44.380Z
f084eb,4,36,10,t,e3778a,2021-02-09T22:42:44.380Z
b9a74d,1,17,10,t,e3778a,2021-02-09T22:42:44.380Z
2feb6b,1,29,10,t,e3778a,2021-02-09T22:42:44.380Z
c4a632,4,13,12,f,695db1,2021-02-03T20:11:05.078Z
e83aa3,3,32,12,f,695db1,2021-02-03T20:11:05.078Z
e31d39,1,10,12,f,695db1,2021-02-03T20:11:05.078Z
d5e9a6,2,23,12,f,695db1,2021-02-03T20:11:05.078Z
72f5d4,5,19,12,f,695db1,2021-02-03T20:11:05.078Z
c8d436,1,10,12,f,695db1,2021-02-03T20:11:05.078Z
2a2353,2,57,12,f,695db1,2021-02-03T20:11:05.078Z
b9a74d,4,17,12,f,695db1,2021-02-03T20:11:05.078Z
2feb6b,1,29,12,f,695db1,2021-02-03T20:11:05.078Z
e31d39,5,10,8,f,881150,2021-02-23T17:37:14.707Z
d5e9a6,3,23,8,f,881150,2021-02-23T17:37:14.707Z
72f5d4,4,19,8,f,881150,2021-02-23T17:37:14.707Z
5d267b,4,40,8,f,881150,2021-02-23T17:37:14.707Z
2a2353,1,57,8,f,881150,2021-02-23T17:37:14.707Z
b9a74d,3,17,8,f,881150,2021-02-23T17:37:14.707Z
2feb6b,2,29,8,f,881150,2021-02-23T17:37:14.707Z
c4a632,5,13,13,f,1e8cb6,2021-03-26T13:32:38.889Z
e31d39,4,10,13,f,1e8cb6,2021-03-26T13:32:38.889Z
d5e9a6,5,23,13,f,1e8cb6,2021-03-26T13:32:38.889Z
5d267b,5,40,13,f,1e8cb6,2021-03-26T13:32:38.889Z
2a2353,3,57,13,f,1e8cb6,2021-03-26T13:32:38.889Z
b9a74d,3,17,13,f,1e8cb6,2021-03-26T13:32:38.889Z
c4a632,5,13,8,t,0c978a,2021-02-21T04:23:42.864Z
e83aa3,1,32,8,t,0c978a,2021-02-21T04:23:42.864Z
e31d39,2,10,8,t,0c978a,2021-02-21T04:23:42.864Z
d5e9a6,1,23,8,t,0c978a,2021-02-21T04:23:42.864Z
72f5d4,3,19,8,t,0c978a,2021-02-21T04:23:42.864Z
5d267b,3,40,8,t,0c978a,2021-02-21T04:23:42.864Z
f084eb,3,36,8,t,0c978a,2021-02-21T04:23:42.864Z
e31d39,3,10,1,t,415564,2021-02-17T10:45:19.036Z
d5e9a6,1,23,1,t,415564,2021-02-17T10:45:19.036Z
9ec847,2,54,1,t,415564,2021-02-17T10:45:19.036Z
2a2353,4,57,1,t,415564,2021-02-17T10:45:19.036Z
f084eb,2,36,1,t,415564,2021-02-17T10:45:19.036Z
b9a74d,3,17,1,t,415564,2021-02-17T10:45:19.036Z
e83aa3,3,32,8,f,27ed38,2021-01-10T14:15:21.772Z
d5e9a6,1,23,8,f,27ed38,2021-01-10T14:15:21.772Z
72f5d4,3,19,8,f,27ed38,2021-01-10T14:15:21.772Z
9ec847,1,54,8,f,27ed38,2021-01-10T14:15:21.772Z
b9a74d,4,17,8,f,27ed38,2021-01-10T14:15:21.772Z
2feb6b,1,29,8,f,27ed38,2021-01-10T14:15:21.772Z
e83aa3,2,32,6,t,26af36,2021-01-13T18:09:04.406Z
e31d39,2,10,6,t,26af36,2021-01-13T18:09:04.406Z
72f5d4,2,19,6,t,26af36,2021-01-13T18:09:04.406Z
5d267b,4,40,6,t,26af36,2021-01-13T18:09:04.406Z
2a2353,1,57,6,t,26af36,2021-01-13T18:09:04.406Z
e31d39,4,10,11,t,0d7f88,2021-02-02T11:06:13.392Z
d5e9a6,2,23,11,t,0d7f88,2021-02-02T11:06:13.392Z
9ec847,3,54,11,t,0d7f88,2021-02-02T11:06:13.392Z
c8d436,3,10,11,t,0d7f88,2021-02-02T11:06:13.392Z
b9a74d,3,17,11,t,0d7f88,2021-02-02T11:06:13.392Z
2feb6b,3,29,11,t,0d7f88,2021-02-02T11:06:13.392Z
72f5d4,1,19,15,f,3a4ec7,2021-03-19T14:14:40.041Z
9ec847,5,54,15,f,3a4ec7,2021-03-19T14:14:40.041Z
2a2353,2,57,15,f,3a4ec7,2021-03-19T14:14:40.041Z
2feb6b,5,29,15,f,3a4ec7,2021-03-19T14:14:40.041Z
c4a632,5,13,9,t,6236b0,2021-02-22T12:18:21.945Z
e31d39,2,10,9,t,6236b0,2021-02-22T12:18:21.945Z
d5e9a6,3,23,9,t,6236b0,2021-02-22T12:18:21.945Z
72f5d4,4,19,9,t,6236b0,2021-02-22T12:18:21.945Z
2a2353,4,57,9,t,6236b0,2021-02-22T12:18:21.945Z
2feb6b,2,29,9,t,6236b0,2021-02-22T12:18:21.945Z
c4a632,1,13,8,t,e828a6,2021-03-21T19:46:19.603Z
e31d39,4,10,8,t,e828a6,2021-03-21T19:46:19.603Z
c8d436,5,10,8,t,e828a6,2021-03-21T19:46:19.603Z
b9a74d,1,17,8,t,e828a6,2021-03-21T19:46:19.603Z
2feb6b,4,29,8,t,e828a6,2021-03-21T19:46:19.603Z
c4a632,5,13,21,t,d02d6f,2021-02-09T11:37:19.632Z
e83aa3,5,32,21,t,d02d6f,2021-02-09T11:37:19.632Z
c8d436,1,10,21,t,d02d6f,2021-02-09T11:37:19.632Z
2a2353,4,57,21,t,d02d6f,2021-02-09T11:37:19.632Z
f084eb,4,36,21,t,d02d6f,2021-02-09T11:37:19.632Z
c4a632,3,13,15,t,a94c9e,2021-02-15T19:08:32.726Z
e83aa3,5,32,15,t,a94c9e,2021-02-15T19:08:32.726Z
e31d39,4,10,15,t,a94c9e,2021-02-15T19:08:32.726Z
9ec847,1,54,15,t,a94c9e,2021-02-15T19:08:32.726Z
f084eb,5,36,15,t,a94c9e,2021-02-15T19:08:32.726Z
2feb6b,4,29,15,t,a94c9e,2021-02-15T19:08:32.726Z
c4a632,2,13,1,f,4cd9af,2021-03-02T09:26:59.481Z
e83aa3,3,32,1,f,4cd9af,2021-03-02T09:26:59.481Z
2a2353,1,57,1,f,4cd9af,2021-03-02T09:26:59.481Z
f084eb,2,36,1,f,4cd9af,2021-03-02T09:26:59.481Z
b9a74d,4,17,1,f,4cd9af,2021-03-02T09:26:59.481Z
e83aa3,5,32,7,t,8f588b,2021-02-10T04:17:56.400Z
c8d436,4,10,7,t,8f588b,2021-02-10T04:17:56.400Z
2a2353,1,57,7,t,8f588b,2021-02-10T04:17:56.400Z
f084eb,4,36,7,t,8f588b,2021-02-10T04:17:56.400Z
b9a74d,4,17,7,t,8f588b,2021-02-10T04:17:56.400Z
2feb6b,4,29,7,t,8f588b,2021-02-10T04:17:56.400Z
c4a632,5,13,22,t,eacbe0,2021-03-28T02:56:04.473Z
d5e9a6,4,23,22,t,eacbe0,2021-03-28T02:56:04.473Z
9ec847,2,54,22,t,eacbe0,2021-03-28T02:56:04.473Z
5d267b,1,40,22,t,eacbe0,2021-03-28T02:56:04.473Z
c8d436,1,10,22,t,eacbe0,2021-03-28T02:56:04.473Z
b9a74d,5,17,22,t,eacbe0,2021-03-28T02:56:04.473Z
2feb6b,5,29,22,t,eacbe0,2021-03-28T02:56:04.473Z
e83aa3,5,32,15,f,60c108,2021-02-14T16:58:39.964Z
e31d39,4,10,15,f,60c108,2021-02-14T16:58:39.964Z
d5e9a6,5,23,15,f,60c108,2021-02-14T16:58:39.964Z
72f5d4,3,19,15,f,60c108,2021-02-14T16:58:39.964Z
9ec847,4,54,15,f,60c108,2021-02-14T16:58:39.964Z
2a2353,5,57,15,f,60c108,2021-02-14T16:58:39.964Z
b9a74d,5,17,15,f,60c108,2021-02-14T16:58:39.964Z
2feb6b,4,29,15,f,60c108,2021-02-14T16:58:39.964Z
c4a632,1,13,13,t,a61774,2021-01-17T22:01:35.241Z
e31d39,1,10,13,t,a61774,2021-01-17T22:01:35.241Z
d5e9a6,3,23,13,t,a61774,2021-01-17T22:01:35.241Z
72f5d4,5,19,13,t,a61774,2021-01-17T22:01:35.241Z
9ec847,3,54,13,t,a61774,2021-01-17T22:01:35.241Z
c8d436,4,10,13,t,a61774,2021-01-17T22:01:35.241Z
2a2353,3,57,13,t,a61774,2021-01-17T22:01:35.241Z
f084eb,1,36,13,t,a61774,2021-01-17T22:01:35.241Z
b9a74d,4,17,13,t,a61774,2021-01-17T22:01:35.241Z
c4a632,2,13,9,f,1406ad,2021-03-24T10:50:20.659Z
e83aa3,5,32,9,f,1406ad,2021-03-24T10:50:20.659Z
d5e9a6,4,23,9,f,1406ad,2021-03-24T10:50:20.659Z
72f5d4,1,19,9,f,1406ad,2021-03-24T10:50:20.659Z
9ec847,2,54,9,f,1406ad,2021-03-24T10:50:20.659Z
5d267b,3,40,9,f,1406ad,2021-03-24T10:50:20.659Z
2a2353,2,57,9,f,1406ad,2021-03-24T10:50:20.659Z
b9a74d,1,17,9,f,1406ad,2021-03-24T10:50:20.659Z
2feb6b,4,29,9,f,1406ad,2021-03-24T10:50:20.659Z
c4a632,4,13,4,f,085ec2,2021-02-16T02:34:01.948Z
e31d39,1,10,4,f,085ec2,2021-02-16T02:34:01.948Z
72f5d4,1,19,4,f,085ec2,2021-02-16T02:34:01.948Z
5d267b,2,40,4,f,085ec2,2021-02-16T02:34:01.948Z
c8d436,2,10,4,f,085ec2,2021-02-16T02:34:01.948Z
f084eb,2,36,4,f,085ec2,2021-02-16T02:34:01.948Z
2feb6b,4,29,4,f,085ec2,2021-02-16T02:34:01.948Z
c4a632,1,13,15,t,90d24b,2021-02-08T14:41:34.684Z
e83aa3,4,32,15,t,90d24b,2021-02-08T14:41:34.684Z
9ec847,3,54,15,t,90d24b,2021-02-08T14:41:34.684Z
5d267b,4,40,15,t,90d24b,2021-02-08T14:41:34.684Z
2a2353,5,57,15,t,90d24b,2021-02-08T14:41:34.684Z
b9a74d,3,17,15,t,90d24b,2021-02-08T14:41:34.684Z
2feb6b,4,29,15,t,90d24b,2021-02-08T14:41:34.684Z
e83aa3,1,32,20,t,1f7aee,2021-03-26T20:31:06.211Z
e31d39,3,10,20,t,1f7aee,2021-03-26T20:31:06.211Z
d5e9a6,4,23,20,t,1f7aee,2021-03-26T20:31:06.211Z
c8d436,2,10,20,t,1f7aee,2021-03-26T20:31:06.211Z
2a2353,3,57,20,t,1f7aee,2021-03-26T20:31:06.211Z
f084eb,5,36,20,t,1f7aee,2021-03-26T20:31:06.211Z
e83aa3,2,32,9,f,adc9ff,2021-01-22T23:42:08.467Z
9ec847,1,54,9,f,adc9ff,2021-01-22T23:42:08.467Z
5d267b,1,40,9,f,adc9ff,2021-01-22T23:42:08.467Z
2feb6b,5,29,9,f,adc9ff,2021-01-22T23:42:08.467Z
c4a632,5,13,8,f,3c0476,2021-01-06T13:16:26.889Z
e83aa3,4,32,8,f,3c0476,2021-01-06T13:16:26.889Z
72f5d4,4,19,8,f,3c0476,2021-01-06T13:16:26.889Z
5d267b,5,40,8,f,3c0476,2021-01-06T13:16:26.889Z
c4a632,5,13,12,f,70a86e,2021-02-14T12:09:07.948Z
e83aa3,2,32,12,f,70a86e,2021-02-14T12:09:07.948Z
e31d39,4,10,12,f,70a86e,2021-02-14T12:09:07.948Z
c8d436,4,10,12,f,70a86e,2021-02-14T12:09:07.948Z
2a2353,5,57,12,f,70a86e,2021-02-14T12:09:07.948Z
f084eb,3,36,12,f,70a86e,2021-02-14T12:09:07.948Z
c4a632,2,13,8,f,fb2750,2021-01-09T13:48:35.856Z
d5e9a6,4,23,8,f,fb2750,2021-01-09T13:48:35.856Z
72f5d4,1,19,8,f,fb2750,2021-01-09T13:48:35.856Z
9ec847,5,54,8,f,fb2750,2021-01-09T13:48:35.856Z
5d267b,1,40,8,f,fb2750,2021-01-09T13:48:35.856Z
c8d436,2,10,8,f,fb2750,2021-01-09T13:48:35.856Z
2a2353,1,57,8,f,fb2750,2021-01-09T13:48:35.856Z
f084eb,4,36,8,f,fb2750,2021-01-09T13:48:35.856Z
2feb6b,4,29,8,f,fb2750,2021-01-09T13:48:35.856Z
c4a632,4,13,17,t,943c42,2021-03-03T14:37:19.286Z
72f5d4,5,19,17,t,943c42,2021-03-03T14:37:19.286Z
5d267b,2,40,17,t,943c42,2021-03-03T14:37:19.286Z
2a2353,4,57,17,t,943c42,2021-03-03T14:37:19.286Z
2feb6b,3,29,17,t,943c42,2021-03-03T14:37:19.286Z
c4a632,5,13,11,t,f9018d,2021-03-24T10:26:32.121Z
d5e9a6,2,23,11,t,f9018d,2021-03-24T10:26:32.121Z
2feb6b,3,29,11,t,f9018d,2021-03-24T10:26:32.121Z
e31d39,4,10,2,f,5243f4,2021-02-13T15:53:47.212Z
d5e9a6,1,23,2,f,5243f4,2021-02-13T15:53:47.212Z
72f5d4,1,19,2,f,5243f4,2021-02-13T15:53:47.212Z
9ec847,3,54,2,f,5243f4,2021-02-13T15:53:47.212Z
2feb6b,4,29,2,f,5243f4,2021-02-13T15:53:47.212Z
c4a632,3,13,20,t,056aa8,2021-01-13T04:16:34.838Z
e31d39,2,10,20,t,056aa8,2021-01-13T04:16:34.838Z
d5e9a6,2,23,20,t,056aa8,2021-01-13T04:16:34.838Z
72f5d4,2,19,20,t,056aa8,2021-01-13T04:16:34.838Z
9ec847,5,54,20,t,056aa8,2021-01-13T04:16:34.838Z
f084eb,4,36,20,t,056aa8,2021-01-13T04:16:34.838Z
c4a632,3,13,14,f,d74987,2021-02-16T15:39:57.340Z
e83aa3,4,32,14,f,d74987,2021-02-16T15:39:57.340Z
d5e9a6,5,23,14,f,d74987,2021-02-16T15:39:57.340Z
72f5d4,1,19,14,f,d74987,2021-02-16T15:39:57.340Z
9ec847,2,54,14,f,d74987,2021-02-16T15:39:57.340Z
5d267b,2,40,14,f,d74987,2021-02-16T15:39:57.340Z
f084eb,3,36,14,f,d74987,2021-02-16T15:39:57.340Z
b9a74d,2,17,14,f,d74987,2021-02-16T15:39:57.340Z
e83aa3,4,32,14,f,f72bd2,2021-02-11T12:02:14.352Z
d5e9a6,5,23,14,f,f72bd2,2021-02-11T12:02:14.352Z
72f5d4,4,19,14,f,f72bd2,2021-02-11T12:02:14.352Z
c8d436,4,10,14,f,f72bd2,2021-02-11T12:02:14.352Z
f084eb,3,36,14,f,f72bd2,2021-02-11T12:02:14.352Z
b9a74d,1,17,14,f,f72bd2,2021-02-11T12:02:14.352Z
e83aa3,1,32,8,t,a275de,2021-03-04T15:47:38.630Z
e31d39,4,10,8,t,a275de,2021-03-04T15:47:38.630Z
d5e9a6,5,23,8,t,a275de,2021-03-04T15:47:38.630Z
72f5d4,2,19,8,t,a275de,2021-03-04T15:47:38.630Z
c8d436,1,10,8,t,a275de,2021-03-04T15:47:38.630Z
2a2353,2,57,8,t,a275de,2021-03-04T15:47:38.630Z
f084eb,5,36,8,t,a275de,2021-03-04T15:47:38.630Z
b9a74d,3,17,8,t,a275de,2021-03-04T15:47:38.630Z
2feb6b,5,29,8,t,a275de,2021-03-04T15:47:38.630Z
c4a632,5,13,19,t,3e7158,2021-01-06T00:01:33.744Z
e83aa3,1,32,19,t,3e7158,2021-01-06T00:01:33.744Z
72f5d4,1,19,19,t,3e7158,2021-01-06T00:01:33.744Z
9ec847,1,54,19,t,3e7158,2021-01-06T00:01:33.744Z
f084eb,1,36,19,t,3e7158,2021-01-06T00:01:33.744Z
b9a74d,1,17,19,t,3e7158,2021-01-06T00:01:33.744Z
2feb6b,2,29,19,t,3e7158,2021-01-06T00:01:33.744Z
c4a632,3,13,14,t,2f2ade,2021-02-11T13:41:37.507Z
e31d39,4,10,14,t,2f2ade,2021-02-11T13:41:37.507Z
72f5d4,4,19,14,t,2f2ade,2021-02-11T13:41:37.507Z
9ec847,3,54,14,t,2f2ade,2021-02-11T13:41:37.507Z
f084eb,3,36,14,t,2f2ade,2021-02-11T13:41:37.507Z
e31d39,3,10,2,f,9720ab,2021-02-13T13:29:34.512Z
72f5d4,1,19,2,f,9720ab,2021-02-13T13:29:34.512Z
b9a74d,5,17,2,f,9720ab,2021-02-13T13:29:34.512Z
c4a632,5,13,18,t,a36a6f,2021-02-09T16:13:18.710Z
e83aa3,4,32,18,t,a36a6f,2021-02-09T16:13:18.710Z
9ec847,4,54,18,t,a36a6f,2021-02-09T16:13:18.710Z
2a2353,1,57,18,t,a36a6f,2021-02-09T16:13:18.710Z
2feb6b,1,29,18,t,a36a6f,2021-02-09T16:13:18.710Z
d5e9a6,5,23,9,t,d5a822,2021-02-02T08:45:58.723Z
72f5d4,3,19,9,t,d5a822,2021-02-02T08:45:58.723Z
9ec847,2,54,9,t,d5a822,2021-02-02T08:45:58.723Z
f084eb,3,36,9,t,d5a822,2021-02-02T08:45:58.723Z
b9a74d,1,17,9,t,d5a822,2021-02-02T08:45:58.723Z
2feb6b,2,29,9,t,d5a822,2021-02-02T08:45:58.723Z
c4a632,4,13,11,t,231138,2021-03-17T08:21:38.304Z
d5e9a6,3,23,11,t,231138,2021-03-17T08:21:38.304Z
72f5d4,4,19,11,t,231138,2021-03-17T08:21:38.304Z
9ec847,4,54,11,t,231138,2021-03-17T08:21:38.304Z
f084eb,5,36,11,t,231138,2021-03-17T08:21:38.304Z
b9a74d,1,17,11,t,231138,2021-03-17T08:21:38.304Z
2feb6b,3,29,11,t,231138,2021-03-17T08:21:38.304Z
e31d39,5,10,9,t,ce62e0,2021-03-23T23:24:09.763Z
72f5d4,5,19,9,t,ce62e0,2021-03-23T23:24:09.763Z
9ec847,4,54,9,t,ce62e0,2021-03-23T23:24:09.763Z
2a2353,5,57,9,t,ce62e0,2021-03-23T23:24:09.763Z
f084eb,3,36,9,t,ce62e0,2021-03-23T23:24:09.763Z
d5e9a6,1,23,19,t,2ccdda,2021-01-26T13:11:58.963Z
72f5d4,1,19,19,t,2ccdda,2021-01-26T13:11:58.963Z
9ec847,3,54,19,t,2ccdda,2021-01-26T13:11:58.963Z
5d267b,4,40,19,t,2ccdda,2021-01-26T13:11:58.963Z
c8d436,3,10,19,t,2ccdda,2021-01-26T13:11:58.963Z
c4a632,1,13,6,f,d2abce,2021-03-26T17:59:00.988Z
e83aa3,1,32,6,f,d2abce,2021-03-26T17:59:00.988Z
e31d39,1,10,6,f,d2abce,2021-03-26T17:59:00.988Z
72f5d4,4,19,6,f,d2abce,2021-03-26T17:59:00.988Z
9ec847,1,54,6,f,d2abce,2021-03-26T17:59:00.988Z
5d267b,5,40,6,f,d2abce,2021-03-26T17:59:00.988Z
c8d436,1,10,6,f,d2abce,2021-03-26T17:59:00.988Z
2a2353,2,57,6,f,d2abce,2021-03-26T17:59:00.988Z
b9a74d,4,17,6,f,d2abce,2021-03-26T17:59:00.988Z
2feb6b,1,29,6,f,d2abce,2021-03-26T17:59:00.988Z
e83aa3,4,32,11,t,078b69,2021-03-06T06:53:15.417Z
72f5d4,2,19,11,t,078b69,2021-03-06T06:53:15.417Z
9ec847,1,54,11,t,078b69,2021-03-06T06:53:15.417Z
5d267b,2,40,11,t,078b69,2021-03-06T06:53:15.417Z
2a2353,4,57,11,t,078b69,2021-03-06T06:53:15.417Z
f084eb,3,36,11,t,078b69,2021-03-06T06:53:15.417Z
2feb6b,4,29,11,t,078b69,2021-03-06T06:53:15.417Z
e31d39,4,10,6,t,7aaa37,2021-03-09T14:03:51.955Z
72f5d4,1,19,6,t,7aaa37,2021-03-09T14:03:51.955Z
c8d436,2,10,6,t,7aaa37,2021-03-09T14:03:51.955Z
2a2353,2,57,6,t,7aaa37,2021-03-09T14:03:51.955Z
f084eb,4,36,6,t,7aaa37,2021-03-09T14:03:51.955Z
2feb6b,5,29,6,t,7aaa37,2021-03-09T14:03:51.955Z
c4a632,2,13,5,f,39499a,2021-03-26T04:57:29.376Z
d5e9a6,4,23,5,f,39499a,2021-03-26T04:57:29.376Z
72f5d4,4,19,5,f,39499a,2021-03-26T04:57:29.376Z
5d267b,3,40,5,f,39499a,2021-03-26T04:57:29.376Z
2a2353,4,57,5,f,39499a,2021-03-26T04:57:29.376Z
b9a74d,2,17,5,f,39499a,2021-03-26T04:57:29.376Z
2feb6b,4,29,5,f,39499a,2021-03-26T04:57:29.376Z
c4a632,4,13,2,t,caf1a1,2021-03-06T08:46:47.971Z
e31d39,2,10,2,t,caf1a1,2021-03-06T08:46:47.971Z
d5e9a6,3,23,2,t,caf1a1,2021-03-06T08:46:47.971Z
72f5d4,4,19,2,t,caf1a1,2021-03-06T08:46:47.971Z
9ec847,5,54,2,t,caf1a1,2021-03-06T08:46:47.971Z
f084eb,1,36,2,t,caf1a1,2021-03-06T08:46:47.971Z
b9a74d,4,17,2,t,caf1a1,2021-03-06T08:46:47.971Z
c4a632,4,13,12,t,c34495,2021-03-22T07:13:44.544Z
e31d39,1,10,12,t,c34495,2021-03-22T07:13:44.544Z
d5e9a6,4,23,12,t,c34495,2021-03-22T07:13:44.544Z
5d267b,2,40,12,t,c34495,2021-03-22T07:13:44.544Z
c8d436,4,10,12,t,c34495,2021-03-22T07:13:44.544Z
2a2353,4,57,12,t,c34495,2021-03-22T07:13:44.544Z
f084eb,1,36,12,t,c34495,2021-03-22T07:13:44.544Z
c4a632,2,13,24,t,f61ae9,2021-03-16T22:16:30.172Z
e31d39,3,10,24,t,f61ae9,2021-03-16T22:16:30.172Z
f084eb,3,36,24,t,f61ae9,2021-03-16T22:16:30.172Z
b9a74d,1,17,24,t,f61ae9,2021-03-16T22:16:30.172Z
e83aa3,3,32,17,t,99b8bd,2021-01-28T21:36:13.824Z
72f5d4,5,19,17,t,99b8bd,2021-01-28T21:36:13.824Z
c8d436,4,10,17,t,99b8bd,2021-01-28T21:36:13.824Z
2a2353,3,57,17,t,99b8bd,2021-01-28T21:36:13.824Z
f084eb,3,36,17,t,99b8bd,2021-01-28T21:36:13.824Z
b9a74d,3,17,17,t,99b8bd,2021-01-28T21:36:13.824Z
c4a632,3,13,24,t,b59649,2021-02-01T23:33:34.214Z
72f5d4,1,19,24,t,b59649,2021-02-01T23:33:34.214Z
9ec847,5,54,24,t,b59649,2021-02-01T23:33:34.214Z
5d267b,1,40,24,t,b59649,2021-02-01T23:33:34.214Z
f084eb,2,36,24,t,b59649,2021-02-01T23:33:34.214Z
b9a74d,4,17,24,t,b59649,2021-02-01T23:33:34.214Z
2feb6b,2,29,24,t,b59649,2021-02-01T23:33:34.214Z
d5e9a6,1,23,12,f,4329aa,2021-03-02T10:21:58.924Z
72f5d4,2,19,12,f,4329aa,2021-03-02T10:21:58.924Z
9ec847,4,54,12,f,4329aa,2021-03-02T10:21:58.924Z
2feb6b,2,29,12,f,4329aa,2021-03-02T10:21:58.924Z
9ec847,5,54,21,f,b31af4,2021-02-02T13:56:06.345Z
5d267b,5,40,21,f,b31af4,2021-02-02T13:56:06.345Z
c8d436,5,10,21,f,b31af4,2021-02-02T13:56:06.345Z
f084eb,5,36,21,f,b31af4,2021-02-02T13:56:06.345Z
d5e9a6,1,23,9,t,07cbb2,2021-02-20T02:36:12.499Z
72f5d4,2,19,9,t,07cbb2,2021-02-20T02:36:12.499Z
9ec847,1,54,9,t,07cbb2,2021-02-20T02:36:12.499Z
2a2353,5,57,9,t,07cbb2,2021-02-20T02:36:12.499Z
f084eb,2,36,9,t,07cbb2,2021-02-20T02:36:12.499Z
b9a74d,1,17,9,t,07cbb2,2021-02-20T02:36:12.499Z
2feb6b,5,29,9,t,07cbb2,2021-02-20T02:36:12.499Z
e83aa3,4,32,9,t,b26ce7,2021-01-05T22:52:45.379Z
e31d39,1,10,9,t,b26ce7,2021-01-05T22:52:45.379Z
d5e9a6,3,23,9,t,b26ce7,2021-01-05T22:52:45.379Z
2a2353,5,57,9,t,b26ce7,2021-01-05T22:52:45.379Z
2feb6b,1,29,9,t,b26ce7,2021-01-05T22:52:45.379Z
c4a632,4,13,22,f,eca309,2021-03-01T09:56:08.563Z
e31d39,4,10,22,f,eca309,2021-03-01T09:56:08.563Z
72f5d4,3,19,22,f,eca309,2021-03-01T09:56:08.563Z
9ec847,5,54,22,f,eca309,2021-03-01T09:56:08.563Z
c8d436,2,10,22,f,eca309,2021-03-01T09:56:08.563Z
b9a74d,2,17,22,f,eca309,2021-03-01T09:56:08.563Z
e31d39,2,10,21,t,acb582,2021-02-15T11:19:21.100Z
d5e9a6,3,23,21,t,acb582,2021-02-15T11:19:21.100Z
9ec847,5,54,21,t,acb582,2021-02-15T11:19:21.100Z
5d267b,4,40,21,t,acb582,2021-02-15T11:19:21.100Z
2a2353,4,57,21,t,acb582,2021-02-15T11:19:21.100Z
f084eb,2,36,21,t,acb582,2021-02-15T11:19:21.100Z
e31d39,1,10,2,t,aa7de2,2021-03-09T01:41:47.875Z
d5e9a6,4,23,2,t,aa7de2,2021-03-09T01:41:47.875Z
9ec847,5,54,2,t,aa7de2,2021-03-09T01:41:47.875Z
5d267b,5,40,2,t,aa7de2,2021-03-09T01:41:47.875Z
c8d436,1,10,2,t,aa7de2,2021-03-09T01:41:47.875Z
2a2353,1,57,2,t,aa7de2,2021-03-09T01:41:47.875Z
c4a632,2,13,2,t,27bbbf,2021-02-18T12:26:30.019Z
e83aa3,2,32,2,t,27bbbf,2021-02-18T12:26:30.019Z
d5e9a6,5,23,2,t,27bbbf,2021-02-18T12:26:30.019Z
72f5d4,4,19,2,t,27bbbf,2021-02-18T12:26:30.019Z
9ec847,3,54,2,t,27bbbf,2021-02-18T12:26:30.019Z
c8d436,4,10,2,t,27bbbf,2021-02-18T12:26:30.019Z
2a2353,2,57,2,t,27bbbf,2021-02-18T12:26:30.019Z
b9a74d,5,17,2,t,27bbbf,2021-02-18T12:26:30.019Z
2feb6b,2,29,2,t,27bbbf,2021-02-18T12:26:30.019Z
c4a632,5,13,0,f,f77659,2021-02-28T14:57:23.788Z
e83aa3,4,32,0,f,f77659,2021-02-28T14:57:23.788Z
d5e9a6,4,23,0,f,f77659,2021-02-28T14:57:23.788Z
72f5d4,4,19,0,f,f77659,2021-02-28T14:57:23.788Z
9ec847,3,54,0,f,f77659,2021-02-28T14:57:23.788Z
5d267b,2,40,0,f,f77659,2021-02-28T14:57:23.788Z
c8d436,4,10,0,f,f77659,2021-02-28T14:57:23.788Z
2a2353,4,57,0,f,f77659,2021-02-28T14:57:23.788Z
b9a74d,1,17,0,f,f77659,2021-02-28T14:57:23.788Z
e83aa3,5,32,6,t,5fe95f,2021-03-17T04:02:02.025Z
e31d39,4,10,6,t,5fe95f,2021-03-17T04:02:02.025Z
d5e9a6,4,23,6,t,5fe95f,2021-03-17T04:02:02.025Z
5d267b,5,40,6,t,5fe95f,2021-03-17T04:02:02.025Z
f084eb,5,36,6,t,5fe95f,2021-03-17T04:02:02.025Z
b9a74d,2,17,6,t,5fe95f,2021-03-17T04:02:02.025Z
2feb6b,5,29,6,t,5fe95f,2021-03-17T04:02:02.025Z
c4a632,4,13,13,t,0ee964,2021-02-05T08:13:59.174Z
72f5d4,2,19,13,t,0ee964,2021-02-05T08:13:59.174Z
5d267b,1,40,13,t,0ee964,2021-02-05T08:13:59.174Z
c8d436,2,10,13,t,0ee964,2021-02-05T08:13:59.174Z
2feb6b,4,29,13,t,0ee964,2021-02-05T08:13:59.174Z
c4a632,1,13,10,f,22841e,2021-03-30T18:48:03.686Z
e31d39,2,10,10,f,22841e,2021-03-30T18:48:03.686Z
72f5d4,4,19,10,f,22841e,2021-03-30T18:48:03.686Z
2a2353,4,57,10,f,22841e,2021-03-30T18:48:03.686Z
f084eb,4,36,10,f,22841e,2021-03-30T18:48:03.686Z
e83aa3,5,32,7,f,5488eb,2021-03-18T01:52:25.680Z
e31d39,2,10,7,f,5488eb,2021-03-18T01:52:25.680Z
72f5d4,2,19,7,f,5488eb,2021-03-18T01:52:25.680Z
9ec847,4,54,7,f,5488eb,2021-03-18T01:52:25.680Z
5d267b,2,40,7,f,5488eb,2021-03-18T01:52:25.680Z
f084eb,4,36,7,f,5488eb,2021-03-18T01:52:25.680Z
b9a74d,4,17,7,f,5488eb,2021-03-18T01:52:25.680Z
2feb6b,3,29,7,f,5488eb,2021-03-18T01:52:25.680Z
d5e9a6,3,23,12,t,32c3a7,2021-03-02T16:48:35.337Z
72f5d4,3,19,12,t,32c3a7,2021-03-02T16:48:35.337Z
5d267b,3,40,12,t,32c3a7,2021-03-02T16:48:35.337Z
b9a74d,3,17,12,t,32c3a7,2021-03-02T16:48:35.337Z
2feb6b,2,29,12,t,32c3a7,2021-03-02T16:48:35.337Z
c4a632,1,13,24,t,c29c3a,2021-02-01T19:21:32.400Z
e83aa3,4,32,24,t,c29c3a,2021-02-01T19:21:32.400Z
e31d39,2,10,24,t,c29c3a,2021-02-01T19:21:32.400Z
d5e9a6,4,23,24,t,c29c3a,2021-02-01T19:21:32.400Z
72f5d4,3,19,24,t,c29c3a,2021-02-01T19:21:32.400Z
9ec847,1,54,24,t,c29c3a,2021-02-01T19:21:32.400Z
5d267b,5,40,24,t,c29c3a,2021-02-01T19:21:32.400Z
c8d436,5,10,24,t,c29c3a,2021-02-01T19:21:32.400Z
d5e9a6,2,23,21,t,acc7aa,2021-03-01T03:57:23.385Z
2feb6b,5,29,21,t,acc7aa,2021-03-01T03:57:23.385Z
9ec847,4,54,4,t,d4b0e7,2021-02-19T13:40:52.924Z
2a2353,1,57,4,t,d4b0e7,2021-02-19T13:40:52.924Z
f084eb,2,36,4,t,d4b0e7,2021-02-19T13:40:52.924Z
b9a74d,1,17,4,t,d4b0e7,2021-02-19T13:40:52.924Z
2feb6b,5,29,4,t,d4b0e7,2021-02-19T13:40:52.924Z
e83aa3,5,32,17,t,7e4e75,2021-03-12T16:34:31.555Z
e31d39,3,10,17,t,7e4e75,2021-03-12T16:34:31.555Z
72f5d4,4,19,17,t,7e4e75,2021-03-12T16:34:31.555Z
5d267b,2,40,17,t,7e4e75,2021-03-12T16:34:31.555Z
f084eb,4,36,17,t,7e4e75,2021-03-12T16:34:31.555Z
2feb6b,1,29,17,t,7e4e75,2021-03-12T16:34:31.555Z
c4a632,2,13,11,f,c77695,2021-02-07T10:52:33.974Z
5d267b,5,40,11,f,c77695,2021-02-07T10:52:33.974Z
f084eb,2,36,11,f,c77695,2021-02-07T10:52:33.974Z
b9a74d,2,17,11,f,c77695,2021-02-07T10:52:33.974Z
c4a632,1,13,14,t,1166ba,2021-02-09T21:39:36.950Z
e31d39,4,10,14,t,1166ba,2021-02-09T21:39:36.950Z
72f5d4,4,19,14,t,1166ba,2021-02-09T21:39:36.950Z
5d267b,3,40,14,t,1166ba,2021-02-09T21:39:36.950Z
b9a74d,3,17,14,t,1166ba,2021-02-09T21:39:36.950Z
2feb6b,4,29,14,t,1166ba,2021-02-09T21:39:36.950Z
e31d39,1,10,15,f,11c1af,2021-01-19T03:54:32.486Z
d5e9a6,4,23,15,f,11c1af,2021-01-19T03:54:32.486Z
72f5d4,4,19,15,f,11c1af,2021-01-19T03:54:32.486Z
5d267b,5,40,15,f,11c1af,2021-01-19T03:54:32.486Z
c8d436,2,10,15,f,11c1af,2021-01-19T03:54:32.486Z
2a2353,4,57,15,f,11c1af,2021-01-19T03:54:32.486Z
f084eb,3,36,15,f,11c1af,2021-01-19T03:54:32.486Z
c4a632,4,13,3,f,8e91b9,2021-02-18T21:39:38.073Z
e83aa3,2,32,3,f,8e91b9,2021-02-18T21:39:38.073Z
d5e9a6,5,23,3,f,8e91b9,2021-02-18T21:39:38.073Z
72f5d4,5,19,3,f,8e91b9,2021-02-18T21:39:38.073Z
5d267b,3,40,3,f,8e91b9,2021-02-18T21:39:38.073Z
c8d436,1,10,3,f,8e91b9,2021-02-18T21:39:38.073Z
2a2353,3,57,3,f,8e91b9,2021-02-18T21:39:38.073Z
b9a74d,2,17,3,f,8e91b9,2021-02-18T21:39:38.073Z
e31d39,3,10,14,f,f95502,2021-01-29T22:31:20.611Z
d5e9a6,3,23,14,f,f95502,2021-01-29T22:31:20.611Z
2a2353,2,57,14,f,f95502,2021-01-29T22:31:20.611Z
b9a74d,4,17,14,f,f95502,2021-01-29T22:31:20.611Z
2feb6b,2,29,14,f,f95502,2021-01-29T22:31:20.611Z
c4a632,2,13,19,t,e25bad,2021-03-27T20:27:51.120Z
e83aa3,3,32,19,t,e25bad,2021-03-27T20:27:51.120Z
d5e9a6,3,23,19,t,e25bad,2021-03-27T20:27:51.120Z
f084eb,2,36,19,t,e25bad,2021-03-27T20:27:51.120Z
2feb6b,2,29,19,t,e25bad,2021-03-27T20:27:51.120Z
e31d39,3,10,20,t,6420f6,2021-02-26T13:39:36.892Z
72f5d4,2,19,20,t,6420f6,2021-02-26T13:39:36.892Z
c8d436,4,10,20,t,6420f6,2021-02-26T13:39:36.892Z
f084eb,2,36,20,t,6420f6,2021-02-26T13:39:36.892Z
b9a74d,2,17,20,t,6420f6,2021-02-26T13:39:36.892Z
2feb6b,5,29,20,t,6420f6,2021-02-26T13:39:36.892Z
e31d39,1,10,24,f,2034d6,2021-01-22T05:45:16.214Z
d5e9a6,4,23,24,f,2034d6,2021-01-22T05:45:16.214Z
72f5d4,2,19,24,f,2034d6,2021-01-22T05:45:16.214Z
2a2353,4,57,24,f,2034d6,2021-01-22T05:45:16.214Z
2feb6b,1,29,24,f,2034d6,2021-01-22T05:45:16.214Z
c4a632,1,13,11,t,e26379,2021-01-06T07:35:40.156Z
e83aa3,1,32,11,t,e26379,2021-01-06T07:35:40.156Z
e31d39,1,10,11,t,e26379,2021-01-06T07:35:40.156Z
d5e9a6,5,23,11,t,e26379,2021-01-06T07:35:40.156Z
72f5d4,2,19,11,t,e26379,2021-01-06T07:35:40.156Z
9ec847,3,54,11,t,e26379,2021-01-06T07:35:40.156Z
f084eb,2,36,11,t,e26379,2021-01-06T07:35:40.156Z
b9a74d,3,17,11,t,e26379,2021-01-06T07:35:40.156Z
c4a632,4,13,20,f,6090a2,2021-02-27T21:21:52.675Z
e31d39,4,10,20,f,6090a2,2021-02-27T21:21:52.675Z
72f5d4,2,19,20,f,6090a2,2021-02-27T21:21:52.675Z
c8d436,2,10,20,f,6090a2,2021-02-27T21:21:52.675Z
2a2353,5,57,20,f,6090a2,2021-02-27T21:21:52.675Z
f084eb,3,36,20,f,6090a2,2021-02-27T21:21:52.675Z
b9a74d,2,17,20,f,6090a2,2021-02-27T21:21:52.675Z
2feb6b,2,29,20,f,6090a2,2021-02-27T21:21:52.675Z
c4a632,1,13,23,f,50cba5,2021-01-23T23:34:15.340Z
e31d39,2,10,23,f,50cba5,2021-01-23T23:34:15.340Z
c8d436,4,10,23,f,50cba5,2021-01-23T23:34:15.340Z
f084eb,2,36,23,f,50cba5,2021-01-23T23:34:15.340Z
5d267b,4,40,8,t,e4bbc9,2021-01-18T02:19:39.158Z
2a2353,3,57,8,t,e4bbc9,2021-01-18T02:19:39.158Z
f084eb,5,36,8,t,e4bbc9,2021-01-18T02:19:39.158Z
2feb6b,3,29,8,t,e4bbc9,2021-01-18T02:19:39.158Z
e31d39,5,10,19,t,5c3995,2021-03-17T01:06:34.790Z
5d267b,4,40,19,t,5c3995,2021-03-17T01:06:34.790Z
c8d436,1,10,19,t,5c3995,2021-03-17T01:06:34.790Z
2a2353,1,57,19,t,5c3995,2021-03-17T01:06:34.790Z
c4a632,5,13,16,f,c7fea0,2021-03-25T02:52:41.952Z
d5e9a6,3,23,16,f,c7fea0,2021-03-25T02:52:41.952Z
72f5d4,5,19,16,f,c7fea0,2021-03-25T02:52:41.952Z
9ec847,5,54,16,f,c7fea0,2021-03-25T02:52:41.952Z
5d267b,4,40,16,f,c7fea0,2021-03-25T02:52:41.952Z
c8d436,4,10,16,f,c7fea0,2021-03-25T02:52:41.952Z
c4a632,3,13,24,f,6a35a8,2021-02-04T17:46:37.948Z
c8d436,3,10,24,f,6a35a8,2021-02-04T17:46:37.948Z
2a2353,5,57,24,f,6a35a8,2021-02-04T17:46:37.948Z
f084eb,5,36,24,f,6a35a8,2021-02-04T17:46:37.948Z
e83aa3,2,32,23,t,0f7ca9,2021-03-11T00:54:49.766Z
72f5d4,1,19,23,t,0f7ca9,2021-03-11T00:54:49.766Z
9ec847,4,54,23,t,0f7ca9,2021-03-11T00:54:49.766Z
2feb6b,2,29,23,t,0f7ca9,2021-03-11T00:54:49.766Z
e83aa3,4,32,15,t,fee9ce,2021-03-06T18:34:00.768Z
e31d39,5,10,15,t,fee9ce,2021-03-06T18:34:00.768Z
72f5d4,1,19,15,t,fee9ce,2021-03-06T18:34:00.768Z
5d267b,1,40,15,t,fee9ce,2021-03-06T18:34:00.768Z
c8d436,5,10,15,t,fee9ce,2021-03-06T18:34:00.768Z
2a2353,4,57,15,t,fee9ce,2021-03-06T18:34:00.768Z
2feb6b,4,29,15,t,fee9ce,2021-03-06T18:34:00.768Z
c4a632,1,13,7,f,606d01,2021-03-11T21:44:28.896Z
e83aa3,1,32,7,f,606d01,2021-03-11T21:44:28.896Z
e31d39,2,10,7,f,606d01,2021-03-11T21:44:28.896Z
72f5d4,5,19,7,f,606d01,2021-03-11T21:44:28.896Z
5d267b,4,40,7,f,606d01,2021-03-11T21:44:28.896Z
c8d436,3,10,7,f,606d01,2021-03-11T21:44:28.896Z
f084eb,2,36,7,f,606d01,2021-03-11T21:44:28.896Z
2feb6b,1,29,7,f,606d01,2021-03-11T21:44:28.896Z
c4a632,5,13,5,t,1c411a,2021-01-11T22:10:29.020Z
e83aa3,5,32,5,t,1c411a,2021-01-11T22:10:29.020Z
d5e9a6,1,23,5,t,1c411a,2021-01-11T22:10:29.020Z
9ec847,4,54,5,t,1c411a,2021-01-11T22:10:29.020Z
5d267b,2,40,5,t,1c411a,2021-01-11T22:10:29.020Z
c8d436,4,10,5,t,1c411a,2021-01-11T22:10:29.020Z
2a2353,1,57,5,t,1c411a,2021-01-11T22:10:29.020Z
c4a632,2,13,17,f,91967a,2021-01-27T08:07:02.640Z
e83aa3,4,32,17,f,91967a,2021-01-27T08:07:02.640Z
e31d39,2,10,17,f,91967a,2021-01-27T08:07:02.640Z
72f5d4,1,19,17,f,91967a,2021-01-27T08:07:02.640Z
5d267b,3,40,17,f,91967a,2021-01-27T08:07:02.640Z
f084eb,1,36,17,f,91967a,2021-01-27T08:07:02.640Z
c4a632,1,13,10,f,bfd30d,2021-03-21T23:54:47.923Z
e83aa3,1,32,10,f,bfd30d,2021-03-21T23:54:47.923Z
d5e9a6,3,23,10,f,bfd30d,2021-03-21T23:54:47.923Z
5d267b,4,40,10,f,bfd30d,2021-03-21T23:54:47.923Z
c8d436,1,10,10,f,bfd30d,2021-03-21T23:54:47.923Z
b9a74d,1,17,10,f,bfd30d,2021-03-21T23:54:47.923Z
c4a632,2,13,24,t,e2a3d0,2021-02-24T02:23:56.976Z
9ec847,3,54,24,t,e2a3d0,2021-02-24T02:23:56.976Z
5d267b,2,40,24,t,e2a3d0,2021-02-24T02:23:56.976Z
c8d436,1,10,24,t,e2a3d0,2021-02-24T02:23:56.976Z
2a2353,2,57,24,t,e2a3d0,2021-02-24T02:23:56.976Z
f084eb,2,36,24,t,e2a3d0,2021-02-24T02:23:56.976Z
b9a74d,3,17,24,t,e2a3d0,2021-02-24T02:23:56.976Z
c4a632,2,13,2,t,c5b05a,2021-01-21T00:46:49.468Z
e31d39,3,10,2,t,c5b05a,2021-01-21T00:46:49.468Z
9ec847,3,54,2,t,c5b05a,2021-01-21T00:46:49.468Z
c8d436,4,10,2,t,c5b05a,2021-01-21T00:46:49.468Z
f084eb,1,36,2,t,c5b05a,2021-01-21T00:46:49.468Z
b9a74d,1,17,2,t,c5b05a,2021-01-21T00:46:49.468Z
d5e9a6,3,23,18,t,a5c0ed,2021-03-24T12:38:52.195Z
72f5d4,2,19,18,t,a5c0ed,2021-03-24T12:38:52.195Z
9ec847,4,54,18,t,a5c0ed,2021-03-24T12:38:52.195Z
c8d436,2,10,18,t,a5c0ed,2021-03-24T12:38:52.195Z
f084eb,1,36,18,t,a5c0ed,2021-03-24T12:38:52.195Z
b9a74d,2,17,18,t,a5c0ed,2021-03-24T12:38:52.195Z
2feb6b,3,29,18,t,a5c0ed,2021-03-24T12:38:52.195Z
72f5d4,5,19,1,f,43b8bf,2021-02-17T00:57:50.601Z
9ec847,4,54,1,f,43b8bf,2021-02-17T00:57:50.601Z
5d267b,3,40,1,f,43b8bf,2021-02-17T00:57:50.601Z
c8d436,3,10,1,f,43b8bf,2021-02-17T00:57:50.601Z
f084eb,3,36,1,f,43b8bf,2021-02-17T00:57:50.601Z
b9a74d,1,17,1,f,43b8bf,2021-02-17T00:57:50.601Z
2feb6b,2,29,1,f,43b8bf,2021-02-17T00:57:50.601Z
c4a632,3,13,6,f,b44465,2021-01-16T20:37:34.233Z
d5e9a6,1,23,6,f,b44465,2021-01-16T20:37:34.233Z
72f5d4,5,19,6,f,b44465,2021-01-16T20:37:34.233Z
9ec847,1,54,6,f,b44465,2021-01-16T20:37:34.233Z
c8d436,1,10,6,f,b44465,2021-01-16T20:37:34.233Z
2feb6b,1,29,6,f,b44465,2021-01-16T20:37:34.233Z
e83aa3,1,32,20,t,764282,2021-01-20T23:13:07.680Z
e31d39,3,10,20,t,764282,2021-01-20T23:13:07.680Z
9ec847,5,54,20,t,764282,2021-01-20T23:13:07.680Z
5d267b,5,40,20,t,764282,2021-01-20T23:13:07.680Z
c8d436,4,10,20,t,764282,2021-01-20T23:13:07.680Z
2feb6b,5,29,20,t,764282,2021-01-20T23:13:07.680Z
c4a632,4,13,9,f,0cb85f,2021-03-06T20:28:12.892Z
72f5d4,3,19,9,f,0cb85f,2021-03-06T20:28:12.892Z
c4a632,2,13,3,f,eae0fa,2021-03-23T08:11:13.804Z
e31d39,1,10,3,f,eae0fa,2021-03-23T08:11:13.804Z
72f5d4,3,19,3,f,eae0fa,2021-03-23T08:11:13.804Z
c8d436,5,10,3,f,eae0fa,2021-03-23T08:11:13.804Z
2feb6b,5,29,3,f,eae0fa,2021-03-23T08:11:13.804Z
c4a632,3,13,21,f,387f60,2021-03-11T08:17:08.995Z
e83aa3,1,32,21,f,387f60,2021-03-11T08:17:08.995Z
72f5d4,1,19,21,f,387f60,2021-03-11T08:17:08.995Z
9ec847,2,54,21,f,387f60,2021-03-11T08:17:08.995Z
5d267b,2,40,21,f,387f60,2021-03-11T08:17:08.995Z
c8d436,2,10,21,f,387f60,2021-03-11T08:17:08.995Z
f084eb,4,36,21,f,387f60,2021-03-11T08:17:08.995Z
2feb6b,2,29,21,f,387f60,2021-03-11T08:17:08.995Z
c4a632,2,13,3,t,db4b6d,2021-03-07T20:52:03.676Z
e83aa3,3,32,3,t,db4b6d,2021-03-07T20:52:03.676Z
72f5d4,4,19,3,t,db4b6d,2021-03-07T20:52:03.676Z
9ec847,1,54,3,t,db4b6d,2021-03-07T20:52:03.676Z
c8d436,5,10,3,t,db4b6d,2021-03-07T20:52:03.676Z
2a2353,2,57,3,t,db4b6d,2021-03-07T20:52:03.676Z
f084eb,5,36,3,t,db4b6d,2021-03-07T20:52:03.676Z
2feb6b,5,29,3,t,db4b6d,2021-03-07T20:52:03.676Z
e83aa3,5,32,1,t,d38a79,2021-01-11T13:21:03.801Z
e31d39,1,10,1,t,d38a79,2021-01-11T13:21:03.801Z
72f5d4,5,19,1,t,d38a79,2021-01-11T13:21:03.801Z
9ec847,5,54,1,t,d38a79,2021-01-11T13:21:03.801Z
c8d436,1,10,1,t,d38a79,2021-01-11T13:21:03.801Z
2a2353,4,57,1,t,d38a79,2021-01-11T13:21:03.801Z
f084eb,2,36,1,t,d38a79,2021-01-11T13:21:03.801Z
b9a74d,5,17,1,t,d38a79,2021-01-11T13:21:03.801Z
c4a632,1,13,1,t,9fa0da,2021-03-06T14:49:07.420Z
9ec847,4,54,1,t,9fa0da,2021-03-06T14:49:07.420Z
5d267b,2,40,1,t,9fa0da,2021-03-06T14:49:07.420Z
c8d436,1,10,1,t,9fa0da,2021-03-06T14:49:07.420Z
2a2353,2,57,1,t,9fa0da,2021-03-06T14:49:07.420Z
f084eb,3,36,1,t,9fa0da,2021-03-06T14:49:07.420Z
b9a74d,2,17,1,t,9fa0da,2021-03-06T14:49:07.420Z
2feb6b,3,29,1,t,9fa0da,2021-03-06T14:49:07.420Z
e83aa3,3,32,24,t,60378f,2021-01-15T02:06:10.713Z
e31d39,2,10,24,t,60378f,2021-01-15T02:06:10.713Z
72f5d4,3,19,24,t,60378f,2021-01-15T02:06:10.713Z
9ec847,4,54,24,t,60378f,2021-01-15T02:06:10.713Z
5d267b,1,40,24,t,60378f,2021-01-15T02:06:10.713Z
b9a74d,5,17,24,t,60378f,2021-01-15T02:06:10.713Z
e31d39,4,10,21,f,4e3a47,2021-02-27T12:02:46.752Z
72f5d4,3,19,21,f,4e3a47,2021-02-27T12:02:46.752Z
5d267b,1,40,21,f,4e3a47,2021-02-27T12:02:46.752Z
c8d436,5,10,21,f,4e3a47,2021-02-27T12:02:46.752Z
2a2353,3,57,21,f,4e3a47,2021-02-27T12:02:46.752Z
f084eb,4,36,21,f,4e3a47,2021-02-27T12:02:46.752Z
b9a74d,3,17,21,f,4e3a47,2021-02-27T12:02:46.752Z
c4a632,5,13,1,t,206220,2021-03-06T20:17:11.587Z
e31d39,1,10,1,t,206220,2021-03-06T20:17:11.587Z
72f5d4,4,19,1,t,206220,2021-03-06T20:17:11.587Z
9ec847,2,54,1,t,206220,2021-03-06T20:17:11.587Z
5d267b,2,40,1,t,206220,2021-03-06T20:17:11.587Z
c8d436,3,10,1,t,206220,2021-03-06T20:17:11.587Z
2a2353,2,57,1,t,206220,2021-03-06T20:17:11.587Z
f084eb,2,36,1,t,206220,2021-03-06T20:17:11.587Z
b9a74d,4,17,1,t,206220,2021-03-06T20:17:11.587Z
2feb6b,1,29,1,t,206220,2021-03-06T20:17:11.587Z
c4a632,1,13,22,t,511df7,2021-02-18T07:14:01.132Z
9ec847,4,54,22,t,511df7,2021-02-18T07:14:01.132Z
2a2353,3,57,22,t,511df7,2021-02-18T07:14:01.132Z
b9a74d,1,17,22,t,511df7,2021-02-18T07:14:01.132Z
2feb6b,5,29,22,t,511df7,2021-02-18T07:14:01.132Z
c4a632,2,13,6,t,ef15a4,2021-02-25T19:34:05.894Z
e83aa3,3,32,6,t,ef15a4,2021-02-25T19:34:05.894Z
e31d39,5,10,6,t,ef15a4,2021-02-25T19:34:05.894Z
d5e9a6,4,23,6,t,ef15a4,2021-02-25T19:34:05.894Z
5d267b,4,40,6,t,ef15a4,2021-02-25T19:34:05.894Z
c8d436,5,10,6,t,ef15a4,2021-02-25T19:34:05.894Z
2a2353,2,57,6,t,ef15a4,2021-02-25T19:34:05.894Z
b9a74d,1,17,6,t,ef15a4,2021-02-25T19:34:05.894Z
2feb6b,1,29,6,t,ef15a4,2021-02-25T19:34:05.894Z
c4a632,2,13,8,t,942aa4,2021-03-19T01:29:55.593Z
e83aa3,3,32,8,t,942aa4,2021-03-19T01:29:55.593Z
72f5d4,4,19,8,t,942aa4,2021-03-19T01:29:55.593Z
9ec847,1,54,8,t,942aa4,2021-03-19T01:29:55.593Z
5d267b,3,40,8,t,942aa4,2021-03-19T01:29:55.593Z
c8d436,4,10,8,t,942aa4,2021-03-19T01:29:55.593Z
2a2353,5,57,8,t,942aa4,2021-03-19T01:29:55.593Z
b9a74d,2,17,8,t,942aa4,2021-03-19T01:29:55.593Z
e83aa3,1,32,1,f,76249a,2021-03-10T06:20:24.633Z
e31d39,1,10,1,f,76249a,2021-03-10T06:20:24.633Z
72f5d4,5,19,1,f,76249a,2021-03-10T06:20:24.633Z
9ec847,2,54,1,f,76249a,2021-03-10T06:20:24.633Z
5d267b,4,40,1,f,76249a,2021-03-10T06:20:24.633Z
c8d436,2,10,1,f,76249a,2021-03-10T06:20:24.633Z
2a2353,2,57,1,f,76249a,2021-03-10T06:20:24.633Z
2feb6b,4,29,1,f,76249a,2021-03-10T06:20:24.633Z
e83aa3,3,32,8,t,a1edde,2021-01-14T17:49:54.163Z
d5e9a6,3,23,8,t,a1edde,2021-01-14T17:49:54.163Z
9ec847,1,54,8,t,a1edde,2021-01-14T17:49:54.163Z
5d267b,4,40,8,t,a1edde,2021-01-14T17:49:54.163Z
2a2353,1,57,8,t,a1edde,2021-01-14T17:49:54.163Z
c4a632,3,13,16,f,359a2f,2021-03-28T09:38:07.526Z
e83aa3,2,32,16,f,359a2f,2021-03-28T09:38:07.526Z
d5e9a6,3,23,16,f,359a2f,2021-03-28T09:38:07.526Z
9ec847,4,54,16,f,359a2f,2021-03-28T09:38:07.526Z
2a2353,5,57,16,f,359a2f,2021-03-28T09:38:07.526Z
f084eb,4,36,16,f,359a2f,2021-03-28T09:38:07.526Z
c4a632,4,13,10,t,f0f6cd,2021-02-03T04:28:28.934Z
d5e9a6,1,23,10,t,f0f6cd,2021-02-03T04:28:28.934Z
9ec847,3,54,10,t,f0f6cd,2021-02-03T04:28:28.934Z
5d267b,5,40,10,t,f0f6cd,2021-02-03T04:28:28.934Z
2a2353,5,57,10,t,f0f6cd,2021-02-03T04:28:28.934Z
f084eb,4,36,10,t,f0f6cd,2021-02-03T04:28:28.934Z
b9a74d,4,17,10,t,f0f6cd,2021-02-03T04:28:28.934Z
e31d39,3,10,11,f,e44cbb,2021-03-02T12:20:42.777Z
72f5d4,4,19,11,f,e44cbb,2021-03-02T12:20:42.777Z
f084eb,5,36,11,f,e44cbb,2021-03-02T12:20:42.777Z
b9a74d,4,17,11,f,e44cbb,2021-03-02T12:20:42.777Z
2feb6b,3,29,11,f,e44cbb,2021-03-02T12:20:42.777Z
c4a632,2,13,7,t,fefff0,2021-01-04T01:05:44.937Z
e83aa3,4,32,7,t,fefff0,2021-01-04T01:05:44.937Z
e31d39,4,10,7,t,fefff0,2021-01-04T01:05:44.937Z
72f5d4,1,19,7,t,fefff0,2021-01-04T01:05:44.937Z
2feb6b,1,29,7,t,fefff0,2021-01-04T01:05:44.937Z
e31d39,5,10,7,t,629b94,2021-02-07T18:00:00.259Z
2a2353,5,57,7,t,629b94,2021-02-07T18:00:00.259Z
b9a74d,5,17,7,t,629b94,2021-02-07T18:00:00.259Z
e31d39,2,10,23,t,d2e944,2021-03-23T18:59:01.881Z
72f5d4,5,19,23,t,d2e944,2021-03-23T18:59:01.881Z
5d267b,5,40,23,t,d2e944,2021-03-23T18:59:01.881Z
c8d436,5,10,23,t,d2e944,2021-03-23T18:59:01.881Z
2a2353,5,57,23,t,d2e944,2021-03-23T18:59:01.881Z
f084eb,5,36,23,t,d2e944,2021-03-23T18:59:01.881Z
2feb6b,2,29,23,t,d2e944,2021-03-23T18:59:01.881Z
c4a632,5,13,4,t,2c9fed,2021-03-07T14:25:01.862Z
e31d39,4,10,4,t,2c9fed,2021-03-07T14:25:01.862Z
d5e9a6,4,23,4,t,2c9fed,2021-03-07T14:25:01.862Z
f084eb,3,36,4,t,2c9fed,2021-03-07T14:25:01.862Z
c4a632,5,13,9,t,2e48a8,2021-02-13T09:21:30.384Z
e83aa3,1,32,9,t,2e48a8,2021-02-13T09:21:30.384Z
e31d39,3,10,9,t,2e48a8,2021-02-13T09:21:30.384Z
d5e9a6,5,23,9,t,2e48a8,2021-02-13T09:21:30.384Z
72f5d4,3,19,9,t,2e48a8,2021-02-13T09:21:30.384Z
f084eb,4,36,9,t,2e48a8,2021-02-13T09:21:30.384Z
2feb6b,4,29,9,t,2e48a8,2021-02-13T09:21:30.384Z
c4a632,4,13,23,t,dac6f8,2021-03-06T10:02:39.696Z
e83aa3,5,32,23,t,dac6f8,2021-03-06T10:02:39.696Z
5d267b,5,40,23,t,dac6f8,2021-03-06T10:02:39.696Z
c8d436,3,10,23,t,dac6f8,2021-03-06T10:02:39.696Z
2a2353,4,57,23,t,dac6f8,2021-03-06T10:02:39.696Z
b9a74d,1,17,23,t,dac6f8,2021-03-06T10:02:39.696Z
c4a632,5,13,15,t,abb697,2021-01-22T22:01:16.492Z
e31d39,1,10,15,t,abb697,2021-01-22T22:01:16.492Z
72f5d4,1,19,15,t,abb697,2021-01-22T22:01:16.492Z
9ec847,2,54,15,t,abb697,2021-01-22T22:01:16.492Z
c8d436,5,10,15,t,abb697,2021-01-22T22:01:16.492Z
2a2353,1,57,15,t,abb697,2021-01-22T22:01:16.492Z
2feb6b,5,29,15,t,abb697,2021-01-22T22:01:16.492Z
e83aa3,3,32,24,t,24d9c5,2021-03-08T17:08:33.532Z
72f5d4,3,19,24,t,24d9c5,2021-03-08T17:08:33.532Z
9ec847,1,54,24,t,24d9c5,2021-03-08T17:08:33.532Z
5d267b,2,40,24,t,24d9c5,2021-03-08T17:08:33.532Z
b9a74d,1,17,24,t,24d9c5,2021-03-08T17:08:33.532Z
c4a632,1,13,4,f,816f75,2021-02-28T07:57:29.030Z
d5e9a6,2,23,4,f,816f75,2021-02-28T07:57:29.030Z
c8d436,2,10,4,f,816f75,2021-02-28T07:57:29.030Z
2a2353,2,57,4,f,816f75,2021-02-28T07:57:29.030Z
f084eb,4,36,4,f,816f75,2021-02-28T07:57:29.030Z
b9a74d,4,17,4,f,816f75,2021-02-28T07:57:29.030Z
c4a632,5,13,11,f,2505d2,2021-03-09T06:28:50.851Z
e83aa3,4,32,11,f,2505d2,2021-03-09T06:28:50.851Z
d5e9a6,5,23,11,f,2505d2,2021-03-09T06:28:50.851Z
5d267b,1,40,11,f,2505d2,2021-03-09T06:28:50.851Z
2a2353,1,57,11,f,2505d2,2021-03-09T06:28:50.851Z
2feb6b,5,29,11,f,2505d2,2021-03-09T06:28:50.851Z
c4a632,4,13,11,f,e73da4,2021-02-21T11:36:42.307Z
e83aa3,4,32,11,f,e73da4,2021-02-21T11:36:42.307Z
e31d39,5,10,11,f,e73da4,2021-02-21T11:36:42.307Z
d5e9a6,1,23,11,f,e73da4,2021-02-21T11:36:42.307Z
9ec847,1,54,11,f,e73da4,2021-02-21T11:36:42.307Z
2a2353,3,57,11,f,e73da4,2021-02-21T11:36:42.307Z
b9a74d,2,17,11,f,e73da4,2021-02-21T11:36:42.307Z
c4a632,4,13,1,t,4ddda1,2021-01-07T08:27:55.958Z
e83aa3,4,32,1,t,4ddda1,2021-01-07T08:27:55.958Z
9ec847,5,54,1,t,4ddda1,2021-01-07T08:27:55.958Z
2a2353,4,57,1,t,4ddda1,2021-01-07T08:27:55.958Z
b9a74d,4,17,1,t,4ddda1,2021-01-07T08:27:55.958Z
2feb6b,2,29,1,t,4ddda1,2021-01-07T08:27:55.958Z
e83aa3,3,32,11,t,4c4eba,2021-01-08T20:17:36.384Z
9ec847,4,54,11,t,4c4eba,2021-01-08T20:17:36.384Z
2a2353,1,57,11,t,4c4eba,2021-01-08T20:17:36.384Z
f084eb,5,36,11,t,4c4eba,2021-01-08T20:17:36.384Z
2feb6b,5,29,11,t,4c4eba,2021-01-08T20:17:36.384Z
e31d39,2,10,22,t,15c2dd,2021-02-02T17:46:57.907Z
72f5d4,1,19,22,t,15c2dd,2021-02-02T17:46:57.907Z
5d267b,1,40,22,t,15c2dd,2021-02-02T17:46:57.907Z
2a2353,5,57,22,t,15c2dd,2021-02-02T17:46:57.907Z
f084eb,5,36,22,t,15c2dd,2021-02-02T17:46:57.907Z
e83aa3,1,32,7,t,09e50e,2021-03-20T22:20:18.355Z
e31d39,1,10,7,t,09e50e,2021-03-20T22:20:18.355Z
5d267b,1,40,7,t,09e50e,2021-03-20T22:20:18.355Z
c8d436,4,10,7,t,09e50e,2021-03-20T22:20:18.355Z
2a2353,4,57,7,t,09e50e,2021-03-20T22:20:18.355Z
e31d39,4,10,22,t,9c8f73,2021-01-07T06:51:27.849Z
d5e9a6,5,23,22,t,9c8f73,2021-01-07T06:51:27.849Z
5d267b,5,40,22,t,9c8f73,2021-01-07T06:51:27.849Z
c8d436,1,10,22,t,9c8f73,2021-01-07T06:51:27.849Z
2feb6b,4,29,22,t,9c8f73,2021-01-07T06:51:27.849Z
c4a632,4,13,18,f,f91a87,2021-01-26T05:50:34.166Z
72f5d4,5,19,18,f,f91a87,2021-01-26T05:50:34.166Z
9ec847,3,54,18,f,f91a87,2021-01-26T05:50:34.166Z
c8d436,3,10,18,f,f91a87,2021-01-26T05:50:34.166Z
f084eb,3,36,18,f,f91a87,2021-01-26T05:50:34.166Z
c4a632,1,13,11,t,265071,2021-02-28T16:01:46.905Z
e83aa3,3,32,11,t,265071,2021-02-28T16:01:46.905Z
d5e9a6,5,23,11,t,265071,2021-02-28T16:01:46.905Z
72f5d4,4,19,11,t,265071,2021-02-28T16:01:46.905Z
9ec847,1,54,11,t,265071,2021-02-28T16:01:46.905Z
c8d436,1,10,11,t,265071,2021-02-28T16:01:46.905Z
2a2353,4,57,11,t,265071,2021-02-28T16:01:46.905Z
2feb6b,5,29,11,t,265071,2021-02-28T16:01:46.905Z
9ec847,2,54,13,t,d684de,2021-03-18T22:58:37.113Z
5d267b,4,40,13,t,d684de,2021-03-18T22:58:37.113Z
c8d436,2,10,13,t,d684de,2021-03-18T22:58:37.113Z
2a2353,4,57,13,t,d684de,2021-03-18T22:58:37.113Z
2feb6b,3,29,13,t,d684de,2021-03-18T22:58:37.113Z
c4a632,3,13,2,f,726dec,2021-02-15T04:35:48.624Z
e31d39,1,10,2,f,726dec,2021-02-15T04:35:48.624Z
d5e9a6,4,23,2,f,726dec,2021-02-15T04:35:48.624Z
c8d436,4,10,2,f,726dec,2021-02-15T04:35:48.624Z
b9a74d,2,17,2,f,726dec,2021-02-15T04:35:48.624Z
2feb6b,2,29,2,f,726dec,2021-02-15T04:35:48.624Z
c4a632,3,13,0,t,384aca,2021-01-23T23:05:55.939Z
d5e9a6,1,23,0,t,384aca,2021-01-23T23:05:55.939Z
9ec847,5,54,0,t,384aca,2021-01-23T23:05:55.939Z
c8d436,3,10,0,t,384aca,2021-01-23T23:05:55.939Z
f084eb,5,36,0,t,384aca,2021-01-23T23:05:55.939Z
b9a74d,1,17,0,t,384aca,2021-01-23T23:05:55.939Z
2feb6b,2,29,0,t,384aca,2021-01-23T23:05:55.939Z
c4a632,3,13,18,f,5a62bb,2021-01-29T05:07:51.196Z
e83aa3,3,32,18,f,5a62bb,2021-01-29T05:07:51.196Z
72f5d4,4,19,18,f,5a62bb,2021-01-29T05:07:51.196Z
9ec847,5,54,18,f,5a62bb,2021-01-29T05:07:51.196Z
5d267b,1,40,18,f,5a62bb,2021-01-29T05:07:51.196Z
f084eb,2,36,18,f,5a62bb,2021-01-29T05:07:51.196Z
b9a74d,5,17,18,f,5a62bb,2021-01-29T05:07:51.196Z
2feb6b,3,29,18,f,5a62bb,2021-01-29T05:07:51.196Z
c4a632,5,13,13,f,15995c,2021-03-20T00:58:59.980Z
d5e9a6,5,23,13,f,15995c,2021-03-20T00:58:59.980Z
9ec847,2,54,13,f,15995c,2021-03-20T00:58:59.980Z
5d267b,3,40,13,f,15995c,2021-03-20T00:58:59.980Z
f084eb,2,36,13,f,15995c,2021-03-20T00:58:59.980Z
b9a74d,1,17,13,f,15995c,2021-03-20T00:58:59.980Z
2feb6b,2,29,13,f,15995c,2021-03-20T00:58:59.980Z
c4a632,5,13,18,f,9.82E+46,2021-02-26T19:25:22.396Z
e83aa3,5,32,18,f,9.82E+46,2021-02-26T19:25:22.396Z
e31d39,4,10,18,f,9.82E+46,2021-02-26T19:25:22.396Z
9ec847,5,54,18,f,9.82E+46,2021-02-26T19:25:22.396Z
c8d436,2,10,18,f,9.82E+46,2021-02-26T19:25:22.396Z
2feb6b,2,29,18,f,9.82E+46,2021-02-26T19:25:22.396Z
e83aa3,2,32,13,t,8ed970,2021-03-02T02:58:35.500Z
d5e9a6,4,23,13,t,8ed970,2021-03-02T02:58:35.500Z
5d267b,3,40,13,t,8ed970,2021-03-02T02:58:35.500Z
2a2353,1,57,13,t,8ed970,2021-03-02T02:58:35.500Z
f084eb,5,36,13,t,8ed970,2021-03-02T02:58:35.500Z
b9a74d,2,17,13,t,8ed970,2021-03-02T02:58:35.500Z
c4a632,1,13,4,f,e87389,2021-01-03T01:21:55.814Z
d5e9a6,2,23,4,f,e87389,2021-01-03T01:21:55.814Z
72f5d4,3,19,4,f,e87389,2021-01-03T01:21:55.814Z
9ec847,1,54,4,f,e87389,2021-01-03T01:21:55.814Z
5d267b,2,40,4,f,e87389,2021-01-03T01:21:55.814Z
c8d436,1,10,4,f,e87389,2021-01-03T01:21:55.814Z
f084eb,3,36,4,f,e87389,2021-01-03T01:21:55.814Z
b9a74d,5,17,4,f,e87389,2021-01-03T01:21:55.814Z
2feb6b,2,29,4,f,e87389,2021-01-03T01:21:55.814Z
c4a632,5,13,22,t,7af8c1,2021-03-13T13:19:58.396Z
e31d39,1,10,22,t,7af8c1,2021-03-13T13:19:58.396Z
5d267b,1,40,22,t,7af8c1,2021-03-13T13:19:58.396Z
2a2353,1,57,22,t,7af8c1,2021-03-13T13:19:58.396Z
f084eb,3,36,22,t,7af8c1,2021-03-13T13:19:58.396Z
e31d39,4,10,4,t,8f8027,2021-02-19T08:01:27.408Z
d5e9a6,2,23,4,t,8f8027,2021-02-19T08:01:27.408Z
72f5d4,3,19,4,t,8f8027,2021-02-19T08:01:27.408Z
5d267b,4,40,4,t,8f8027,2021-02-19T08:01:27.408Z
c8d436,3,10,4,t,8f8027,2021-02-19T08:01:27.408Z
2a2353,5,57,4,t,8f8027,2021-02-19T08:01:27.408Z
f084eb,4,36,4,t,8f8027,2021-02-19T08:01:27.408Z
c4a632,4,13,10,f,1a117f,2021-01-28T02:24:15.033Z
e31d39,1,10,10,f,1a117f,2021-01-28T02:24:15.033Z
d5e9a6,3,23,10,f,1a117f,2021-01-28T02:24:15.033Z
72f5d4,1,19,10,f,1a117f,2021-01-28T02:24:15.033Z
9ec847,3,54,10,f,1a117f,2021-01-28T02:24:15.033Z
c8d436,1,10,10,f,1a117f,2021-01-28T02:24:15.033Z
2feb6b,1,29,10,f,1a117f,2021-01-28T02:24:15.033Z
c4a632,5,13,13,t,5bb21f,2021-02-18T18:13:56.956Z
e83aa3,3,32,13,t,5bb21f,2021-02-18T18:13:56.956Z
d5e9a6,4,23,13,t,5bb21f,2021-02-18T18:13:56.956Z
9ec847,2,54,13,t,5bb21f,2021-02-18T18:13:56.956Z
5d267b,5,40,13,t,5bb21f,2021-02-18T18:13:56.956Z
b9a74d,1,17,13,t,5bb21f,2021-02-18T18:13:56.956Z
c4a632,2,13,0,f,4a9922,2021-03-20T06:12:12.931Z
e83aa3,2,32,0,f,4a9922,2021-03-20T06:12:12.931Z
e31d39,1,10,0,f,4a9922,2021-03-20T06:12:12.931Z
72f5d4,5,19,0,f,4a9922,2021-03-20T06:12:12.931Z
9ec847,1,54,0,f,4a9922,2021-03-20T06:12:12.931Z
2a2353,1,57,0,f,4a9922,2021-03-20T06:12:12.931Z
f084eb,5,36,0,f,4a9922,2021-03-20T06:12:12.931Z
2feb6b,5,29,0,f,4a9922,2021-03-20T06:12:12.931Z
e31d39,3,10,3,f,6afd41,2021-03-08T05:42:06.825Z
d5e9a6,2,23,3,f,6afd41,2021-03-08T05:42:06.825Z
72f5d4,4,19,3,f,6afd41,2021-03-08T05:42:06.825Z
c8d436,5,10,3,f,6afd41,2021-03-08T05:42:06.825Z
2a2353,5,57,3,f,6afd41,2021-03-08T05:42:06.825Z
e83aa3,3,32,10,f,ead490,2021-01-27T11:33:09.158Z
d5e9a6,1,23,10,f,ead490,2021-01-27T11:33:09.158Z
9ec847,4,54,10,f,ead490,2021-01-27T11:33:09.158Z
5d267b,5,40,10,f,ead490,2021-01-27T11:33:09.158Z
2a2353,5,57,10,f,ead490,2021-01-27T11:33:09.158Z
c4a632,2,13,18,f,08000a,2021-03-25T19:34:34.233Z
d5e9a6,1,23,18,f,08000a,2021-03-25T19:34:34.233Z
9ec847,3,54,18,f,08000a,2021-03-25T19:34:34.233Z
2a2353,5,57,18,f,08000a,2021-03-25T19:34:34.233Z
f084eb,1,36,18,f,08000a,2021-03-25T19:34:34.233Z
b9a74d,2,17,18,f,08000a,2021-03-25T19:34:34.233Z
c4a632,3,13,16,t,2a8428,2021-02-02T17:54:38.505Z
e83aa3,4,32,16,t,2a8428,2021-02-02T17:54:38.505Z
e31d39,1,10,16,t,2a8428,2021-02-02T17:54:38.505Z
d5e9a6,1,23,16,t,2a8428,2021-02-02T17:54:38.505Z
72f5d4,3,19,16,t,2a8428,2021-02-02T17:54:38.505Z
9ec847,2,54,16,t,2a8428,2021-02-02T17:54:38.505Z
5d267b,1,40,16,t,2a8428,2021-02-02T17:54:38.505Z
c8d436,4,10,16,t,2a8428,2021-02-02T17:54:38.505Z
2a2353,4,57,16,t,2a8428,2021-02-02T17:54:38.505Z
e83aa3,1,32,13,f,78faac,2021-02-02T00:54:38.793Z
e31d39,4,10,13,f,78faac,2021-02-02T00:54:38.793Z
72f5d4,3,19,13,f,78faac,2021-02-02T00:54:38.793Z
c8d436,1,10,13,f,78faac,2021-02-02T00:54:38.793Z
2a2353,3,57,13,f,78faac,2021-02-02T00:54:38.793Z
f084eb,3,36,13,f,78faac,2021-02-02T00:54:38.793Z
b9a74d,3,17,13,f,78faac,2021-02-02T00:54:38.793Z
e31d39,4,10,21,t,e2789e,2021-02-14T13:59:15.907Z
d5e9a6,4,23,21,t,e2789e,2021-02-14T13:59:15.907Z
72f5d4,1,19,21,t,e2789e,2021-02-14T13:59:15.907Z
c8d436,2,10,21,t,e2789e,2021-02-14T13:59:15.907Z
2a2353,4,57,21,t,e2789e,2021-02-14T13:59:15.907Z
b9a74d,1,17,21,t,e2789e,2021-02-14T13:59:15.907Z
2feb6b,5,29,21,t,e2789e,2021-02-14T13:59:15.907Z
c4a632,2,13,14,t,5efab7,2021-01-23T04:11:23.107Z
d5e9a6,4,23,14,t,5efab7,2021-01-23T04:11:23.107Z
5d267b,5,40,14,t,5efab7,2021-01-23T04:11:23.107Z
2a2353,1,57,14,t,5efab7,2021-01-23T04:11:23.107Z
f084eb,1,36,14,t,5efab7,2021-01-23T04:11:23.107Z
b9a74d,2,17,14,t,5efab7,2021-01-23T04:11:23.107Z
e83aa3,5,32,20,t,359542,2021-03-02T07:12:38.880Z
e31d39,2,10,20,t,359542,2021-03-02T07:12:38.880Z
72f5d4,5,19,20,t,359542,2021-03-02T07:12:38.880Z
c8d436,1,10,20,t,359542,2021-03-02T07:12:38.880Z
b9a74d,1,17,20,t,359542,2021-03-02T07:12:38.880Z
e31d39,1,10,12,f,8ea245,2021-03-30T18:28:35.904Z
72f5d4,4,19,12,f,8ea245,2021-03-30T18:28:35.904Z
2a2353,1,57,12,f,8ea245,2021-03-30T18:28:35.904Z
b9a74d,3,17,12,f,8ea245,2021-03-30T18:28:35.904Z
2feb6b,4,29,12,f,8ea245,2021-03-30T18:28:35.904Z
c4a632,4,13,8,f,10d16f,2021-02-16T10:29:07.382Z
e31d39,5,10,8,f,10d16f,2021-02-16T10:29:07.382Z
72f5d4,4,19,8,f,10d16f,2021-02-16T10:29:07.382Z
9ec847,1,54,8,f,10d16f,2021-02-16T10:29:07.382Z
2a2353,5,57,8,f,10d16f,2021-02-16T10:29:07.382Z
e83aa3,3,32,3,t,b9f221,2021-03-10T19:41:37.161Z
e31d39,4,10,3,t,b9f221,2021-03-10T19:41:37.161Z
72f5d4,5,19,3,t,b9f221,2021-03-10T19:41:37.161Z
9ec847,1,54,3,t,b9f221,2021-03-10T19:41:37.161Z
5d267b,4,40,3,t,b9f221,2021-03-10T19:41:37.161Z
2a2353,5,57,3,t,b9f221,2021-03-10T19:41:37.161Z
f084eb,5,36,3,t,b9f221,2021-03-10T19:41:37.161Z
e83aa3,2,32,12,t,e21f1a,2021-03-08T08:59:55.852Z
e31d39,3,10,12,t,e21f1a,2021-03-08T08:59:55.852Z
72f5d4,4,19,12,t,e21f1a,2021-03-08T08:59:55.852Z
9ec847,2,54,12,t,e21f1a,2021-03-08T08:59:55.852Z
2a2353,4,57,12,t,e21f1a,2021-03-08T08:59:55.852Z
f084eb,5,36,12,t,e21f1a,2021-03-08T08:59:55.852Z
b9a74d,4,17,12,t,e21f1a,2021-03-08T08:59:55.852Z
e83aa3,5,32,5,t,f1c999,2021-01-10T01:21:22.636Z
e31d39,3,10,5,t,f1c999,2021-01-10T01:21:22.636Z
d5e9a6,1,23,5,t,f1c999,2021-01-10T01:21:22.636Z
9ec847,5,54,5,t,f1c999,2021-01-10T01:21:22.636Z
2a2353,5,57,5,t,f1c999,2021-01-10T01:21:22.636Z
f084eb,3,36,5,t,f1c999,2021-01-10T01:21:22.636Z
2feb6b,2,29,5,t,f1c999,2021-01-10T01:21:22.636Z
e83aa3,4,32,0,f,dbbb1e,2021-01-07T21:42:29.059Z
e31d39,4,10,0,f,dbbb1e,2021-01-07T21:42:29.059Z
72f5d4,1,19,0,f,dbbb1e,2021-01-07T21:42:29.059Z
e31d39,5,10,13,f,f905a2,2021-03-07T19:15:40.233Z
d5e9a6,1,23,13,f,f905a2,2021-03-07T19:15:40.233Z
72f5d4,5,19,13,f,f905a2,2021-03-07T19:15:40.233Z
9ec847,3,54,13,f,f905a2,2021-03-07T19:15:40.233Z
5d267b,5,40,13,f,f905a2,2021-03-07T19:15:40.233Z
c8d436,2,10,13,f,f905a2,2021-03-07T19:15:40.233Z
2a2353,4,57,13,f,f905a2,2021-03-07T19:15:40.233Z
b9a74d,3,17,13,f,f905a2,2021-03-07T19:15:40.233Z
c4a632,1,13,6,t,ba59c1,2021-02-08T12:26:55.507Z
e83aa3,4,32,6,t,ba59c1,2021-02-08T12:26:55.507Z
72f5d4,1,19,6,t,ba59c1,2021-02-08T12:26:55.507Z
9ec847,2,54,6,t,ba59c1,2021-02-08T12:26:55.507Z
5d267b,5,40,6,t,ba59c1,2021-02-08T12:26:55.507Z
c8d436,1,10,6,t,ba59c1,2021-02-08T12:26:55.507Z
f084eb,2,36,6,t,ba59c1,2021-02-08T12:26:55.507Z
c4a632,5,13,12,f,15cfae,2021-02-09T22:01:44.659Z
e31d39,3,10,12,f,15cfae,2021-02-09T22:01:44.659Z
d5e9a6,5,23,12,f,15cfae,2021-02-09T22:01:44.659Z
72f5d4,3,19,12,f,15cfae,2021-02-09T22:01:44.659Z
5d267b,1,40,12,f,15cfae,2021-02-09T22:01:44.659Z
c8d436,3,10,12,f,15cfae,2021-02-09T22:01:44.659Z
2a2353,5,57,12,f,15cfae,2021-02-09T22:01:44.659Z
f084eb,5,36,12,f,15cfae,2021-02-09T22:01:44.659Z
b9a74d,4,17,12,f,15cfae,2021-02-09T22:01:44.659Z
2feb6b,2,29,12,f,15cfae,2021-02-09T22:01:44.659Z
e83aa3,4,32,14,f,72cd63,2021-01-13T12:47:38.630Z
e31d39,4,10,14,f,72cd63,2021-01-13T12:47:38.630Z
72f5d4,4,19,14,f,72cd63,2021-01-13T12:47:38.630Z
9ec847,2,54,14,f,72cd63,2021-01-13T12:47:38.630Z
5d267b,5,40,14,f,72cd63,2021-01-13T12:47:38.630Z
c8d436,1,10,14,f,72cd63,2021-01-13T12:47:38.630Z
2a2353,1,57,14,f,72cd63,2021-01-13T12:47:38.630Z
f084eb,3,36,14,f,72cd63,2021-01-13T12:47:38.630Z
2feb6b,2,29,14,f,72cd63,2021-01-13T12:47:38.630Z
c4a632,3,13,13,t,f15ab3,2021-03-20T12:01:22.944Z
e83aa3,5,32,13,t,f15ab3,2021-03-20T12:01:22.944Z
d5e9a6,5,23,13,t,f15ab3,2021-03-20T12:01:22.944Z
9ec847,1,54,13,t,f15ab3,2021-03-20T12:01:22.944Z
2a2353,3,57,13,t,f15ab3,2021-03-20T12:01:22.944Z
e83aa3,5,32,1,t,93620b,2021-03-01T07:11:24.662Z
d5e9a6,2,23,1,t,93620b,2021-03-01T07:11:24.662Z
5d267b,2,40,1,t,93620b,2021-03-01T07:11:24.662Z
